id,type,address,neighbourhood,rent,totalCost,area,bedrooms,bathrooms,parkingSpaces,isFurnished,segment,rentPerSqm
895509451,StudioOuKitchenette,Rua Vergueiro,Vila Mariana,2880,4192,26,0,1,0,True,studio_0q,110.77
893487044,StudioOuKitchenette,Rua Doutor Bacelar,Vila Clementino,2496,3300,26,0,1,0,True,studio_0q,96.0
895005346,StudioOuKitchenette,Avenida Santo Amaro,Jardim das Acacias,2080,2836,23,0,1,0,False,studio_0q,90.43
892948980,StudioOuKitchenette,Rua Serra de Bragança,Vila Gomes Cardim,2784,3394,35,0,1,1,False,studio_0q,79.54
894009139,StudioOuKitchenette,Rua João José Pacheco,Jardim Vila Mariana,2471,3246,22,0,1,0,True,studio_0q,112.32
894452833,StudioOuKitchenette,Rua Sena Madureira,Vila Clementino,2500,3040,27,0,1,0,False,studio_0q,92.59
894740583,StudioOuKitchenette,Avenida Vereador José Diniz,Santo Amaro,2580,3042,28,0,1,0,True,studio_0q,92.14
895152036,StudioOuKitchenette,Rua Dona Brígida,Vila Mariana,2600,3424,25,0,1,0,False,studio_0q,104.0
894084838,StudioOuKitchenette,Rua Stela Marina,Brooklin,4900,5739,25,0,1,0,True,studio_0q,196.0
894566299,StudioOuKitchenette,Rua Artur Prado,Bela Vista,2916,3454,26,0,1,0,False,studio_0q,112.15
895027061,StudioOuKitchenette,Rua Coronel Luís Barroso,Santo Amaro,2900,4278,70,0,1,1,False,studio_0q,41.43
894879177,StudioOuKitchenette,Rua Borges Lagoa,Vila Clementino,2890,3768,27,0,1,0,True,studio_0q,107.04
894621441,StudioOuKitchenette,Rua Laplace,Campo Belo,2500,3400,24,0,1,0,True,studio_0q,104.17
895229497,StudioOuKitchenette,Avenida Doutor Chucri Zaidan,Vila Cordeiro,4100,4758,24,0,1,0,False,studio_0q,170.83
894648810,StudioOuKitchenette,Rua Álvaro Guimarães,Bela Vista,6000,7253,32,0,1,1,True,studio_0q,187.5
895311121,StudioOuKitchenette,Rua das Sempre-vivas,Jardim das Acacias,2570,3345,22,0,1,0,True,studio_0q,116.82
895287669,StudioOuKitchenette,Avenida Onze de Junho,Vila Clementino,3000,3716,25,0,1,1,False,studio_0q,120.0
895311124,StudioOuKitchenette,Rua das Sempre-vivas,Jardim das Acacias,2570,3345,22,0,1,0,True,studio_0q,116.82
895181115,StudioOuKitchenette,Rua Coronel Lisboa,Vila Mariana,2100,2953,21,0,1,0,True,studio_0q,100.0
894728837,StudioOuKitchenette,Rua Gualaxo,Aclimação,2700,3248,27,0,1,0,True,studio_0q,100.0
895527598,StudioOuKitchenette,Rua Loefgren,Vila Clementino,2620,3135,26,0,1,0,True,studio_0q,100.77
895360749,StudioOuKitchenette,Rua Santo Amaro,Bela Vista,2852,3816,39,0,1,1,True,studio_0q,73.13
893073595,StudioOuKitchenette,Rua Tabatinguera,Sé,1850,2371,22,0,1,0,True,studio_0q,84.09
895425892,StudioOuKitchenette,Rua Estevão Baião,Vila Congonhas,3100,3587,34,0,1,0,False,studio_0q,91.18
895059720,StudioOuKitchenette,Rua Barata Ribeiro,Bela Vista,2510,3302,23,0,1,0,True,studio_0q,109.13
895629248,StudioOuKitchenette,Avenida da Liberdade,Liberdade,2050,2526,30,0,1,0,True,studio_0q,68.33
894088462,StudioOuKitchenette,Avenida Vereador José Diniz,Campo Belo,2100,3181,45,0,1,1,False,studio_0q,46.67
894734277,StudioOuKitchenette,Rua Coronel Lisboa,Vila Mariana,2800,3607,21,0,1,0,True,studio_0q,133.33
894698761,StudioOuKitchenette,Avenida Brigadeiro Luís Antônio,Bela Vista,1270,1379,18,0,1,0,False,studio_0q,70.56
894802662,StudioOuKitchenette,Rua João de Lacerda Soares,Jardim das Acacias,3300,3875,31,0,1,0,False,studio_0q,106.45
894885888,StudioOuKitchenette,Rua Cancioneiro de Évora,Santo Amaro,2590,3436,25,0,1,0,True,studio_0q,103.6
894857700,StudioOuKitchenette,Rua Alexandre Dumas,Chácara Santo Antônio (zona Sul),3350,4138,25,0,1,0,True,studio_0q,134.0
894386103,StudioOuKitchenette,Rua Stela Marina,Campo Belo,5900,6757,24,0,1,1,True,studio_0q,245.83
894139400,StudioOuKitchenette,Rua Joaquim Oliveira Freitas,Vila Mangalot,1350,1462,30,0,1,0,False,studio_0q,45.0
893914744,StudioOuKitchenette,Rua da Consolação,República,2150,2868,21,0,1,0,True,studio_0q,102.38
894025612,StudioOuKitchenette,Avenida Vereador José Diniz,Santo Amaro,3500,4037,25,0,1,0,True,studio_0q,140.0
895585509,StudioOuKitchenette,Avenida Jabaquara,Mirandópolis,4000,4654,28,0,1,0,True,studio_0q,142.86
893976325,StudioOuKitchenette,Rua Dráusio,Butantã,2580,3171,28,0,1,0,False,studio_0q,92.14
894135972,StudioOuKitchenette,Rua Stela Marina,Brooklin Paulista,2558,3287,24,0,1,0,True,studio_0q,106.58
895311546,StudioOuKitchenette,Rua João de Sousa Dias,Campo Belo,3000,3752,28,0,1,0,True,studio_0q,107.14
894646605,StudioOuKitchenette,Rua Artur Prado,Paraíso,3450,3983,26,0,1,0,True,studio_0q,132.69
895311304,StudioOuKitchenette,Rua das Sempre-vivas,Jardim das Acacias,2570,3345,22,0,1,0,True,studio_0q,116.82
895244864,StudioOuKitchenette,Rua Professor Doutor José Marques da Cruz,Jardim das Acacias,2580,3281,26,0,1,0,True,studio_0q,99.23
894643427,StudioOuKitchenette,Avenida General Ataliba Leonel,Santana,1450,3730,35,0,1,1,False,studio_0q,41.43
894551894,StudioOuKitchenette,Rua das Sempre-vivas,Jardim das Acacias,2750,3506,22,0,1,0,True,studio_0q,125.0
895592007,StudioOuKitchenette,Rua José de Albuquerque,Tucuruvi,2990,3627,29,0,1,0,True,studio_0q,103.1
895433676,StudioOuKitchenette,Rua Tabatinguera,Sé,1470,2172,23,0,1,0,False,studio_0q,63.91
894809933,StudioOuKitchenette,Rua Doutor Penaforte Mendes,Bela Vista,10000,11011,26,0,1,1,True,studio_0q,384.62
895310445,StudioOuKitchenette,Rua das Sempre-vivas,Jardim das Acacias,2570,3345,22,0,1,0,True,studio_0q,116.82
895351930,StudioOuKitchenette,Rua Galileu,Jardim Aeroporto,2160,2660,40,0,1,0,False,studio_0q,54.0
895172320,StudioOuKitchenette,Rua Galofre,Chácara Klabin,2160,2847,24,0,1,0,False,studio_0q,90.0
895463871,StudioOuKitchenette,Viaduto Santa Generosa,Paraíso,3020,3679,26,0,1,0,True,studio_0q,116.15
894510839,StudioOuKitchenette,Av. Santo Amaro,Santo Amaro,1950,2909,29,0,1,0,True,studio_0q,67.24
894915369,StudioOuKitchenette,Rua Joaquim Guarani,Jardim das Acacias,3040,3614,19,0,1,0,True,studio_0q,160.0
894406917,StudioOuKitchenette,Rua Pedro Taques,Consolação,3400,4032,30,0,1,0,True,studio_0q,113.33
894668852,StudioOuKitchenette,Rua Senador Milton Campos,Santo Amaro,2392,3134,23,0,1,0,False,studio_0q,104.0
894744025,StudioOuKitchenette,Rua Doutor Bacelar,Vila Clementino,5000,5753,26,0,1,0,True,studio_0q,192.31
894723186,StudioOuKitchenette,Viaduto Santa Generosa,Paraíso,3500,4105,20,0,1,0,True,studio_0q,175.0
894921199,StudioOuKitchenette,Rua Baronesa de Bela Vista,Vila Congonhas,2500,2846,27,0,1,0,False,studio_0q,92.59
895537727,StudioOuKitchenette,Rua Santo Amaro,Bela Vista,2430,2873,29,0,1,0,True,studio_0q,83.79
892872031,StudioOuKitchenette,Avenida Alcântara Machado,Brás,1200,1461,25,0,1,0,False,studio_0q,48.0
894494037,StudioOuKitchenette,Rua Paim,Bela Vista,1955,2930,25,0,1,0,False,studio_0q,78.2
894718776,StudioOuKitchenette,Rua Caio Prado,Consolação,2300,2986,53,0,1,1,False,studio_0q,43.4
895151333,StudioOuKitchenette,Rua Domingos de Morais,Vila Mariana,2890,3718,24,0,1,0,True,studio_0q,120.42
895275829,StudioOuKitchenette,Rua Augusta,Consolação,4650,5371,23,0,1,0,True,studio_0q,202.17
895254626,StudioOuKitchenette,Rua Doutor Bacelar,Vila Clementino,2700,3304,26,0,1,0,False,studio_0q,103.85
895269249,StudioOuKitchenette,Rua Ministro Luiz Gallotti,Vila Cordeiro,3200,4233,25,0,1,0,True,studio_0q,128.0
895365070,StudioOuKitchenette,Rua João de Sousa Dias,Campo Belo,3000,3816,35,0,1,0,True,studio_0q,85.71
895269936,StudioOuKitchenette,Rua Borges Lagoa,Vila Clementino,3200,3923,27,0,1,0,False,studio_0q,118.52
895311318,StudioOuKitchenette,Rua das Sempre-vivas,Jardim das Acacias,2570,3345,22,0,1,0,True,studio_0q,116.82
895441032,StudioOuKitchenette,Rua Godói Colaço,Vila Cordeiro,2540,3099,25,0,1,0,True,studio_0q,101.6
895314940,StudioOuKitchenette,Rua Borges Lagoa,Vila Clementino,3200,4171,36,0,1,0,True,studio_0q,88.89
894592902,StudioOuKitchenette,Avenida Jabaquara,Mirandópolis,3000,4276,32,0,1,0,True,studio_0q,93.75
895311289,StudioOuKitchenette,Rua das Sempre-vivas,Jardim das Acacias,2570,3345,22,0,1,0,True,studio_0q,116.82
895531173,StudioOuKitchenette,Rua Sena Madureira,Vila Clementino,1820,2458,26,0,1,0,False,studio_0q,70.0
894437685,StudioOuKitchenette,Rua Eleutério,Brooklin,3165,3739,25,0,1,0,True,studio_0q,126.6
894735296,StudioOuKitchenette,Avenida Adolfo Pinheiro,Santo Amaro,1965,2537,26,0,1,0,True,studio_0q,75.58
895228218,StudioOuKitchenette,Avenida Armando Ferrentini,Paraíso,2160,2952,22,0,1,0,True,studio_0q,98.18
895410694,StudioOuKitchenette,Rua Madre Cabrini,Vila Mariana,3000,3791,22,0,1,0,True,studio_0q,136.36
893959832,StudioOuKitchenette,Rua Bartolomeu de Gusmão,Vila Mariana,2340,2920,26,0,1,0,True,studio_0q,90.0
895545001,StudioOuKitchenette,Rua Domingos de Morais,Vila Mariana,8000,9334,29,0,1,0,False,studio_0q,275.86
895351881,StudioOuKitchenette,Rua Galileu,Jardim Aeroporto,2230,2733,40,0,1,0,False,studio_0q,55.75
894698760,StudioOuKitchenette,Avenida Brigadeiro Luís Antônio,Bela Vista,1591,1713,20,0,1,0,False,studio_0q,79.55
893787199,StudioOuKitchenette,Rua Santa Lúcia,Cidade Mãe do Céu,1100,1492,22,0,1,0,False,studio_0q,50.0
895556127,StudioOuKitchenette,Rua Mairinque,Vila Clementino,3190,4088,27,0,1,0,True,studio_0q,118.15
893235132,StudioOuKitchenette,Rua Ciro Costa,Perdizes,2468,3288,30,0,1,1,True,studio_0q,82.27
894004660,StudioOuKitchenette,Rua Agostinho Rodrigues Filho,Vila Clementino,3060,3803,27,0,1,0,True,studio_0q,113.33
894759051,StudioOuKitchenette,Avenida Leôncio de Magalhães,Jardim São Paulo,1898,2576,35,0,1,0,False,studio_0q,54.23
895452828,StudioOuKitchenette,Rua Eulo Maroni,Vila Lageado,900,1635,20,0,1,0,False,studio_0q,45.0
894515533,StudioOuKitchenette,Rua Coronel Lisboa,Vila Mariana,2200,3039,22,0,1,0,True,studio_0q,100.0
895427032,StudioOuKitchenette,Rua Doutor Diogo de Faria,Vila Clementino,3200,3838,29,0,1,0,True,studio_0q,110.34
894230593,StudioOuKitchenette,Rua Humberto I,Vila Mariana,2980,3593,26,0,1,0,False,studio_0q,114.62
895526840,StudioOuKitchenette,Avenida Nove de Julho,Bela Vista,1360,1985,34,0,1,0,False,studio_0q,40.0
893768076,StudioOuKitchenette,Rua Serra de Bragança,Vila Gomes Cardim,1850,2010,35,0,1,0,False,studio_0q,52.86
894351142,StudioOuKitchenette,Avenida Santo Amaro,Santo Amaro,3320,4118,29,0,1,0,True,studio_0q,114.48
894753764,StudioOuKitchenette,Rua da Consolação,Consolação,2600,3720,35,0,1,0,True,studio_0q,74.29
895596475,StudioOuKitchenette,Avenida Água Fria,Santana,2500,3170,26,0,1,0,False,studio_0q,96.15
895480059,StudioOuKitchenette,Rua Pedro Taques,Consolação,4300,5227,44,0,1,0,True,studio_0q,97.73
895525481,StudioOuKitchenette,Rua Professor Doutor José Marques da Cruz,Jardim das Acacias,2890,3801,27,0,1,0,True,studio_0q,107.04
894883501,StudioOuKitchenette,Rua Frei Vicente do Salvador,Santana,1700,2150,31,0,1,0,False,studio_0q,54.84
894982802,StudioOuKitchenette,Rua Eleutério,Brooklin,3250,3991,25,0,1,0,True,studio_0q,130.0
895248117,StudioOuKitchenette,Rua Professor Doutor José Marques da Cruz,Jardim das Acacias,3000,3764,25,0,1,0,True,studio_0q,120.0
895053245,StudioOuKitchenette,Rua Juréia,Chácara Inglesa,1900,2659,58,0,1,0,False,studio_0q,32.76
895199711,StudioOuKitchenette,Rua Doutor Natalino Righeto,Tucuruvi,3300,3897,26,0,1,0,True,studio_0q,126.92
895311191,StudioOuKitchenette,Rua das Sempre-vivas,Jardim das Acacias,2570,3345,22,0,1,0,True,studio_0q,116.82
895311113,StudioOuKitchenette,Rua das Sempre-vivas,Jardim das Acacias,2570,3345,22,0,1,0,True,studio_0q,116.82
895358712,StudioOuKitchenette,Rua Augusta,Consolação,3500,4325,28,0,1,0,True,studio_0q,125.0
894958791,StudioOuKitchenette,Rua Professor Doutor José Marques da Cruz,Jardim das Acacias,2560,3409,27,0,1,0,True,studio_0q,94.81
893949255,StudioOuKitchenette,Rua Bela Cintra,Consolação,2800,3608,25,0,1,0,True,studio_0q,112.0
894401911,StudioOuKitchenette,Rua Coronel Lisboa,Vila Mariana,2820,3397,23,0,1,0,True,studio_0q,122.61
895365285,StudioOuKitchenette,Rua Frei Caneca,Consolação,1990,2606,24,0,1,0,False,studio_0q,82.92
893106257,StudioOuKitchenette,Rua Santo Amaro,Bela Vista,2500,2994,27,0,1,0,True,studio_0q,92.59
895311174,StudioOuKitchenette,Rua das Sempre-vivas,Jardim das Acacias,2570,3345,22,0,1,0,True,studio_0q,116.82
895388312,StudioOuKitchenette,Rua Frei Caneca,Consolação,2720,3209,25,0,1,0,False,studio_0q,108.8
894954931,StudioOuKitchenette,Rua Marquês de Olinda,Vila Dom Pedro I,1690,2405,30,0,1,0,False,studio_0q,56.33
895286235,StudioOuKitchenette,Praça Dom José Gaspar,República,2140,2848,31,0,1,0,True,studio_0q,69.03
894890810,StudioOuKitchenette,Rua Stela Marina,Brooklin Paulista,3172,3792,23,0,1,0,True,studio_0q,137.91
895599564,StudioOuKitchenette,Rua Alfredo Pujol,Santana,4250,5172,63,0,1,1,True,studio_0q,67.46
895270583,StudioOuKitchenette,Avenida Vital Brasil,Butantã,3600,4286,26,0,1,0,True,studio_0q,138.46
894632696,StudioOuKitchenette,Rua Eleutério,Brooklin Paulista,2700,3357,25,0,1,0,True,studio_0q,108.0
894421993,StudioOuKitchenette,Rua Alméria,Vila Granada,2252,2281,40,0,1,1,False,studio_0q,56.3
895499609,StudioOuKitchenette,Rua Galofre,Jardim Vila Mariana,2600,3325,28,0,1,0,True,studio_0q,92.86
895059361,StudioOuKitchenette,Rua Vergueiro,Vila Mariana,2900,3450,29,0,1,0,True,studio_0q,100.0
894739770,StudioOuKitchenette,Rua Heinrich Hertz,Itaim Bibi,3500,6002,29,0,1,1,False,studio_0q,120.69
895449947,StudioOuKitchenette,Rua Borges Lagoa,Vila Clementino,4530,5486,31,0,1,0,True,studio_0q,146.13
895211302,StudioOuKitchenette,Rua Domingos de Morais,Vila Mariana,2300,2999,32,0,1,0,False,studio_0q,71.88
895583552,StudioOuKitchenette,Rua Professor Doutor José Marques da Cruz,Jardim das Acacias,2700,3429,25,0,1,0,True,studio_0q,108.0
895055129,StudioOuKitchenette,Rua Cacilda Becker,Jardim das Acacias,2910,3449,26,0,1,0,True,studio_0q,111.92
894305183,StudioOuKitchenette,Rua Doutora Neyde Apparecida Sollitto,Vila Clementino,920,955,18,0,1,0,False,studio_0q,51.11
894813935,StudioOuKitchenette,Rua Cacilda Becker,Jardim das Acacias,1900,2624,25,0,1,0,False,studio_0q,76.0
895369285,StudioOuKitchenette,Rua Luís Góis,Vila Clementino,2390,3266,26,0,1,0,True,studio_0q,91.92
894756933,StudioOuKitchenette,Rua Benvinda Aparecida de Abreu Leme,Santana,2500,2911,25,0,1,1,False,studio_0q,100.0
895488304,StudioOuKitchenette,Rua Itapeva,Bela Vista,7000,8150,20,0,1,0,True,studio_0q,350.0
894638654,StudioOuKitchenette,Rua Constantino de Sousa,Campo Belo,3570,3940,25,0,1,0,True,studio_0q,142.8
895171773,StudioOuKitchenette,Avenida Vereador José Diniz,Santo Amaro,3198,3914,27,0,1,0,True,studio_0q,118.44
894528743,StudioOuKitchenette,Rua Professor Doutor José Marques da Cruz,Jardim das Acácias,4100,5008,25,0,1,0,True,studio_0q,164.0
895257496,StudioOuKitchenette,Rua Professor Doutor José Marques da Cruz,Jardim das Acacias,2520,3517,28,0,1,0,False,studio_0q,90.0
895244760,StudioOuKitchenette,Rua João de Lacerda Soares,Jardim das Acacias,6000,7157,32,0,1,1,True,studio_0q,187.5
894860249,StudioOuKitchenette,Avenida Bosque da Saúde,Vila da Saúde,1622,2283,25,0,1,0,False,studio_0q,64.88
894918099,StudioOuKitchenette,Rua Conselheiro Moreira de Barros,Lauzane Paulista,1640,2132,29,0,1,0,False,studio_0q,56.55
894289101,StudioOuKitchenette,Rua Stela Marina,Brooklin Paulista,2900,3557,23,0,1,0,True,studio_0q,126.09
895311168,StudioOuKitchenette,Rua das Sempre-vivas,Jardim das Acacias,2570,3345,22,0,1,0,True,studio_0q,116.82
895533345,StudioOuKitchenette,Avenida das Belezas,Vila Plana,1340,1671,16,0,1,0,False,studio_0q,83.75
895066621,StudioOuKitchenette,Rua Doutor Diogo de Faria,Vila Clementino,3300,3985,20,0,1,0,False,studio_0q,165.0
895390831,StudioOuKitchenette,Avenida Jamaris,Planalto Paulista,3440,4473,27,0,1,0,True,studio_0q,127.41
894697355,StudioOuKitchenette,Rua Professor Doutor José Marques da Cruz,Jardim das Acacias,2900,3662,25,0,1,0,True,studio_0q,116.0
894902707,StudioOuKitchenette,Rua Vinte E Oito de Setembro,Vila Dom Pedro I,2184,2756,27,0,1,1,False,studio_0q,80.89
895379570,StudioOuKitchenette,Rua Bela Cintra,Consolação,3530,4508,34,0,1,1,True,studio_0q,103.82
895640903,StudioOuKitchenette,Rua Humberto I,Vila Mariana,2880,3491,17,0,1,0,True,studio_0q,169.41
893919035,StudioOuKitchenette,Rua Doutor Penaforte Mendes,Bela Vista,2179,2803,23,0,1,0,False,studio_0q,94.74
895505550,StudioOuKitchenette,Avenida Doutor Chucri Zaidan,Vila Cordeiro,2750,3423,24,0,1,0,False,studio_0q,114.58
894293657,StudioOuKitchenette,Rua Stela Marina,Brooklin Paulista,2640,3441,23,0,1,0,True,studio_0q,114.78
894704981,StudioOuKitchenette,Rua Professor Doutor José Marques da Cruz,Jardim das Acacias,2700,3434,25,0,1,0,True,studio_0q,108.0
894532575,StudioOuKitchenette,Rua Barata Ribeiro,Bela Vista,2797,7905,28,0,1,1,True,studio_0q,99.89
895210928,StudioOuKitchenette,Rua Cacilda Becker,Jardim das Acacias,2430,3024,27,0,1,0,False,studio_0q,90.0
895371435,StudioOuKitchenette,Rua Professor Doutor José Marques da Cruz,Jardim das Acacias,2570,3361,26,0,1,0,False,studio_0q,98.85
895587487,StudioOuKitchenette,Rua Madre Cabrini,Vila Mariana,2856,3591,24,0,1,0,True,studio_0q,119.0
894413223,StudioOuKitchenette,Rua Major Diogo,Bela Vista,3493,3628,19,0,1,0,True,studio_0q,183.84
895007237,StudioOuKitchenette,Rua Cacilda Becker,Jardim das Acacias,2100,2704,25,0,1,0,False,studio_0q,84.0
895605533,StudioOuKitchenette,Rua Borges Lagoa,Vila Clementino,3320,4093,30,0,1,0,True,studio_0q,110.67
894698762,StudioOuKitchenette,Avenida Brigadeiro Luís Antônio,Bela Vista,1400,1514,20,0,1,0,False,studio_0q,70.0
895154262,StudioOuKitchenette,Rua Avanhandava,Consolação,2360,3106,25,0,1,0,True,studio_0q,94.4
894689026,StudioOuKitchenette,Rua João de Sousa Dias,Campo Belo,3600,4559,34,0,1,0,True,studio_0q,105.88
895402904,StudioOuKitchenette,Rua Tabatinguera,Sé,1600,2233,25,0,1,0,True,studio_0q,64.0
895515605,StudioOuKitchenette,Avenida Doutor Chucri Zaidan,Vila Cordeiro,2540,3088,24,0,1,0,True,studio_0q,105.83
895105104,StudioOuKitchenette,Rua Cacilda Becker,Jardim das Acacias,1768,32636,24,0,1,0,False,studio_0q,73.67
894267053,StudioOuKitchenette,Rua Otávio Tarquínio de Sousa,Campo Belo,3990,4631,25,0,1,0,True,studio_0q,159.6
894088264,StudioOuKitchenette,Rua Desembargador Aragao,Jardim Vila Mariana,2570,3239,22,0,1,0,True,studio_0q,116.82
894701202,StudioOuKitchenette,Rua Eleutério,Brooklin,2704,3409,33,0,1,0,False,studio_0q,81.94
894971159,StudioOuKitchenette,Rua Doutor Olavo Egídio,Santana,1800,2303,24,0,1,0,False,studio_0q,75.0
895152031,StudioOuKitchenette,Rua Dona Brígida,Vila Mariana,2600,3424,23,0,1,0,False,studio_0q,113.04
895095544,StudioOuKitchenette,Rua Barata Ribeiro,Bela Vista,3880,5025,52,0,1,0,True,studio_0q,74.62
895114520,StudioOuKitchenette,Rua Coronel Lisboa,Vila Mariana,2600,3299,23,0,1,0,True,studio_0q,113.04
894676684,StudioOuKitchenette,Rua Coronel Lisboa,Vila Mariana,2300,3114,23,0,1,0,True,studio_0q,100.0
894670825,StudioOuKitchenette,Rua Vieira de Morais,Campo Belo,2360,3215,25,0,1,0,False,studio_0q,94.4
895240411,StudioOuKitchenette,Rua Santo Antônio,Bela Vista,2430,3073,67,0,1,0,False,studio_0q,36.27
895531044,StudioOuKitchenette,Rua Mairinque,Vila Clementino,2640,3192,28,0,1,0,False,studio_0q,94.29
894806225,StudioOuKitchenette,Rua Guaraiúva,Cidade Monções,2500,2596,30,0,1,0,True,studio_0q,83.33
895278551,StudioOuKitchenette,Rua Augusta,Consolação,3100,3712,20,0,1,0,True,studio_0q,155.0
894987506,StudioOuKitchenette,Rua Ettore Lantieri,Sacomã,2978,3593,30,0,1,0,True,studio_0q,99.27
895140437,StudioOuKitchenette,Rua Genebra,Bela Vista,3500,4415,38,0,1,0,True,studio_0q,92.11
895311182,StudioOuKitchenette,Rua das Sempre-vivas,Jardim das Acacias,2570,3345,22,0,1,0,True,studio_0q,116.82
895059723,StudioOuKitchenette,Rua Barata Ribeiro,Bela Vista,2240,3024,23,0,1,0,True,studio_0q,97.39
895311151,StudioOuKitchenette,Rua das Sempre-vivas,Jardim das Acacias,2570,3345,22,0,1,0,True,studio_0q,116.82
895271309,StudioOuKitchenette,Rua Agostinho Rodrigues Filho,Vila Clementino,2800,3808,24,0,1,0,False,studio_0q,116.67
895311147,StudioOuKitchenette,Rua das Sempre-vivas,Jardim das Acacias,2570,3345,22,0,1,0,True,studio_0q,116.82
895311202,StudioOuKitchenette,Rua das Sempre-vivas,Jardim das Acacias,2570,3345,22,0,1,0,True,studio_0q,116.82
895311236,StudioOuKitchenette,Avenida Afonso Mariano Fagundes,Vila da Saúde,2950,3852,26,0,1,0,True,studio_0q,113.46
894752381,StudioOuKitchenette,Rua Laplace,Campo Belo,2700,3284,24,0,1,0,True,studio_0q,112.5
895351948,StudioOuKitchenette,Rua Galileu,Jardim Aeroporto,2160,2660,40,0,1,0,False,studio_0q,54.0
895563796,StudioOuKitchenette,Rua Professor Doutor José Marques da Cruz,Jardim das Acacias,3400,4082,25,0,1,0,True,studio_0q,136.0
895638432,StudioOuKitchenette,Rua Cacilda Becker,Jardim das Acacias,2900,3472,26,0,1,0,False,studio_0q,111.54
895025211,StudioOuKitchenette,Rua Cancioneiro de Évora,Santo Amaro,2690,3444,24,0,1,0,False,studio_0q,112.08
894485559,StudioOuKitchenette,Rua Antônio Clemente,Jardim Sao Paulo(zona Norte),2392,2984,25,0,1,1,True,studio_0q,95.68
895095325,StudioOuKitchenette,Rua Getúlio Soares da Rocha,Jardim das Acacias,2350,3119,30,0,1,0,True,studio_0q,78.33
894659364,StudioOuKitchenette,Rua Professor Doutor José Marques da Cruz,Jardim das Acácias,3700,4565,29,0,1,0,True,studio_0q,127.59
894806243,StudioOuKitchenette,Rua Guaraiúva,Cidade Monções,3100,3262,30,0,1,0,True,studio_0q,103.33
895263409,StudioOuKitchenette,Avenida Santo Amaro,Brooklin,4200,4362,24,0,1,0,True,studio_0q,175.0
893985418,StudioOuKitchenette,Rua Vergueiro,Vila Mariana,3200,3683,28,0,1,0,True,studio_0q,114.29
895197843,StudioOuKitchenette,Rua Cacilda Becker,Jardim das Acacias,2470,3223,26,0,1,0,True,studio_0q,95.0
894788342,StudioOuKitchenette,Rua João de Lacerda Soares,Jardim das Acacias,2900,3447,32,0,1,0,False,studio_0q,90.62
895040606,StudioOuKitchenette,Avenida Onze de Junho,Vila Clementino,2700,3614,28,0,1,0,True,studio_0q,96.43
895226499,StudioOuKitchenette,Rua Otávio Tarquínio de Sousa,Campo Belo,2900,3731,28,0,1,0,True,studio_0q,103.57
894010780,StudioOuKitchenette,Rua Albino Boldasso Gabril,Vila Cruzeiro,1675,1997,44,0,1,0,False,studio_0q,38.07
894356957,StudioOuKitchenette,Rua Cardoso de Almeida,Perdizes,3200,4233,28,0,1,0,True,studio_0q,114.29
894868206,StudioOuKitchenette,Viaduto Nove de Julho,Consolação,2644,3362,22,0,1,0,True,studio_0q,120.18
895509917,StudioOuKitchenette,Rua Almirante Marques de Leão,Bela Vista,4000,4771,25,0,1,0,True,studio_0q,160.0
895516599,StudioOuKitchenette,Avenida Doutor Chucri Zaidan,Vila Cordeiro,2750,3422,24,0,1,0,True,studio_0q,114.58
895099012,StudioOuKitchenette,Avenida Nove de Julho,Consolação,2000,2513,30,0,1,0,False,studio_0q,66.67
895173429,StudioOuKitchenette,Rua Stela Marina,Brooklin,3000,3837,30,0,1,0,True,studio_0q,100.0
895344391,StudioOuKitchenette,Rua Doutor Antônio Bento,Santo Amaro,2639,3129,24,0,1,0,True,studio_0q,109.96
895567720,StudioOuKitchenette,Rua Loefgren,Vila Clementino,2430,3163,21,0,1,0,False,studio_0q,115.71
894736746,StudioOuKitchenette,Avenida Bernardino de Campos,Paraíso,3500,3957,21,0,1,0,True,studio_0q,166.67
894811637,StudioOuKitchenette,Rua Professor Doutor José Marques da Cruz,Jardim das Acacias,3300,4202,25,0,1,0,False,studio_0q,132.0
895469505,StudioOuKitchenette,Rua Barata Ribeiro,Bela Vista,2700,3555,19,0,1,0,True,studio_0q,142.11
895518298,StudioOuKitchenette,Rua Barata Ribeiro,Bela Vista,2280,3093,22,0,1,0,True,studio_0q,103.64
895336388,StudioOuKitchenette,Rua Voluntários da Pátria,Santana,1860,2645,37,0,1,0,False,studio_0q,50.27
895286120,StudioOuKitchenette,Rua da Consolação,Consolação,4400,5147,22,0,1,0,True,studio_0q,200.0
895525607,StudioOuKitchenette,Rua Doutor Diogo de Faria,Vila Clementino,2230,3136,25,0,1,0,False,studio_0q,89.2
895332343,StudioOuKitchenette,Rua Borges Lagoa,Vila Clementino,3200,3923,27,0,1,1,True,studio_0q,118.52
895577852,StudioOuKitchenette,Rua Carneiro da Cunha,Vila da Saúde,2798,3453,23,0,1,0,True,studio_0q,121.65
894592754,StudioOuKitchenette,Rua Bela Cintra,Consolação,3375,4210,25,0,1,0,True,studio_0q,135.0
895078030,StudioOuKitchenette,Rua Madre Cabrini,Vila Mariana,3400,4154,23,0,1,0,True,studio_0q,147.83
894354895,StudioOuKitchenette,Avenida Doutor Gentil de Moura,Ipiranga,2150,2680,27,0,1,0,False,studio_0q,79.63
893679742,StudioOuKitchenette,Rua Doutor Penaforte Mendes,Bela Vista,2630,3101,24,0,1,0,True,studio_0q,109.58
894390841,StudioOuKitchenette,Rua Manoel Dutra,Bela Vista,2200,2951,19,0,1,0,True,studio_0q,115.79
895076109,StudioOuKitchenette,Rua João de Sousa Dias,Campo Belo,3300,4186,25,0,1,0,True,studio_0q,132.0
895273215,StudioOuKitchenette,Rua Alfredo Pujol,Santana,1400,1454,30,0,1,1,False,studio_0q,46.67
894819789,StudioOuKitchenette,Rua João de Lacerda Soares,Jardim das Acacias,4000,4685,30,0,1,0,True,studio_0q,133.33
894866313,StudioOuKitchenette,Rua João de Sousa Dias,Campo Belo,3200,3947,28,0,1,0,True,studio_0q,114.29
895223010,StudioOuKitchenette,Rua Augusta,Consolação,3000,3639,22,0,1,0,True,studio_0q,136.36
894074249,StudioOuKitchenette,Rua Dona Ana Néri,Cambuci,1900,2514,38,0,1,0,True,studio_0q,50.0
894698765,StudioOuKitchenette,Avenida Brigadeiro Luís Antônio,Bela Vista,1450,1631,18,0,1,0,False,studio_0q,80.56
894074577,StudioOuKitchenette,Rua Dona Ana Néri,Cambuci,1900,2514,38,0,1,0,True,studio_0q,50.0
895599508,StudioOuKitchenette,Rua Alfredo Pujol,Santana,4300,5103,63,0,1,1,True,studio_0q,68.25
894676307,StudioOuKitchenette,Rua João de Lacerda Soares,Jardim das Acacias,3791,4563,32,0,1,0,True,studio_0q,118.47
894903279,StudioOuKitchenette,Rua Augusta,Consolação,2220,2843,23,0,1,0,False,studio_0q,96.52
895394048,StudioOuKitchenette,Rua Doutor Antônio Bento,Santo Amaro,2420,2938,25,0,1,0,True,studio_0q,96.8
895478203,StudioOuKitchenette,Rua Doutor Luís Barreto,Bela Vista,1790,2433,42,0,1,0,False,studio_0q,42.62
893929587,StudioOuKitchenette,Avenida Vereador José Diniz,Santo Amaro,3250,3756,25,0,1,1,False,studio_0q,130.0
894624811,StudioOuKitchenette,Rua Eleutério,Brooklin Paulista,3000,3690,26,0,1,0,True,studio_0q,115.38
894982887,StudioOuKitchenette,Avenida Armando Ferrentini,Paraíso,2195,2979,22,0,1,0,False,studio_0q,99.77
895538484,StudioOuKitchenette,Rua Almirante Marques de Leão,Bela Vista,2160,2973,27,0,1,0,False,studio_0q,80.0
895532352,StudioOuKitchenette,Rua Doutor Diogo de Faria,Vila Clementino,1840,2752,18,0,1,0,True,studio_0q,102.22
895351936,StudioOuKitchenette,Rua Galileu,Jardim Aeroporto,2160,2660,40,0,1,0,False,studio_0q,54.0
895309787,StudioOuKitchenette,Rua Cacilda Becker,Jardim das Acacias,3400,3980,22,0,1,0,True,studio_0q,154.55
894600099,StudioOuKitchenette,Rua Stela Marina,Campo Belo,4900,6089,25,0,1,0,True,studio_0q,196.0
895455530,StudioOuKitchenette,Rua Visconde de Guaratiba,Ipiranga,2120,2806,25,0,1,0,True,studio_0q,84.8
895275018,StudioOuKitchenette,Rua Doutor Penaforte Mendes,Consolação,3180,3793,27,0,1,0,True,studio_0q,117.78
894515745,StudioOuKitchenette,Rua Professor Dr. José Marques da Cruz,Jardim das Acácias,2700,3549,27,0,1,1,True,studio_0q,100.0
895586876,StudioOuKitchenette,Rua do Rosário,Vila Camargos,5500,6512,39,0,1,1,True,studio_0q,141.03
895531250,StudioOuKitchenette,Rua José Mandotti,Vila Augusta,3000,3711,45,0,1,1,True,studio_0q,66.67
895086878,StudioOuKitchenette,Rua Joaquim Miranda,Vila Augusta,2060,2183,41,0,1,1,False,studio_0q,50.24
895332535,StudioOuKitchenette,Rua Força Pública,Centro,2600,3310,30,0,1,0,False,studio_0q,86.67
895637796,StudioOuKitchenette,Rua Alvorada,Vila Olímpia,3200,3803,25,1,1,0,True,studio_1q,128.0
893650937,StudioOuKitchenette,Rua Santo Antônio,Bela Vista,960,1536,25,1,1,0,False,studio_1q,38.4
895348160,StudioOuKitchenette,Rua Pelotas,Vila Mariana,1700,2566,18,1,1,0,True,studio_1q,94.44
895350630,StudioOuKitchenette,Rua Pelotas,Vila Mariana,1700,2566,18,1,1,0,True,studio_1q,94.44
894958787,StudioOuKitchenette,Rua Desembargador Eliseu Guilherme,Paraíso,3000,4150,26,1,1,0,True,studio_1q,115.38
894942148,StudioOuKitchenette,Rua Turiassu,Perdizes,2200,2977,20,1,1,0,True,studio_1q,110.0
894210166,StudioOuKitchenette,Rua Herval,Belenzinho,1700,2258,26,1,1,0,False,studio_1q,65.38
895298890,StudioOuKitchenette,Rua Barão de Jaceguai,Campo Belo,2550,3313,21,1,1,0,True,studio_1q,121.43
895498236,StudioOuKitchenette,Avenida Santo Amaro,Brooklin,4400,5605,42,1,1,1,True,studio_1q,104.76
894905396,StudioOuKitchenette,Rua Virgílio,Vila Prudente,1750,2018,32,1,1,0,False,studio_1q,54.69
895360879,StudioOuKitchenette,Rua Guarará,Jardim Paulista,2630,5165,30,1,1,1,True,studio_1q,87.67
895585294,StudioOuKitchenette,Rua Capitão Francisco Lipi,Vila Dom Pedro Ii,2150,2635,26,1,1,0,False,studio_1q,82.69
895210461,StudioOuKitchenette,Rua da Consolação,Consolação,3410,4217,35,1,1,1,True,studio_1q,97.43
895287196,StudioOuKitchenette,Rua Itatiaia,Vila Guarani (zona Sul),2350,3407,32,1,1,0,True,studio_1q,73.44
895536882,StudioOuKitchenette,Rua Santa Madalena,Bela Vista,2959,3532,20,1,1,0,True,studio_1q,147.95
893893426,StudioOuKitchenette,Rua Ministro Godói,Perdizes,2750,3375,29,1,1,0,True,studio_1q,94.83
895007334,StudioOuKitchenette,Alameda dos Arapanés,Indianópolis,5733,6465,34,1,1,0,True,studio_1q,168.62
894729148,StudioOuKitchenette,Avenida Rebouças,Cerqueira César,4750,5686,30,1,1,0,True,studio_1q,158.33
895574345,StudioOuKitchenette,Rua 17 de Janeiro,Paraíso do Morumbi,2040,2488,36,1,1,0,True,studio_1q,56.67
894601414,StudioOuKitchenette,Rua Avanhandava,Bela Vista,1848,2469,35,1,1,0,False,studio_1q,52.8
895343865,StudioOuKitchenette,Rua Cayowaá,Perdizes,2100,2881,23,1,1,0,False,studio_1q,91.3
893713555,StudioOuKitchenette,Alameda Iraé,Indianópolis,3900,4751,50,1,1,0,True,studio_1q,78.0
894958796,StudioOuKitchenette,Rua Joaquim Guarani,Jardim das Acacias,2350,2985,20,1,1,0,True,studio_1q,117.5
894924963,StudioOuKitchenette,Rua Manoel Cruz,Vila Ernesto,1400,1807,29,1,1,0,False,studio_1q,48.28
894430116,StudioOuKitchenette,Rua Anhanguera,Barra Funda,1350,1747,15,1,1,0,True,studio_1q,90.0
895478937,StudioOuKitchenette,Rua Santo Antônio,Bela Vista,1930,2344,21,1,1,0,True,studio_1q,91.9
892919217,StudioOuKitchenette,Rua Anhaia,Bom Retiro,2548,3247,30,1,1,1,False,studio_1q,84.93
895291033,StudioOuKitchenette,Rua João de Lacerda Soares,Jardim das Acacias,3200,4257,31,1,1,0,True,studio_1q,103.23
893909689,StudioOuKitchenette,Rua João Álvares Soares,Campo Belo,1830,3480,35,1,1,1,False,studio_1q,52.29
894714718,StudioOuKitchenette,Rua Joaquim Távora,Vila Mariana,3200,3745,30,1,1,0,True,studio_1q,106.67
895269658,StudioOuKitchenette,Rua Dona Brígida - Vila Mariana São Paulo - Sp Brasil,Vila Mariana,2490,3086,24,1,1,0,True,studio_1q,103.75
894784185,StudioOuKitchenette,Rua Oscar Freire,Cerqueira César,4500,5602,28,1,1,0,True,studio_1q,160.71
895325936,StudioOuKitchenette,Rua Rego Freitas,República,4300,6066,43,1,1,0,True,studio_1q,100.0
894817915,StudioOuKitchenette,Avenida Brigadeiro Luís Antônio,Jardim Paulista,3780,4900,31,1,1,1,True,studio_1q,121.94
893720298,StudioOuKitchenette,Avenida Ipiranga,República,3488,4106,46,1,1,0,True,studio_1q,75.83
893981761,StudioOuKitchenette,Rua Santo Amaro,Bela Vista,1500,2132,30,1,1,0,False,studio_1q,50.0
892937418,StudioOuKitchenette,Rua Professor José Leite E Oiticica,Vila Gertrudes,4100,4581,32,1,1,0,True,studio_1q,128.12
895208835,StudioOuKitchenette,Rua Godói Colaço,Vila Cordeiro,2850,3412,24,1,1,0,True,studio_1q,118.75
894918193,StudioOuKitchenette,Rua Dom Bosco,Mooca,1400,1804,35,1,1,0,False,studio_1q,40.0
895182117,StudioOuKitchenette,Avenida Montemagno,Vila Formosa,1300,1600,25,1,1,0,False,studio_1q,52.0
893934610,StudioOuKitchenette,Rua Stela Marina,Brooklin Paulista,2926,3452,24,1,1,0,True,studio_1q,121.92
895325976,StudioOuKitchenette,Rua Rego Freitas,República,4400,6169,43,1,1,0,True,studio_1q,102.33
895332728,StudioOuKitchenette,Rua José Mendes Júnior,Vila Matilde,1940,2286,35,1,1,0,False,studio_1q,55.43
893370011,StudioOuKitchenette,Rua Alfredo Pujol,Santana,1275,1325,39,1,1,0,False,studio_1q,32.69
893065819,StudioOuKitchenette,Rua Conselheiro Furtado,Liberdade,2100,2659,25,1,1,0,False,studio_1q,84.0
894119041,StudioOuKitchenette,Rua Genebra,Bela Vista,2835,3504,25,1,1,0,False,studio_1q,113.4
895597350,StudioOuKitchenette,Rua Domingos Lopes da Silva,Vila Suzana,1700,2793,38,1,1,1,False,studio_1q,44.74
895608838,StudioOuKitchenette,Rua Jerônimo da Veiga,Itaim Bibi,18500,20014,38,1,1,0,True,studio_1q,486.84
894699323,StudioOuKitchenette,Avenida Duque de Caxias,Campos Elíseos,2080,2549,26,1,1,0,True,studio_1q,80.0
894547826,StudioOuKitchenette,Rua Aurora,Santa Ifigênia,2800,3362,25,1,1,0,True,studio_1q,112.0
895080690,StudioOuKitchenette,Rua Eugênio Leite,Jardim do Sol,1890,2162,30,1,1,0,True,studio_1q,63.0
895450657,StudioOuKitchenette,Rua Gen. Jardim 508 - Vila Buarque São Paulo - Sp 01223-010 Brasil,Vila Buarque,2230,3416,24,1,1,0,True,studio_1q,92.92
895424011,StudioOuKitchenette,Avenida dos Imarés,Indianópolis,3100,3904,22,1,1,0,True,studio_1q,140.91
895441455,StudioOuKitchenette,Avenida Miguel Estefno,Vila Água Funda,1290,1378,24,1,1,0,True,studio_1q,53.75
893203529,StudioOuKitchenette,Avenida dos Carinás,Indianópolis,2990,3530,27,1,1,0,False,studio_1q,110.74
895277058,StudioOuKitchenette,Rua Butantã,Pinheiros,3490,4125,25,1,1,0,True,studio_1q,139.6
895102781,StudioOuKitchenette,Rua Demóstenes,Campo Belo,4200,5062,27,1,1,0,True,studio_1q,155.56
895022184,StudioOuKitchenette,Avenida Pompéia,Pompeia,2500,3042,24,1,1,0,False,studio_1q,104.17
895066002,StudioOuKitchenette,Avenida Vieira de Carvalho,República,1666,2581,40,1,1,0,True,studio_1q,41.65
894090676,StudioOuKitchenette,Rua Girassol,Vila Madalena,5750,6671,26,1,1,0,True,studio_1q,221.15
894700280,StudioOuKitchenette,Rua Borges Lagoa,Vila Mariana,3200,4646,42,1,1,1,True,studio_1q,76.19
895384868,StudioOuKitchenette,Rua Ettore Lantieri,Sacomã,2850,3561,32,1,1,0,True,studio_1q,89.06
892853337,StudioOuKitchenette,Rua Marie Nader Calfat,Jardim Ampliação,2200,3025,34,1,1,1,True,studio_1q,64.71
895621904,StudioOuKitchenette,Rua Bianchi Bertoldi,Pinheiros,4250,4961,25,1,1,0,True,studio_1q,170.0
895533162,StudioOuKitchenette,Rua Visconde de Guaratiba,Ipiranga,2700,3638,34,1,1,0,True,studio_1q,79.41
892767467,StudioOuKitchenette,Rua Jener,Aclimação,650,1580,25,1,1,0,True,studio_1q,26.0
894981871,StudioOuKitchenette,Rua Correia Dias,Paraíso,3360,3881,24,1,1,0,True,studio_1q,140.0
895520419,StudioOuKitchenette,Rua Hipódromo,Mooca,2950,3315,26,1,1,0,False,studio_1q,113.46
895264702,StudioOuKitchenette,Rua do Estilo Barroco,Santo Amaro,3000,3633,26,1,1,0,True,studio_1q,115.38
895538461,StudioOuKitchenette,Rua Dona Júlia,Vila Mariana,2900,3762,24,1,1,0,True,studio_1q,120.83
895475377,StudioOuKitchenette,Rua Ministro Gabriel de Rezende Passos,Indianópolis,5000,6371,29,1,1,0,True,studio_1q,172.41
895581444,StudioOuKitchenette,Rua Líbero Badaró,Centro Histórico de São Paulo,2196,2826,33,1,1,0,True,studio_1q,66.55
894481579,StudioOuKitchenette,Rua Jorge Rizzo,Pinheiros,3315,4132,32,1,1,0,True,studio_1q,103.59
892896749,StudioOuKitchenette,Rua Visconde Bom Retiro,Vila São Luís(zona Oeste),1500,1558,15,1,1,0,True,studio_1q,100.0
895614340,StudioOuKitchenette,Rua Juréia,Chácara Inglesa,2020,2586,26,1,1,0,False,studio_1q,77.69
894988339,StudioOuKitchenette,Avenida Sumaré,Perdizes,2700,3334,25,1,1,0,True,studio_1q,108.0
895392504,StudioOuKitchenette,Rua Rego Freitas,República,3600,5239,37,1,1,0,True,studio_1q,97.3
893289339,StudioOuKitchenette,Rua Cubatão,Vila Mariana,2400,3730,32,1,1,1,True,studio_1q,75.0
894448561,StudioOuKitchenette,Rua João de Carvalho,Liberdade,1250,1682,34,1,1,0,False,studio_1q,36.76
894777494,StudioOuKitchenette,Rua Manoel Dutra,Bela Vista,1955,2732,29,1,1,0,False,studio_1q,67.41
895350801,StudioOuKitchenette,Rua Rego Freitas,República,2160,2837,30,1,1,0,True,studio_1q,72.0
893223949,StudioOuKitchenette,Avenida Nossa Senhora da Assunção,Vila Butantã,1500,1558,14,1,1,0,True,studio_1q,107.14
893416294,StudioOuKitchenette,Rua Clímaco Barbosa,Cambuci,1730,2294,37,1,1,0,False,studio_1q,46.76
894144028,StudioOuKitchenette,Avenida Menotti Laudisio,Jardim Cidade Pirituba,1700,2133,44,1,1,0,False,studio_1q,38.64
895377452,StudioOuKitchenette,Rua Tito,Vila Romana,2970,3345,40,1,1,0,False,studio_1q,74.25
894394479,StudioOuKitchenette,Avenida Conselheiro Carrão,Vila Carrão,1550,1735,42,1,1,0,False,studio_1q,36.9
895363968,StudioOuKitchenette,Rua Doutor Diogo de Faria,Vila Clementino,2120,2798,24,1,1,0,True,studio_1q,88.33
895392703,StudioOuKitchenette,Rua Mariz E Barros,Jardim da Gloria,3000,3116,27,1,1,0,True,studio_1q,111.11
894884917,StudioOuKitchenette,Rua Doutor Bacelar,Vila Clementino,3937,4538,25,1,1,0,True,studio_1q,157.48
894421458,StudioOuKitchenette,Rua Itaúna,Vila Maria,1880,2105,44,1,1,0,False,studio_1q,42.73
895449643,StudioOuKitchenette,Avenida Santo Amaro,Brooklin,3000,3716,25,1,1,0,True,studio_1q,120.0
895439599,StudioOuKitchenette,Largo da Lapa,Lapa de Baixo,2500,2755,28,1,1,0,False,studio_1q,89.29
895183139,StudioOuKitchenette,Rua Ibituruna,Parque Imperial,2175,2479,56,1,1,0,False,studio_1q,38.84
894564521,StudioOuKitchenette,Rua Claudionor Alves Bastos,Jardim Bonfiglioli,1000,1303,11,1,1,0,False,studio_1q,90.91
894095802,StudioOuKitchenette,Alameda dos Jurupis,Indianópolis,3200,4073,28,1,1,0,True,studio_1q,114.29
894780392,StudioOuKitchenette,Rua Airi,Vila Gomes Cardim,3600,4226,20,1,1,0,True,studio_1q,180.0
895335630,StudioOuKitchenette,Rua Conde Prates,Parque da Mooca,2100,2241,28,1,1,1,False,studio_1q,75.0
894124021,StudioOuKitchenette,Rua Baronesa de Itu,Santa Cecília,2900,3657,40,1,1,0,True,studio_1q,72.5
895199055,StudioOuKitchenette,Rua Fernão Dias,Pinheiros,3300,4043,24,1,1,0,True,studio_1q,137.5
894389317,StudioOuKitchenette,Rua Genebra,Bela Vista,1806,2720,28,1,1,0,True,studio_1q,64.5
894607647,StudioOuKitchenette,Rua Mário Augusto do Carmo,Jardim Avelino,1500,1618,10,1,1,0,False,studio_1q,150.0
893136322,StudioOuKitchenette,Rua Paim,Bela Vista,3850,4810,40,1,1,0,True,studio_1q,96.25
893453066,StudioOuKitchenette,Rua Ministro Jesuíno Cardoso,Vila Nova Conceição,8200,10280,45,1,1,1,True,studio_1q,182.22
895357336,StudioOuKitchenette,Rua Padre Antônio de Sá,Tatuapé,2400,3021,32,1,1,0,False,studio_1q,75.0
895276821,StudioOuKitchenette,Rua Casa do Ator,Vila Olímpia,3277,5007,37,1,1,1,True,studio_1q,88.57
893647319,StudioOuKitchenette,Rua Apiacás,Perdizes,2500,3555,36,1,1,0,True,studio_1q,69.44
894775925,StudioOuKitchenette,Rua Washington Luís,Centro Histórico de São Paulo,1690,2403,22,1,1,0,True,studio_1q,76.82
895055703,StudioOuKitchenette,Rua Abará,Jardim das Acacias,3060,4008,31,1,1,0,True,studio_1q,98.71
895048074,StudioOuKitchenette,Rua Fernão Dias,Pinheiros,3200,3990,23,1,1,0,True,studio_1q,139.13
895568633,StudioOuKitchenette,Rua Tito,Vila Romana,2210,3045,30,1,1,0,False,studio_1q,73.67
893006431,StudioOuKitchenette,Rua Genebra,Bela Vista,2550,3492,34,1,1,0,False,studio_1q,75.0
895622759,StudioOuKitchenette,Rua Antônio Bicudo,Pinheiros,3222,3924,26,1,1,0,True,studio_1q,123.92
893929208,StudioOuKitchenette,Rua Pretória,Vila Formosa,1400,1810,29,1,1,0,False,studio_1q,48.28
893507546,StudioOuKitchenette,Rua Gaspar Lourenço,Vila Mariana,2600,3100,25,1,1,0,True,studio_1q,104.0
894953957,StudioOuKitchenette,Rua Frei Mont8217alverne,Vila Aricanduva,2500,3535,27,1,1,0,True,studio_1q,92.59
895029358,StudioOuKitchenette,Avenida Santo Amaro,Jardim das Acacias,2980,3663,25,1,1,0,True,studio_1q,119.2
895489006,StudioOuKitchenette,Avenida Ipiranga,Aclimação,2000,2432,38,1,1,0,True,studio_1q,52.63
894822040,StudioOuKitchenette,Rua Joaquim Guarani,Jardim das Acacias,2160,2743,20,1,1,0,False,studio_1q,108.0
895533331,StudioOuKitchenette,Rua Valério de Carvalho,Pinheiros,2900,3746,25,1,1,0,True,studio_1q,116.0
895522746,StudioOuKitchenette,Rua Ettore Lantieri,Ipiranga,2130,2986,32,1,1,0,True,studio_1q,66.56
893224328,StudioOuKitchenette,Rua João Pais,Santo Amaro,1850,3022,35,1,1,0,False,studio_1q,52.86
894755600,StudioOuKitchenette,Rua Bento Freitas,República,2900,3687,28,1,1,0,True,studio_1q,103.57
893696366,StudioOuKitchenette,Rua Alves Guimarães,Pinheiros,4000,4677,25,1,1,0,True,studio_1q,160.0
895609585,StudioOuKitchenette,Rua Doutor Fadlo Haidar,Vila Olímpia,3500,4392,25,1,1,0,True,studio_1q,140.0
895599184,StudioOuKitchenette,Rua Valério de Carvalho,Pinheiros,2900,3549,25,1,1,0,True,studio_1q,116.0
894051818,StudioOuKitchenette,Rua Gabriele D’annunzio,Campo Belo,3400,4284,35,1,1,1,True,studio_1q,97.14
895542717,StudioOuKitchenette,Rua Capitão Pacheco E Chaves,Vila Prudente,1800,2230,26,1,1,0,False,studio_1q,69.23
894366013,StudioOuKitchenette,Rua Agostinho Lattari,Vila Prudente,1700,1966,27,1,1,0,False,studio_1q,62.96
893019942,StudioOuKitchenette,Avenida São Miguel,Vila Marieta,1560,1912,25,1,1,1,True,studio_1q,62.4
894000354,StudioOuKitchenette,Avenida Miruna,Indianópolis,3100,4446,38,1,1,1,True,studio_1q,81.58
895033232,StudioOuKitchenette,Rua José Manuel da Fonseca Júnior,Vila Matilde,2100,2876,27,1,1,0,False,studio_1q,77.78
895440873,StudioOuKitchenette,Alameda Raja Gabaglia,Vila Olímpia,3590,4172,24,1,1,0,True,studio_1q,149.58
894967352,StudioOuKitchenette,Rua Stela Marina,Campo Belo,3500,4286,35,1,1,0,True,studio_1q,100.0
895022208,StudioOuKitchenette,Rua Adolfo D8217ávila,Jardim Analia Franco,1990,2317,53,1,1,0,False,studio_1q,37.55
893073005,StudioOuKitchenette,Rua Augusto Reginato,Vila Carrão,1150,1530,33,1,1,0,False,studio_1q,34.85
894564721,StudioOuKitchenette,Rua Herval,Belenzinho,3500,3835,42,1,1,0,True,studio_1q,83.33
895390626,StudioOuKitchenette,Travessa Francisco Pasquali,Vila Dalva,810,841,25,1,1,0,False,studio_1q,32.4
895421067,StudioOuKitchenette,Alameda Ribeirão Preto,Bela Vista,2800,3397,25,1,1,0,True,studio_1q,112.0
893753509,StudioOuKitchenette,Rua Doutor Bacelar,Vila Clementino,2700,2809,20,1,1,0,True,studio_1q,135.0
894759783,StudioOuKitchenette,Alameda dos Nhambiquaras,Moema,3590,4528,40,1,1,1,True,studio_1q,89.75
893711018,StudioOuKitchenette,Rua Maria Antônia,Vila Buarque,1830,2667,40,1,1,0,False,studio_1q,45.75
894494282,StudioOuKitchenette,Rua dos Jacintos,Mirandópolis,3300,3948,26,1,1,0,True,studio_1q,126.92
895321146,StudioOuKitchenette,Rua Doutor Homem de Melo,Perdizes,2950,3744,30,1,1,0,False,studio_1q,98.33
895463514,StudioOuKitchenette,Rua Henrique Schaumann,Pinheiros,3000,4016,25,1,1,0,True,studio_1q,120.0
895489704,StudioOuKitchenette,Rua Quatá,Vila Olímpia,6900,8708,56,1,1,1,True,studio_1q,123.21
895053481,StudioOuKitchenette,Rua Correia Dias,Paraíso,2910,3652,24,1,1,0,True,studio_1q,121.25
894257608,StudioOuKitchenette,Rua Barata Ribeiro,Bela Vista,2350,2914,18,1,1,0,True,studio_1q,130.56
894900565,StudioOuKitchenette,Rua Chilon,Vila Olímpia,5940,7069,42,1,1,1,True,studio_1q,141.43
894726209,StudioOuKitchenette,Rua André Gouveia,Aclimação,1500,1718,20,1,1,0,True,studio_1q,75.0
895605011,StudioOuKitchenette,Rua Frei Caneca,Bela Vista,2700,3726,32,1,1,0,True,studio_1q,84.38
895135675,StudioOuKitchenette,Avenida da Liberdade,Liberdade,2850,3665,29,1,1,1,True,studio_1q,98.28
893461889,StudioOuKitchenette,Rua da Consolação,Cerqueira César,2346,3321,30,1,1,1,False,studio_1q,78.2
893719047,StudioOuKitchenette,Rua Tapari,Vila Esperança,1240,1632,23,1,1,0,False,studio_1q,53.91
895488694,StudioOuKitchenette,Alameda dos Arapanés,Indianópolis,4100,4988,28,1,1,0,True,studio_1q,146.43
895606475,StudioOuKitchenette,Rua Líbero Badaró,Centro Histórico de São Paulo,2110,2643,28,1,1,0,True,studio_1q,75.36
894907767,StudioOuKitchenette,Rua Paracuê,Sumaré,2500,3379,28,1,1,0,False,studio_1q,89.29
894132559,StudioOuKitchenette,Rua Janguruçu,Parque da Mooca,3000,3336,36,1,1,1,False,studio_1q,83.33
894478387,StudioOuKitchenette,Rua Fradique Coutinho,Vila Madalena,4500,5974,24,1,1,0,True,studio_1q,187.5
893525148,StudioOuKitchenette,Rua Doutor Cesário Mota Júnior,Vila Buarque,2400,2961,30,1,1,0,True,studio_1q,80.0
895609807,StudioOuKitchenette,Rua Marselhesa,Vila Mariana,3200,4534,35,1,1,1,True,studio_1q,91.43
894603441,StudioOuKitchenette,Avenida Roque Petroni Junior,Jardim das Acácias,3580,4518,37,1,1,0,True,studio_1q,96.76
895108752,StudioOuKitchenette,Avenida Nazaré,Ipiranga,2600,3199,29,1,1,0,True,studio_1q,89.66
893104723,StudioOuKitchenette,Rua Dona Avelina,Vila Mariana,1650,2154,24,1,1,0,True,studio_1q,68.75
893962735,StudioOuKitchenette,Rua Stela Marina,Brooklin Paulista,2690,3420,24,1,1,0,True,studio_1q,112.08
895591399,StudioOuKitchenette,Rua Fernão Dias,Pinheiros,3600,4440,25,1,1,0,True,studio_1q,144.0
895504500,StudioOuKitchenette,Rua Conde Luiz Eduardo Matarazzo,Vila São Silvestre (zona Leste),2040,2118,33,1,1,0,True,studio_1q,61.82
895450013,StudioOuKitchenette,Rua Hipódromo,Mooca,2620,3071,29,1,1,0,False,studio_1q,90.34
895527996,StudioOuKitchenette,Avenida São Gabriel,Jardim Paulista,5600,7418,43,1,1,1,True,studio_1q,130.23
893957855,StudioOuKitchenette,Avenida Corifeu de Azevedo Marques,Jd. Rio Pequeno,1700,1766,20,1,1,0,False,studio_1q,85.0
893521220,StudioOuKitchenette,Rua Paranhos Pederneiras,Vila Guilherme,861,936,20,1,1,0,False,studio_1q,43.05
895151381,StudioOuKitchenette,Rua Paulistânia,Sumarezinho,3230,3814,32,1,1,0,True,studio_1q,100.94
895595302,StudioOuKitchenette,Rua Coronel Pedro Dias de Campos,Chácara Seis de Outubro,1500,2241,36,1,1,0,False,studio_1q,41.67
895288739,StudioOuKitchenette,Rua Tenente Isaías Branco de Araújo,Vila das Belezas,1750,2233,17,1,1,0,False,studio_1q,102.94
895266861,StudioOuKitchenette,Travessa Jorge Bermudez,Itaberaba,1630,1735,23,1,1,0,False,studio_1q,70.87
894511338,StudioOuKitchenette,Avenida Santo Amaro,Vila Nova Conceição,3684,4294,27,1,1,0,True,studio_1q,136.44
894635059,StudioOuKitchenette,Rua Hipódromo,Brás,1640,1703,40,1,1,0,False,studio_1q,41.0
895130812,StudioOuKitchenette,Rua Aurora,Santa Efigênia,2500,2960,21,1,1,0,True,studio_1q,119.05
895538313,StudioOuKitchenette,Rua João de Lacerda Soares,Santo Amaro,4240,5253,32,1,1,1,True,studio_1q,132.5
895214933,StudioOuKitchenette,Rua Luís Góis,Mirandópolis,1800,2519,25,1,1,0,True,studio_1q,72.0
894856284,StudioOuKitchenette,Avenida Vereador José Diniz,Santo Amaro,3500,4128,25,1,1,0,True,studio_1q,140.0
894945028,StudioOuKitchenette,Rua Professor Doutor José Marques da Cruz,Jardim das Acacias,4500,5206,29,1,1,1,True,studio_1q,155.17
895369936,StudioOuKitchenette,Rua Casa do Ator,Vila Olímpia,4250,5139,24,1,1,0,False,studio_1q,177.08
895585215,StudioOuKitchenette,Avenida Jabaquara,Mirandópolis,4077,4614,39,1,1,0,True,studio_1q,104.54
894373987,StudioOuKitchenette,Rua Cardeal Arcoverde,Pinheiros,2898,3619,25,1,1,0,True,studio_1q,115.92
895619323,StudioOuKitchenette,Rua Dionísio da Costa,Vila Mariana,3700,5118,36,1,1,1,True,studio_1q,102.78
894377579,StudioOuKitchenette,Rua Doutor Ângelo Vita,Vila Zilda (tatuapé),2944,3502,30,1,1,0,True,studio_1q,98.13
895613000,StudioOuKitchenette,Rua Mil Oitocentos E Vinte E Dois,Ipiranga,1450,1506,18,1,1,0,False,studio_1q,80.56
895183897,StudioOuKitchenette,Rua Pedro de Toledo,Vila Clementino,3850,4202,29,1,1,0,True,studio_1q,132.76
893641818,StudioOuKitchenette,Avenida Onze de Junho,Vila Clementino,2700,3841,49,1,1,0,False,studio_1q,55.1
895234491,StudioOuKitchenette,Rua dos Crisântemos,Mirandópolis,5000,5793,28,1,1,0,True,studio_1q,178.57
895612909,StudioOuKitchenette,Rua Manoel Dutra,Bela Vista,2300,2989,20,1,1,0,False,studio_1q,115.0
895536935,StudioOuKitchenette,Rua Ettore Lantieri,Sacoma,2150,3004,32,1,1,0,True,studio_1q,67.19
894366027,StudioOuKitchenette,Rua Agostinho Lattari,Vila Prudente,1900,2174,28,1,1,0,False,studio_1q,67.86
894608770,StudioOuKitchenette,Rua Cardeal Arcoverde,Pinheiros,5000,5708,30,1,1,0,True,studio_1q,166.67
895126835,StudioOuKitchenette,Rua Márcio Humberto Gandolpho,Imirim,2200,2759,28,1,1,0,False,studio_1q,78.57
895135746,StudioOuKitchenette,Rua Sílvio de Sousa,Vila Santa Clara,2999,3614,20,1,1,0,True,studio_1q,149.95
894316724,StudioOuKitchenette,Rua Madre Cabrini,Vila Mariana,3000,3801,30,1,1,0,True,studio_1q,100.0
893610052,StudioOuKitchenette,Via Anchieta,Cidade Nova Heliópolis,1315,1366,50,1,1,0,False,studio_1q,26.3
895297264,StudioOuKitchenette,Alameda Raja Gabaglia,Vila Olímpia,3900,4518,25,1,1,0,True,studio_1q,156.0
894817143,StudioOuKitchenette,Rua Camburiú,Lapa,3000,3776,71,1,1,0,False,studio_1q,42.25
894919733,StudioOuKitchenette,Alameda Raja Gabaglia,Vila Olímpia,5320,5876,25,1,1,1,True,studio_1q,212.8
895405344,StudioOuKitchenette,Rua Manuel Madruga,Freguesia do Ó,1640,1703,30,1,1,0,False,studio_1q,54.67
895357895,StudioOuKitchenette,Avenida da Liberdade,Liberdade,2150,2750,42,1,1,0,True,studio_1q,51.19
895543212,StudioOuKitchenette,Rua Eleutério,Brooklin,3500,4135,25,1,1,0,True,studio_1q,140.0
895515397,StudioOuKitchenette,Rua Valério de Carvalho,Pinheiros,2790,3596,24,1,1,0,False,studio_1q,116.25
895554870,StudioOuKitchenette,Avenida Miruna,Indianópolis,2360,3101,24,1,1,0,True,studio_1q,98.33
895261546,StudioOuKitchenette,Rua Antônio Bicudo,Pinheiros,3367,4230,28,1,1,0,True,studio_1q,120.25
894899193,StudioOuKitchenette,Rua Doutor Suzano Brandão,Vila Aricanduva,1610,2097,28,1,1,0,False,studio_1q,57.5
895627514,StudioOuKitchenette,Rua Teresa,Quarta Parada,1150,1224,10,1,1,0,False,studio_1q,115.0
894898823,StudioOuKitchenette,Rua Padre João Gonçalves,Pinheiros,3400,4512,29,1,1,0,True,studio_1q,117.24
895068710,StudioOuKitchenette,Rua Major Sertório,Vila Buarque,3410,4131,26,1,1,0,True,studio_1q,131.15
894803906,StudioOuKitchenette,Rua Augusta,Consolação,3550,4620,35,1,1,1,True,studio_1q,101.43
894629675,StudioOuKitchenette,Avenida Montemagno,Vila Formosa,1800,2119,25,1,1,0,True,studio_1q,72.0
894227382,StudioOuKitchenette,Rua Doutor Ângelo Vita,Tatuapé,1870,2642,26,1,1,0,True,studio_1q,71.92
895313467,StudioOuKitchenette,Avenida Pompéia,Pompeia,3000,4083,25,1,1,0,True,studio_1q,120.0
895128040,StudioOuKitchenette,Rua Agissê,Jardim das Bandeiras,2600,3644,28,1,1,0,False,studio_1q,92.86
894929153,StudioOuKitchenette,Rua Amparo,Vila Prudente,1500,1813,35,1,1,0,False,studio_1q,42.86
894274842,StudioOuKitchenette,Rua Francisca Miquelina,Bela Vista,1944,2499,19,1,1,0,True,studio_1q,102.32
895102966,StudioOuKitchenette,Rua Frei Mont’alverne,Vila Aricanduva,1270,1319,43,1,1,0,False,studio_1q,29.53
895539146,StudioOuKitchenette,Rua Valério de Carvalho,Pinheiros,2900,3412,25,1,1,0,False,studio_1q,116.0
895593303,StudioOuKitchenette,Rua Engenheiro Bianor,Butantã,3800,4526,34,1,1,1,False,studio_1q,111.76
895606089,StudioOuKitchenette,Rua Visconde de Inhaúma,Vila da Saúde,2500,3296,26,1,1,0,True,studio_1q,96.15
892941289,StudioOuKitchenette,Praça Júlio Mesquita - República,Santa Efigênia,1370,1803,38,1,1,0,False,studio_1q,36.05
894058761,StudioOuKitchenette,Rua Doutor Nicolau de Sousa Queirós,Vila Mariana,3500,4491,28,1,1,0,True,studio_1q,125.0
894650499,StudioOuKitchenette,Rua Augusta,Consolação,2682,3276,22,1,1,0,True,studio_1q,121.91
894782571,StudioOuKitchenette,Rua Cláudio Soares,Pinheiros,2800,3408,26,1,1,0,False,studio_1q,107.69
893476702,StudioOuKitchenette,Rua Apiacás,Pompeia,2669,3564,25,1,1,0,True,studio_1q,106.76
894676518,StudioOuKitchenette,Rua Coronel Lisboa,Vila Mariana,2100,3275,22,1,1,0,True,studio_1q,95.45
894526332,StudioOuKitchenette,Avenida Ibirapuera,Indianópolis,2176,4244,28,1,1,1,True,studio_1q,77.71
894716744,StudioOuKitchenette,Avenida Afonso Mariano Fagundes,Vila da Saúde,2100,2724,30,1,1,0,False,studio_1q,70.0
893499689,StudioOuKitchenette,Rua Alves Guimarães,Pinheiros,5400,6172,25,1,1,0,True,studio_1q,216.0
894216125,StudioOuKitchenette,Alameda Eduardo Prado,Campos Elíseos,1550,2197,31,1,1,1,False,studio_1q,50.0
894562101,StudioOuKitchenette,Rua Aguiar de Barros,Bela Vista,3200,3613,16,1,1,0,True,studio_1q,200.0
894496190,StudioOuKitchenette,Rua Professor Doutor José Marques da Cruz,Jardim das Acacias,3500,4285,25,1,1,0,True,studio_1q,140.0
895491394,StudioOuKitchenette,Rua Antônio de Godói,República,2140,2691,40,1,1,0,True,studio_1q,53.5
895439027,StudioOuKitchenette,Rua Porangaba,Bosque da Saúde,2710,3015,32,1,1,0,False,studio_1q,84.69
895505732,StudioOuKitchenette,Rua João Ramalho,Perdizes,2900,3606,25,1,1,0,True,studio_1q,116.0
893314863,StudioOuKitchenette,Rua Álvaro de Carvalho,Centro Histórico de São Paulo,1990,2405,22,1,1,0,False,studio_1q,90.45
894743917,StudioOuKitchenette,Rua Bartira,Perdizes,3200,3975,25,1,1,0,True,studio_1q,128.0
894799299,StudioOuKitchenette,Viaduto Santa Generosa,Paraíso,2815,3757,22,1,1,0,True,studio_1q,127.95
895463322,StudioOuKitchenette,Rua Sebastião Gomes,Brooklin,4000,4454,25,1,1,0,True,studio_1q,160.0
895100692,StudioOuKitchenette,Rua Aurora,Santa Ifigênia,1600,2104,40,1,1,0,False,studio_1q,40.0
895453013,StudioOuKitchenette,Avenida Açocê,Indianópolis,5500,6318,30,1,1,0,False,studio_1q,183.33
894375664,StudioOuKitchenette,Rua Major Sertório,Vila Buarque,2850,3540,26,1,1,0,True,studio_1q,109.62
894688412,StudioOuKitchenette,Avenida Nove de Julho,Jardim Paulista,3000,3998,21,1,1,0,True,studio_1q,142.86
894737019,StudioOuKitchenette,Rua Alves Guimarães,Pinheiros,3400,4090,26,1,1,0,True,studio_1q,130.77
895515299,StudioOuKitchenette,Rua Stela Marina,Campo Belo,4000,4749,29,1,1,0,True,studio_1q,137.93
893234408,StudioOuKitchenette,Rua dos Estudantes,Sé,1830,2367,28,1,1,0,True,studio_1q,65.36
895551648,StudioOuKitchenette,Rua dos Pinheiros,Pinheiros,6332,7991,51,1,1,1,False,studio_1q,124.16
895317986,StudioOuKitchenette,Avenida Pavão,Moema,3049,3965,27,1,1,0,True,studio_1q,112.93
893929495,StudioOuKitchenette,Rua Manoel Cruz,Vila Ernesto,1500,1924,39,1,1,0,False,studio_1q,38.46
895609941,StudioOuKitchenette,Rua Cesário Galero,Tatuapé,2000,2468,28,1,1,0,False,studio_1q,71.43
894902858,StudioOuKitchenette,Rua Cabo Verde,Vila Olímpia,3750,4504,24,1,1,0,True,studio_1q,156.25
894992361,StudioOuKitchenette,Rua Cancioneiro de Évora,Santo Amaro,2600,3333,24,1,1,0,True,studio_1q,108.33
895461272,StudioOuKitchenette,Rua Galofre,Chácara Klabin,2970,4034,33,1,1,0,True,studio_1q,90.0
895626988,StudioOuKitchenette,Avenida Agami,Indianópolis,3100,4008,20,1,1,0,True,studio_1q,155.0
895445094,StudioOuKitchenette,Avenida Brigadeiro Luís Antônio,Jardim Paulista,2200,2984,25,1,1,0,True,studio_1q,88.0
895426954,StudioOuKitchenette,Rua Agostinho Cantu,Butantã,5100,7172,35,1,1,1,True,studio_1q,145.71
894665288,StudioOuKitchenette,Rua João Pais,Brooklin,2000,3261,35,1,1,0,False,studio_1q,57.14
894849561,StudioOuKitchenette,Rua Joaquim Guarani,Jardim das Acacias,2720,3497,26,1,1,0,True,studio_1q,104.62
895282286,StudioOuKitchenette,Avenida Santo Amaro,Santo Amaro,2200,2784,18,1,1,0,False,studio_1q,122.22
893917688,StudioOuKitchenette,Rua do Arouche,República,2000,2327,42,1,1,0,False,studio_1q,47.62
895315955,StudioOuKitchenette,Rua Líbero Badaró,Centro Histórico de São Paulo,1700,2233,38,1,1,0,True,studio_1q,44.74
893473533,StudioOuKitchenette,Rua Augusta,Consolação,2958,4009,40,1,1,1,True,studio_1q,73.95
895453718,StudioOuKitchenette,Rua Desembargador Eliseu Guilherme,Paraíso,2800,4108,28,1,1,0,True,studio_1q,100.0
895022077,StudioOuKitchenette,Rua Adolfo D8217ávila,Jardim Analia Franco,1660,1974,44,1,1,0,False,studio_1q,37.73
893997036,StudioOuKitchenette,Rua Bartolomeu de Gusmão,Vila Mariana,2350,3169,25,1,1,0,True,studio_1q,94.0
895317734,StudioOuKitchenette,Rua São Feliciano,Parque Sao Luis,2100,2262,40,1,1,0,False,studio_1q,52.5
894160309,StudioOuKitchenette,Rua Apiacás,Pompeia,2530,3512,31,1,1,0,True,studio_1q,81.61
895262322,StudioOuKitchenette,Avenida Jamaris,Planalto Paulista,4800,5669,26,1,1,0,True,studio_1q,184.62
895093532,StudioOuKitchenette,Viaduto Santa Generosa,Paraíso,3400,4565,22,1,1,0,True,studio_1q,154.55
895166100,StudioOuKitchenette,Avenida Nossa Senhora da Assunção,Vila Butantã,2000,2377,20,1,1,0,False,studio_1q,100.0
892927136,StudioOuKitchenette,Rua Doutor Augusto de Miranda,Vila Pompéia,3876,4771,42,1,1,1,True,studio_1q,92.29
895582691,StudioOuKitchenette,Rua Valdir Niemeyer,Pompeia,3850,4435,30,1,1,0,True,studio_1q,128.33
895338343,StudioOuKitchenette,Rua Doutor Artur Guimarães,Santana,3000,3674,45,1,1,0,False,studio_1q,66.67
895330284,StudioOuKitchenette,Rua Harmonia,Sumarezinho,2990,3606,25,1,1,0,True,studio_1q,119.6
893233314,StudioOuKitchenette,Rua Maria Carolina,Pinheiros,3700,4075,24,1,1,1,True,studio_1q,154.17
894132759,StudioOuKitchenette,Rua Janguruçu,Mooca,1800,2119,34,1,1,0,False,studio_1q,52.94
895582294,StudioOuKitchenette,Rua Sena Madureira,Vila Clementino,3050,3671,30,1,1,0,True,studio_1q,101.67
895411446,StudioOuKitchenette,Rua Valério de Carvalho,Pinheiros,2917,3511,24,1,1,0,False,studio_1q,121.54
895047232,StudioOuKitchenette,Rua São Francisco de Assis,Vila Mangalot,963,1271,16,1,1,0,False,studio_1q,60.19
895591599,StudioOuKitchenette,Alameda Raja Gabaglia,Vila Olímpia,4000,4698,24,1,1,0,True,studio_1q,166.67
893744397,StudioOuKitchenette,Rua Safira,Aclimação,2750,4205,40,1,1,1,True,studio_1q,68.75
894828717,StudioOuKitchenette,Rua Pamplona,Jardim Paulista,3700,4661,27,1,1,0,True,studio_1q,137.04
894956746,StudioOuKitchenette,Rua Barão de Vallim,Campo Belo,1880,2452,30,1,1,0,True,studio_1q,62.67
895350550,StudioOuKitchenette,Rua Pelotas,Vila Mariana,1700,2566,18,1,1,0,True,studio_1q,94.44
893674810,StudioOuKitchenette,Rua Santa Madalena,Liberdade,1620,1682,35,1,1,0,False,studio_1q,46.29
895190002,StudioOuKitchenette,Rua Coronel Artur de Paula Ferreira,Vila Nova Conceição,3000,4126,31,1,1,0,True,studio_1q,96.77
895243450,StudioOuKitchenette,Rua Casa do Ator,Vila Olímpia,4800,5587,24,1,1,0,True,studio_1q,200.0
894734828,StudioOuKitchenette,Rua Augusto Farina,Jardim Bonfiglioli,1487,1594,43,1,1,0,False,studio_1q,34.58
894285775,StudioOuKitchenette,Rua Jorge Rizzo,Pinheiros,3200,3739,24,1,1,0,True,studio_1q,133.33
895157633,StudioOuKitchenette,Rua Cristiano Viana,Cerqueira César,3190,3713,25,1,1,0,True,studio_1q,127.6
894766885,StudioOuKitchenette,Rua Francisco de Almeida Leite,Jardim Jaragua (sao Domingos),1200,1502,40,1,1,0,False,studio_1q,30.0
895268069,StudioOuKitchenette,Rua Doutor Cesário Mota Júnior,Vila Buarque,2310,2923,30,1,1,0,True,studio_1q,77.0
895438180,StudioOuKitchenette,Rua Alméria,Vila Granada,1545,1986,34,1,1,0,False,studio_1q,45.44
895580153,StudioOuKitchenette,Rua Bento Freitas,República,2420,3330,28,1,1,0,True,studio_1q,86.43
894871188,StudioOuKitchenette,Rua Girassol,Vila Madalena,2537,3341,30,1,1,0,False,studio_1q,84.57
894085763,StudioOuKitchenette,Rua Doutor Cesário Mota Júnior,Vila Buarque,1600,2093,29,1,1,0,False,studio_1q,55.17
895243361,StudioOuKitchenette,Rua Visconde de Guaratiba,Ipiranga,1880,2552,25,1,1,0,False,studio_1q,75.2
894432991,StudioOuKitchenette,Rua Manoel Dutra,Bela Vista,1562,2241,19,1,1,0,False,studio_1q,82.21
895611749,StudioOuKitchenette,Avenida Pompéia,Pompeia,4400,5153,25,1,1,0,True,studio_1q,176.0
894766709,StudioOuKitchenette,Rua Cardeal Arcoverde,Pinheiros,2900,3612,24,1,1,0,True,studio_1q,120.83
894004135,StudioOuKitchenette,Avenida Professor Ascendino Reis,Vila Clementino,2490,3216,26,1,1,0,False,studio_1q,95.77
894972765,StudioOuKitchenette,Rua Maestro Cardim,Bela Vista,3450,3733,12,1,1,0,True,studio_1q,287.5
895609095,StudioOuKitchenette,Rua Américo de Campos,Liberdade,3500,4035,29,1,1,0,True,studio_1q,120.69
892908999,StudioOuKitchenette,Rua Tucuna,Perdizes,2333,2424,17,1,1,0,True,studio_1q,137.24
895389597,StudioOuKitchenette,Rua Raul Saddi,Butantã,2590,2970,24,1,1,0,False,studio_1q,107.92
894734906,StudioOuKitchenette,Rua Doutor Penaforte Mendes,Bela Vista,3000,3902,30,1,1,1,True,studio_1q,100.0
894583073,StudioOuKitchenette,Rua Doutor Augusto de Miranda,Pompeia,3517,4435,32,1,1,1,True,studio_1q,109.91
893931201,StudioOuKitchenette,Rua Humberto I,Vila Mariana,2848,3418,17,1,1,0,True,studio_1q,167.53
895578441,StudioOuKitchenette,Rua Ministro Gabriel de Rezende Passos,Indianópolis,5500,6727,30,1,1,0,True,studio_1q,183.33
895549275,StudioOuKitchenette,Rua Bento Freitas,República,2280,3098,27,1,1,0,True,studio_1q,84.44
895551659,StudioOuKitchenette,Rua dos Pinheiros,Pinheiros,6217,7689,44,1,1,1,False,studio_1q,141.3
895535172,StudioOuKitchenette,Rua José Manuel da Fonseca Júnior,Vila Matilde,1060,1668,27,1,1,0,False,studio_1q,39.26
894870029,StudioOuKitchenette,Rua Professor Doutor José Marques da Cruz,Jardim das Acacias,3499,4364,29,1,1,1,True,studio_1q,120.66
895255409,StudioOuKitchenette,Rua Florêncio de Abreu,Centro Histórico de São Paulo,1880,2452,23,1,1,0,False,studio_1q,81.74
894846189,StudioOuKitchenette,Avenida da Liberdade,Liberdade,3328,3907,27,1,1,0,True,studio_1q,123.26
895262346,StudioOuKitchenette,Rua Anhanguera,Barra Funda,1250,1718,16,1,1,0,True,studio_1q,78.12
895089361,StudioOuKitchenette,Rua Uru,Jardim Paulistano (zona Norte),1230,1336,44,1,1,0,False,studio_1q,27.95
895471972,StudioOuKitchenette,Rua Jupuruchita,Alto da Mooca,1830,2402,28,1,1,0,True,studio_1q,65.36
894378651,StudioOuKitchenette,Rua Benedito Branco de Abreu,Jardim das Vertentes,2000,2377,22,1,1,0,True,studio_1q,90.91
893378176,StudioOuKitchenette,Rua Pereira do Lago,Vila Gomes,1100,1339,12,1,1,0,True,studio_1q,91.67
895377087,StudioOuKitchenette,Rua Mariano Procópio,Ipiranga,2600,3233,30,1,1,0,True,studio_1q,86.67
895642612,StudioOuKitchenette,Rua Miragaia,Butantã,3050,3787,25,1,1,0,True,studio_1q,122.0
895211719,StudioOuKitchenette,Avenida Armando Ferrentini,Paraíso,1980,2720,23,1,1,0,False,studio_1q,86.09
895583152,StudioOuKitchenette,Rua Lisboa,Pinheiros,3980,4917,33,1,1,1,True,studio_1q,120.61
895160289,StudioOuKitchenette,Largo do Arouche,República,2340,2800,27,1,1,0,False,studio_1q,86.67
895588264,StudioOuKitchenette,Rua Doutor João Clímaco Pereira,Itaim Bibi,3900,5391,37,1,1,1,True,studio_1q,105.41
894365898,StudioOuKitchenette,Rua Cardeal Arcoverde,Pinheiros,2590,3090,25,1,1,0,True,studio_1q,103.6
894662986,StudioOuKitchenette,Rua Espumoso,Vila Gomes Cardim,2250,2672,30,1,1,0,True,studio_1q,75.0
895311658,StudioOuKitchenette,Rua Visconde de Guaratiba,Ipiranga,2000,2518,25,1,1,0,False,studio_1q,80.0
893475847,StudioOuKitchenette,Avenida Ipiranga,República,2650,3280,26,1,1,0,True,studio_1q,101.92
895618908,StudioOuKitchenette,Rua Capote Valente,Pinheiros,5800,7438,47,1,1,1,True,studio_1q,123.4
895315962,StudioOuKitchenette,Rua Líbero Badaró,Centro Histórico de São Paulo,1800,2336,30,1,1,0,True,studio_1q,60.0
894702360,StudioOuKitchenette,Rua Madre Cabrini,Vila Mariana,2913,3637,22,1,1,0,True,studio_1q,132.41
895281748,StudioOuKitchenette,Rua Jaboticabal,Vila Oratorio,1250,1448,30,1,1,0,False,studio_1q,41.67
893387594,StudioOuKitchenette,Rua Francisca Miquelina,Bela Vista,2000,2976,31,1,1,0,False,studio_1q,64.52
895204473,StudioOuKitchenette,Rua Harmonia,Sumarezinho,4500,5282,24,1,1,0,False,studio_1q,187.5
895524122,StudioOuKitchenette,Rua Doutor Bacelar,Vila Clementino,4500,5255,26,1,1,1,False,studio_1q,173.08
895528073,StudioOuKitchenette,Alameda Campinas,Jardim Paulista,2580,4044,35,1,1,1,True,studio_1q,73.71
895073160,StudioOuKitchenette,Avenida Pompéia,Pompeia,3780,4495,27,1,1,0,True,studio_1q,140.0
895445924,StudioOuKitchenette,Rua Carolina Soares,Vila Diva,1500,1728,24,1,1,0,False,studio_1q,62.5
895434120,StudioOuKitchenette,Rua Doutor Ivo Define Frasca,Vila Olímpia,4300,5049,30,1,1,1,True,studio_1q,143.33
895525410,StudioOuKitchenette,Rua Doutor Tomás Alves,Vila Mariana,2200,3351,25,1,1,0,True,studio_1q,88.0
894227289,StudioOuKitchenette,Rua Dona Rosa Iório,Vila Iório,500,519,20,1,1,0,False,studio_1q,25.0
892909009,StudioOuKitchenette,Rua Tucuna,Perdizes,2250,2338,13,1,1,0,True,studio_1q,173.08
893552309,StudioOuKitchenette,Rua Oscar Freire,Pinheiros,3400,4255,19,1,1,0,True,studio_1q,178.95
894947983,StudioOuKitchenette,Avenida Morumbi,Vila Cordeiro,2240,4410,32,1,1,0,False,studio_1q,70.0
895506253,StudioOuKitchenette,Avenida Nazaré,Ipiranga,3100,4145,40,1,1,1,False,studio_1q,77.5
895112255,StudioOuKitchenette,Rua Domingos de Morais,Vila Mariana,3000,5166,25,1,1,0,False,studio_1q,120.0
895138820,StudioOuKitchenette,Rua Álvaro de Carvalho,Centro Histórico de São Paulo,2040,2868,29,1,1,1,False,studio_1q,70.34
895150028,StudioOuKitchenette,Avenida dos Imarés,Indianópolis,2530,3498,22,1,1,0,False,studio_1q,115.0
895134205,StudioOuKitchenette,Rua Afonso Braz,Vila Nova Conceição,4200,5278,26,1,1,0,True,studio_1q,161.54
895047804,StudioOuKitchenette,Rua Godói Colaço,Vila Cordeiro,2640,3192,24,1,1,0,True,studio_1q,110.0
894352516,StudioOuKitchenette,Rua Vargem Grande,Tatuapé,2600,3195,26,1,1,0,True,studio_1q,100.0
895125170,StudioOuKitchenette,Rua Bela Cintra,Bairro da Liberdade,4800,8568,56,1,1,0,True,studio_1q,85.71
894652299,StudioOuKitchenette,Rua Nova York,Brooklin Paulista,4630,5496,42,1,1,1,True,studio_1q,110.24
895215324,StudioOuKitchenette,Rua Catipará,Itaim Bibi,3250,4176,30,1,1,0,False,studio_1q,108.33
894409856,StudioOuKitchenette,Rua Joaquim Guarani,Jardim das Acácias,3500,4385,36,1,1,0,True,studio_1q,97.22
895125169,StudioOuKitchenette,Rua Bela Cintra,Bairro da Liberdade,2700,6387,28,1,1,0,True,studio_1q,96.43
892994822,StudioOuKitchenette,Rua Genebra,Bela Vista,2150,2803,25,1,1,0,False,studio_1q,86.0
895116534,StudioOuKitchenette,Avenida dos Imarés,Indianópolis,2002,2772,19,1,1,0,False,studio_1q,105.37
895022340,StudioOuKitchenette,Avenida das Carinás,Indianópolis,2790,3655,25,1,1,0,True,studio_1q,111.6
895147228,StudioOuKitchenette,Rua Coronel Lisboa,Vila Mariana,3000,3786,24,1,1,0,True,studio_1q,125.0
894972173,StudioOuKitchenette,Rua Serra de Juréa,Tatuapé,2128,4942,28,1,1,1,False,studio_1q,76.0
895095908,StudioOuKitchenette,Avenida da Liberdade,Liberdade,3200,3753,27,1,1,0,True,studio_1q,118.52
895112348,StudioOuKitchenette,Avenida Rio Branco,Campos Elíseos,2500,3821,35,1,1,1,True,studio_1q,71.43
894860545,StudioOuKitchenette,Rua Bartolomeu de Gusmão,Vila Mariana,3500,4193,25,1,1,0,True,studio_1q,140.0
895136927,StudioOuKitchenette,Rua Domingos de Morais,Vila Mariana,3000,6366,25,1,1,0,False,studio_1q,120.0
895115894,StudioOuKitchenette,Rua Alves Guimarães,Pinheiros,5500,6462,35,1,1,0,True,studio_1q,157.14
895202050,StudioOuKitchenette,Rua Fiandeiras,Itaim Bibi,7350,11072,60,1,1,2,True,studio_1q,122.5
893251124,StudioOuKitchenette,Rua Sebastião Pereira,Vila Buarque,1200,1829,30,1,1,0,False,studio_1q,40.0
894883599,StudioOuKitchenette,Avenida dos Imarés,Indianópolis,2500,3466,25,1,1,0,True,studio_1q,100.0
895180529,StudioOuKitchenette,Rua das Palmeiras,Campos Elíseos,2400,3568,33,1,1,0,True,studio_1q,72.73
894547466,StudioOuKitchenette,Rua Pacobá,Cidade Jardim,3500,4120,24,1,1,0,True,studio_1q,145.83
893983396,StudioOuKitchenette,Avenida Jabaquara,Mirandópolis,3300,4027,31,1,1,0,True,studio_1q,106.45
895180884,StudioOuKitchenette,Rua Apinajés,Pompeia,1912,2581,25,1,1,0,False,studio_1q,76.48
895191357,StudioOuKitchenette,Rua Eleutério,Brooklin,3000,3658,25,1,1,0,True,studio_1q,120.0
895600363,StudioOuKitchenette,Rua João Teixeira da Silva,Vila Invernada,1800,2068,29,1,1,0,False,studio_1q,62.07
894439365,StudioOuKitchenette,Rua Pamplona,Jardim Paulista,4000,5297,32,1,1,0,True,studio_1q,125.0
893078142,StudioOuKitchenette,Rua Tabatinguera,Sé,1540,2053,23,1,1,0,False,studio_1q,66.96
895477283,StudioOuKitchenette,Rua Bianchi Bertoldi,Pinheiros,4900,5089,26,1,1,0,True,studio_1q,188.46
895291155,StudioOuKitchenette,Avenida Professor Francisco Morato,Butantã,2530,3053,32,1,1,0,False,studio_1q,79.06
895477224,StudioOuKitchenette,Praça Américo Jacomino,Vila Madalena,2850,3720,25,1,1,0,True,studio_1q,114.0
895524760,StudioOuKitchenette,Rua Coronel Conrado Siqueira Campos,Jardim das Acacias,3200,3865,25,1,1,0,True,studio_1q,128.0
895490058,StudioOuKitchenette,Rua Doutor Antônio Bento,Santo Amaro,3270,3844,25,1,1,0,True,studio_1q,130.8
894710399,StudioOuKitchenette,Avenida Armando Ferrentini,Paraíso,2250,2935,21,1,1,0,False,studio_1q,107.14
895449256,StudioOuKitchenette,Rua Trípoli,Vila Leopoldina,2430,3068,24,1,1,0,False,studio_1q,101.25
895465734,StudioOuKitchenette,Rua Apinajés,Perdizes,2800,4925,60,1,1,1,True,studio_1q,46.67
895488368,StudioOuKitchenette,Rua Alvorada,Vila Olímpia,3200,3907,25,1,1,0,True,studio_1q,128.0
894592419,StudioOuKitchenette,Rua Valdir Niemeyer,Sumaré,3150,3821,30,1,1,0,True,studio_1q,105.0
895308620,StudioOuKitchenette,Avenida Rubem Berta,Indianópolis,3200,4221,21,1,1,0,False,studio_1q,152.38
895468768,StudioOuKitchenette,Rua Barão de Tatuí,Vila Buarque,2530,3720,37,1,1,1,True,studio_1q,68.38
895488197,StudioOuKitchenette,Rua Alvorada,Vila Olímpia,3200,3907,24,1,1,0,True,studio_1q,133.33
895461553,StudioOuKitchenette,Rua Dona Brígida,Vila Mariana,1940,2657,24,1,1,0,False,studio_1q,80.83
895459131,StudioOuKitchenette,Avenida São João,Republica,1460,2116,34,1,1,0,False,studio_1q,42.94
895451859,StudioOuKitchenette,Rua Senador Milton Campos,Santo Amaro,2040,2619,21,1,1,0,False,studio_1q,97.14
895444166,StudioOuKitchenette,Avenida Indianópolis,Indianópolis,5500,6801,44,1,1,1,False,studio_1q,125.0
893216835,StudioOuKitchenette,Largo do Arouche,Santa Efigênia,1239,1935,30,1,1,0,False,studio_1q,41.3
895460196,StudioOuKitchenette,Rua Joaquim Marra,Vila Matilde,2080,2770,28,1,1,0,False,studio_1q,74.29
894496318,StudioOuKitchenette,Rua Professor Doutor José Marques da Cruz,Jardim das Acacias,3500,4335,25,1,1,0,True,studio_1q,140.0
895339160,StudioOuKitchenette,Rua Vargem Grande,Tatuapé,3000,3557,31,1,1,0,False,studio_1q,96.77
894729873,StudioOuKitchenette,Rua Jesuíno Pascoal,Santa Cecilia,1522,2358,37,1,1,0,False,studio_1q,41.14
894514237,StudioOuKitchenette,Rua Bem Vinda Apparecida de Abreu Leme,Santana,2000,2283,27,1,1,0,False,studio_1q,74.07
895471087,StudioOuKitchenette,Rua Professor Doutor José Marques da Cruz,Jardim das Acacias,2550,3444,30,1,1,0,True,studio_1q,85.0
895481053,StudioOuKitchenette,Rua Alvorada,Vila Olímpia,3000,3614,24,1,1,0,False,studio_1q,125.0
895470593,StudioOuKitchenette,Rua Dona Leopoldina,Alto do Ipiranga,2400,3179,20,1,1,0,True,studio_1q,120.0
895474772,StudioOuKitchenette,Rua Castro Alves,Aclimação,2000,2731,32,1,1,0,True,studio_1q,62.5
895522499,StudioOuKitchenette,Rua Hipódromo,Mooca,4000,4621,29,1,1,0,True,studio_1q,137.93
894671408,StudioOuKitchenette,Rua Dona Leopoldina,Alto do Ipiranga,2401,3269,21,1,1,0,True,studio_1q,114.33
895120041,StudioOuKitchenette,Avenida Ipiranga,República,2496,3178,49,1,1,0,True,studio_1q,50.94
895303559,StudioOuKitchenette,Rua Carneiro da Cunha,Vila da Saúde,3000,3592,25,1,1,0,False,studio_1q,120.0
893293574,StudioOuKitchenette,Rua Nicolau Barreto,Vila Cordeiro,4500,5623,49,1,1,1,True,studio_1q,91.84
893056139,StudioOuKitchenette,Largo do Arouche,Centro,2450,3193,32,1,1,0,True,studio_1q,76.56
895358293,StudioOuKitchenette,Rua Fagundes,Liberdade,2800,3800,24,1,1,0,False,studio_1q,116.67
895321531,StudioOuKitchenette,Rua Doutor Jesuíno Maciel,Brooklin,2890,3885,24,1,1,0,False,studio_1q,120.42
895335147,StudioOuKitchenette,Rua Caiubí,Perdizes,2360,3151,26,1,1,0,True,studio_1q,90.77
895293009,StudioOuKitchenette,Rua Barata Ribeiro,Bela Vista,2176,3413,22,1,1,0,True,studio_1q,98.91
893456376,StudioOuKitchenette,Rua Torres da Barra,Água Branca,1550,2010,30,1,1,0,False,studio_1q,51.67
895317243,StudioOuKitchenette,Rua Vargem Grande,Tatuapé,2350,3056,30,1,1,0,True,studio_1q,78.33
895341627,StudioOuKitchenette,Avenida Alcântara Machado,Brás,1400,1749,24,1,1,0,False,studio_1q,58.33
895351929,StudioOuKitchenette,Rua Galileu,Jardim Aeroporto,2160,2660,40,1,1,0,False,studio_1q,54.0
895311274,StudioOuKitchenette,Rua das Sempre-vivas,Jardim das Acacias,2570,3345,22,1,1,0,True,studio_1q,116.82
895338840,StudioOuKitchenette,Alameda dos Jurupis,Moema,10000,10677,28,1,1,0,True,studio_1q,357.14
895342845,StudioOuKitchenette,Rua Guarará,Jardim Paulista,4600,6516,37,1,1,1,False,studio_1q,124.32
894013663,StudioOuKitchenette,Rua Alvorada,Vila Olímpia,5000,5947,26,1,1,1,True,studio_1q,192.31
895351083,StudioOuKitchenette,Rua Doutor Tomás Alves,Vila Mariana,4200,5016,25,1,1,0,False,studio_1q,168.0
895294058,StudioOuKitchenette,Avenida Vila Ema,Vila Ema,1300,1772,22,1,1,0,False,studio_1q,59.09
894762184,StudioOuKitchenette,Rua Aimberê,Perdizes,2660,3310,24,1,1,0,True,studio_1q,110.83
895185549,StudioOuKitchenette,Rua Ministro Gabriel de Rezende Passos,Indianópolis,6000,7499,31,1,1,1,True,studio_1q,193.55
895407534,StudioOuKitchenette,Rua Domingos de Morais,Vila Mariana,2600,3153,18,1,1,0,True,studio_1q,144.44
895104618,StudioOuKitchenette,Alameda Lorena,Jardim Paulista,3500,5885,24,1,1,0,False,studio_1q,145.83
895068981,StudioOuKitchenette,Rua Barão de Jaceguai,Campo Belo,3090,3790,22,1,1,0,True,studio_1q,140.45
895150035,StudioOuKitchenette,Avenida dos Imarés,Indianópolis,2530,3303,22,1,1,0,False,studio_1q,115.0
895153104,StudioOuKitchenette,Avenida dos Imarés,Indianópolis,2530,3325,22,1,1,0,False,studio_1q,115.0
895133027,StudioOuKitchenette,Avenida dos Imarés,Indianópolis,3220,4216,28,1,1,0,False,studio_1q,115.0
893920579,StudioOuKitchenette,Rua Calixto da Mota,Vila Mariana,3500,5202,44,1,1,1,True,studio_1q,79.55
894058384,StudioOuKitchenette,Rua Ibitirama,Vila Prudente,2500,3445,26,1,1,0,True,studio_1q,96.15
895488399,StudioOuKitchenette,Rua José Manuel da Fonseca Júnior,Vila Matilde,1460,2066,27,1,1,0,False,studio_1q,54.07
895078205,StudioOuKitchenette,Alameda dos Arapanés,Indianópolis,3198,3871,24,1,1,0,True,studio_1q,133.25
893947500,StudioOuKitchenette,Rua Bento Freitas,República,2300,3022,22,1,1,0,True,studio_1q,104.55
895121271,StudioOuKitchenette,Alameda Itu,Cerqueira César,3800,6363,33,1,1,0,False,studio_1q,115.15
893878639,StudioOuKitchenette,Rua Doutor Nicolau de Sousa Queirós,Vila Mariana,3550,4233,25,1,1,0,True,studio_1q,142.0
893779467,StudioOuKitchenette,Rua Ministro Godoi,Água Branca,2900,3829,23,1,1,0,True,studio_1q,126.09
892886974,StudioOuKitchenette,Augusta Street,Cerqueira César,1919,3173,30,1,1,1,True,studio_1q,63.97
894807022,StudioOuKitchenette,Rua Butantã,Pinheiros,2290,3000,24,1,1,0,False,studio_1q,95.42
894486610,StudioOuKitchenette,Rua dos Pinheiros,Pinheiros,3680,4413,30,1,1,0,False,studio_1q,122.67
895315250,StudioOuKitchenette,Rua Domingos de Morais,Vila Mariana,2760,3406,18,1,1,0,True,studio_1q,153.33
895299244,StudioOuKitchenette,Avenida Ibirapuera,Moema,2760,3949,26,1,1,0,False,studio_1q,106.15
895276257,StudioOuKitchenette,Rua Eleutério,Brooklin,2330,3142,25,1,1,0,True,studio_1q,93.2
894230788,StudioOuKitchenette,Rua Pangaré,Vila Butantã,2200,2604,26,1,1,0,True,studio_1q,84.62
895376794,StudioOuKitchenette,Rua dos Estudantes,Sé,2980,3530,24,1,1,0,False,studio_1q,124.17
894354415,StudioOuKitchenette,Rua Tapari,Vila Esperança,1010,1579,21,1,1,0,False,studio_1q,48.1
895337893,StudioOuKitchenette,Rua Valdir Niemeyer,Pompeia,3380,4092,29,1,1,0,True,studio_1q,116.55
895313930,StudioOuKitchenette,Rua Professor Doutor José Marques da Cruz,Jardim das Acacias,3350,4029,25,1,1,0,True,studio_1q,134.0
895351303,StudioOuKitchenette,Rua Coronel Sousa Reis,Tatuapé,1940,2540,25,1,1,0,False,studio_1q,77.6
893401737,StudioOuKitchenette,Rua Bartira,Perdizes,2900,3624,34,1,1,0,True,studio_1q,85.29
895310527,StudioOuKitchenette,Rua dos Chanés,Indianópolis,2050,2529,29,1,1,0,True,studio_1q,70.69
895409238,StudioOuKitchenette,Avenida dos Imarés,Indianópolis,3100,3753,25,1,1,0,True,studio_1q,124.0
895381098,StudioOuKitchenette,Rua Alberto Day,Jardim Aurelia,2030,2758,23,1,1,0,False,studio_1q,88.26
895356978,StudioOuKitchenette,Rua Cayowaá,Perdizes,3000,3748,24,1,1,0,True,studio_1q,125.0
893781839,StudioOuKitchenette,Rua Fernão Dias,Pinheiros,2785,3453,27,1,1,0,False,studio_1q,103.15
894403107,StudioOuKitchenette,Alameda Campinas,Jardim Paulista,2033,4951,45,1,1,1,True,studio_1q,45.18
895363110,StudioOuKitchenette,Rua Ettore Lantieri,Sacomã,1830,2601,32,1,1,0,False,studio_1q,57.19
895305703,StudioOuKitchenette,Avenida Vital Brasil,Butantã,2800,3508,25,1,1,0,False,studio_1q,112.0
895285697,StudioOuKitchenette,Alameda dos Jurupis - Moema São Paulo - Sp Brasil,Moema,3000,3718,25,1,1,0,True,studio_1q,120.0
895351928,StudioOuKitchenette,Rua Galileu,Jardim Aeroporto,2160,2660,40,1,1,0,False,studio_1q,54.0
895414946,StudioOuKitchenette,Rua Doutor Miguel Vieira Ferreira,Tatuapé,1750,2124,38,1,1,0,False,studio_1q,46.05
895399221,StudioOuKitchenette,Avenida Afonso Mariano Fagundes,Vila da Saúde,2550,3293,28,1,1,0,True,studio_1q,91.07
895368109,StudioOuKitchenette,Avenida Armando Ferrentini,Paraíso,2040,2753,23,1,1,0,False,studio_1q,88.7
895377706,StudioOuKitchenette,Rua Professor Doutor José Marques da Cruz,Jardim das Acacias,3000,3627,26,1,1,0,True,studio_1q,115.38
895193784,StudioOuKitchenette,Rua Hipódromo,Mooca,2700,3354,30,1,1,0,False,studio_1q,90.0
895376091,StudioOuKitchenette,Rua Elói Cerqueira,Belenzinho,1840,2511,23,1,1,0,False,studio_1q,80.0
895600115,StudioOuKitchenette,Rua Joaquim Guarani,Jardim das Acacias,3850,4765,25,1,1,0,True,studio_1q,154.0
895387051,StudioOuKitchenette,Rua do Estilo Barroco,Santo Amaro,2220,2858,30,1,1,0,False,studio_1q,74.0
895600249,StudioOuKitchenette,Rua Mairinque,Vila Clementino,3300,4027,30,1,1,1,True,studio_1q,110.0
895592033,StudioOuKitchenette,Rua Fagundes,Liberdade,1940,2895,25,1,1,0,True,studio_1q,77.6
895612154,StudioOuKitchenette,Rua Rego Freitas,República,3200,3973,26,1,1,0,True,studio_1q,123.08
895631209,StudioOuKitchenette,Rua Arruda Alvim,Pinheiros,3000,3714,25,1,1,0,True,studio_1q,120.0
895439289,StudioOuKitchenette,Rua Alves Guimarães,Pinheiros,3000,3835,23,1,1,0,True,studio_1q,130.43
895213461,StudioOuKitchenette,Rua Mapu,Penha de França,1200,1932,25,1,1,0,False,studio_1q,48.0
895620232,StudioOuKitchenette,Rua Doutor Diogo de Faria,Vila Clementino,2700,3328,20,1,1,0,True,studio_1q,135.0
894394626,StudioOuKitchenette,Rua Doutor Diogo de Faria,Vila Clementino,3200,3792,27,1,1,0,True,studio_1q,118.52
893216644,StudioOuKitchenette,Avenida São Miguel,Vila Marieta,1150,1373,15,1,1,0,True,studio_1q,76.67
895535303,StudioOuKitchenette,Rua Cardeal Arcoverde,Pinheiros,5500,6454,37,1,1,0,True,studio_1q,148.65
895429602,StudioOuKitchenette,Avenida Santo Amaro,Santo Amaro,2550,3004,25,1,1,0,True,studio_1q,102.0
893392818,StudioOuKitchenette,Avenida Roque Petroni Júnior,Jardim das Acácias,2330,3190,22,1,1,0,True,studio_1q,105.91
894131676,StudioOuKitchenette,Avenida Professor Luiz Ignácio Anhaia Mello,Jardim Independência (são Paulo),1924,2609,26,1,1,0,False,studio_1q,74.0
895262469,StudioOuKitchenette,Rua José Maria Lisboa,Jardim Paulista,2060,4959,26,1,1,1,True,studio_1q,79.23
894905248,StudioOuKitchenette,Alameda dos Jurupis,Moema,3520,4309,27,1,1,0,True,studio_1q,130.37
895029641,StudioOuKitchenette,Rua Bartira,Perdizes,5500,6620,27,1,1,0,True,studio_1q,203.7
895110218,StudioOuKitchenette,Avenida Açocê,Indianópolis,5500,6884,38,1,1,1,True,studio_1q,144.74
895621530,StudioOuKitchenette,Rua Alberto Day,Jardim Aurelia,3000,3783,28,1,1,0,True,studio_1q,107.14
895568841,StudioOuKitchenette,Rua Maceió,Consolação,3150,3869,24,1,1,0,True,studio_1q,131.25
895192341,StudioOuKitchenette,Rua Brigadeiro Galvão,Barra Funda,1390,1892,25,1,1,0,False,studio_1q,55.6
895543241,StudioOuKitchenette,Rua Mapu,Penha de França,1940,2725,25,1,1,0,True,studio_1q,77.6
895564355,StudioOuKitchenette,Rua Vieira de Morais,Campo Belo,2970,4279,30,1,2,0,True,studio_1q,99.0
895596049,StudioOuKitchenette,Rua José Alves Cunha Lima,Vila Butantã,2700,3271,27,1,1,0,True,studio_1q,100.0
895607108,StudioOuKitchenette,Rua Antônio Alves Barril,Jardim Analia Franco,2980,3708,43,1,1,0,False,studio_1q,69.3
895313741,StudioOuKitchenette,Rua Airosa Galvão 223 - Barra Funda São Paulo - Sp Brasil,Barra Funda,3100,3654,30,1,1,0,True,studio_1q,103.33
895577941,StudioOuKitchenette,Rua Alexandre Benois,Vila Andrade,2200,2708,18,1,1,0,False,studio_1q,122.22
892865877,StudioOuKitchenette,Avenida Duque de Caxias,Campos Elíseos,2500,3018,26,1,1,0,True,studio_1q,96.15
895081685,StudioOuKitchenette,Rua Dráusio,Butantã,3100,3630,30,1,1,0,True,studio_1q,103.33
895555511,StudioOuKitchenette,Rua Barata Ribeiro,Bela Vista,2330,3049,24,1,1,0,True,studio_1q,97.08
894150172,StudioOuKitchenette,Rua Bento Freitas,República,1800,2669,21,1,1,0,True,studio_1q,85.71
895452931,StudioOuKitchenette,Rua Visconde de Guaratiba,Ipiranga,3100,3937,35,1,1,0,False,studio_1q,88.57
895591397,StudioOuKitchenette,Avenida Padre Antônio José dos Santos,Cidade Monções,2500,3170,27,1,1,0,False,studio_1q,92.59
895565914,StudioOuKitchenette,Rua Iperoig,Perdizes,2935,3808,22,1,1,0,True,studio_1q,133.41
893911707,StudioOuKitchenette,Rua Desembargador Aragão,Vila Mariana,2650,3397,23,1,1,0,True,studio_1q,115.22
895618026,StudioOuKitchenette,Avenida Ipiranga,República,2200,3051,28,1,1,0,True,studio_1q,78.57
895538425,StudioOuKitchenette,Rua Borges Lagoa,Vila Clementino,2870,4045,35,1,1,0,False,studio_1q,82.0
894305704,StudioOuKitchenette,Rua Doutor Jesuíno Maciel,Campo Belo,2300,3008,26,1,1,0,True,studio_1q,88.46
895426026,StudioOuKitchenette,Rua Cristiano Viana,Cerqueira César,4080,4952,26,1,1,0,False,studio_1q,156.92
895574865,StudioOuKitchenette,Rua Chamantá,Alto da Mooca,2750,3470,25,1,1,0,True,studio_1q,110.0
895604656,StudioOuKitchenette,Rua 17 de Janeiro,Paraíso do Morumbi,1500,1918,24,1,1,0,False,studio_1q,62.5
895599396,StudioOuKitchenette,Alameda Lorena,Jardim Paulista,4200,5582,36,1,1,1,True,studio_1q,116.67
895583177,StudioOuKitchenette,Rua Borges de Figueiredo,Mooca,3000,4728,58,1,1,1,True,studio_1q,51.72
895614131,StudioOuKitchenette,Rua Alvarenga,Butantã,2680,3530,25,1,1,0,False,studio_1q,107.2
895543471,StudioOuKitchenette,Avenida Armando Ferrentini,Paraíso,1960,3007,27,1,1,0,True,studio_1q,72.59
894292512,StudioOuKitchenette,Rua Cardeal Arcoverde,Pinheiros,3000,3623,25,1,1,0,True,studio_1q,120.0
895549276,StudioOuKitchenette,Avenida Pompéia,Pompeia,2760,3316,26,1,1,0,False,studio_1q,106.15
895469425,StudioOuKitchenette,Rua Doutor Artur Guimarães,Santana,2430,3175,36,1,1,0,False,studio_1q,67.5
894518711,StudioOuKitchenette,Avenida Eusébio Matoso,Pinheiros,3350,4254,29,1,1,0,True,studio_1q,115.52
895490961,StudioOuKitchenette,Avenida Doutor Chucri Zaidan,Vila Cordeiro,3900,4051,26,1,1,0,True,studio_1q,150.0
895461196,StudioOuKitchenette,Rua do Lago,Vila Nair,2210,2868,34,1,1,1,True,studio_1q,65.0
894058503,StudioOuKitchenette,Rua Doutor Penaforte Mendes,Bela Vista,3700,4412,27,1,1,0,True,studio_1q,137.04
894923244,StudioOuKitchenette,Avenida Pompéia,Pompeia,2750,3487,27,1,1,0,True,studio_1q,101.85
893572620,StudioOuKitchenette,Rua Humberto I,Vila Mariana,4295,5333,25,1,1,0,True,studio_1q,171.8
895343072,StudioOuKitchenette,Rua Senador Milton Campos,Santo Amaro,2310,3050,23,1,1,0,False,studio_1q,100.43
895411312,StudioOuKitchenette,Avenida Santo Amaro,Vila Nova Conceição,3160,3882,24,1,1,0,False,studio_1q,131.67
895569322,StudioOuKitchenette,Rua Mairinque,Vila Clementino,3200,3743,29,1,1,0,True,studio_1q,110.34
895418380,StudioOuKitchenette,Rua Godói Colaço,Vila Cordeiro,4300,5150,25,1,1,0,True,studio_1q,172.0
895401336,StudioOuKitchenette,Avenida dos Carinás,Indianópolis,3180,4142,25,1,1,0,True,studio_1q,127.2
895415052,StudioOuKitchenette,Rua Doutor Miguel Vieira Ferreira,Tatuapé,1980,2363,39,1,1,0,True,studio_1q,50.77
894691687,StudioOuKitchenette,Rua Jorge Tibiriçá,Vila Mariana,2820,3319,26,1,1,0,False,studio_1q,108.46
895536523,StudioOuKitchenette,Rua Miragaia,Butantã,3500,4509,32,1,1,1,False,studio_1q,109.38
893282885,StudioOuKitchenette,Rua Paula Ney,Vila Mariana,2279,3117,25,1,1,0,False,studio_1q,91.16
895300251,StudioOuKitchenette,Haus Mitre - R. Caiubí 510 - Perdizes São Paulo - Sp Brasil,Perdizes,2500,3226,28,1,1,0,False,studio_1q,89.29
895376921,StudioOuKitchenette,Rua Coronel Lisboa,Vila Mariana,2700,3645,29,1,1,0,True,studio_1q,93.1
895597089,StudioOuKitchenette,Rua Alvorada,Vila Olímpia,3600,4283,25,1,1,0,False,studio_1q,144.0
895529053,StudioOuKitchenette,Rua Bela Cintra,Consolação,3400,4112,28,1,1,0,True,studio_1q,121.43
895587363,StudioOuKitchenette,Rua Ipojuca,Tatuapé,2420,3493,37,1,1,0,False,studio_1q,65.41
895536584,StudioOuKitchenette,Rua Doutor Fadlo Haidar,Vila Nova Conceição,4500,5174,35,1,1,0,True,studio_1q,128.57
895617728,StudioOuKitchenette,Avenida Açocê,Indianópolis,5100,6496,38,1,1,1,True,studio_1q,134.21
895557217,StudioOuKitchenette,Rua Antônio Clemente,Jardim Sao Paulo(Zona Norte),2040,2598,25,1,1,0,True,studio_1q,81.6
895247746,StudioOuKitchenette,Rua Ana Cintra,Campos Elíseos,1880,2373,24,1,1,0,False,studio_1q,78.33
895440998,StudioOuKitchenette,Rua Arruda Alvim,Pinheiros,8888,10031,27,1,1,0,True,studio_1q,329.19
894937226,StudioOuKitchenette,Alameda dos Jurupis,Moema,3900,4626,28,1,1,0,True,studio_1q,139.29
895357083,StudioOuKitchenette,Rua Jupuruchita,Alto da Mooca,2900,3296,26,1,1,0,True,studio_1q,111.54
895461067,StudioOuKitchenette,Rua Alvorada,Vila Olímpia,3600,4239,25,1,1,0,True,studio_1q,144.0
893413573,StudioOuKitchenette,Rua Topázio,Vila Mariana,2935,3895,32,1,1,1,True,studio_1q,91.72
895531860,StudioOuKitchenette,Rua Nestor Pestana,Consolação,2490,2866,29,1,1,0,False,studio_1q,85.86
895611723,StudioOuKitchenette,Rua do Estilo Barroco,Santo Amaro,3350,3829,32,1,1,0,False,studio_1q,104.69
893205372,StudioOuKitchenette,Rua Quatá,Vila Olímpia,2750,4173,24,1,1,1,True,studio_1q,114.58
893718593,StudioOuKitchenette,Largo do Arouche,República,30000,31888,29,1,1,0,True,studio_1q,1034.48
893793208,StudioOuKitchenette,Largo do Arouche,República,2530,3233,33,1,1,0,True,studio_1q,76.67
895592021,StudioOuKitchenette,Rua Cristiano Viana,Cerqueira César,3300,4102,27,1,1,0,True,studio_1q,122.22
895248246,StudioOuKitchenette,Rua Capitão Cavalcanti,Vila Mariana,2770,3927,29,1,1,0,False,studio_1q,95.52
893375674,StudioOuKitchenette,Avenida dos Carinás,Indianópolis,3468,4301,26,1,1,0,False,studio_1q,133.38
895595351,StudioOuKitchenette,Rua Potiguar Medeiros,Pinheiros,4060,5001,37,1,1,0,True,studio_1q,109.73
895631367,StudioOuKitchenette,Rua Maria Paula,Bela Vista,1800,1869,24,1,1,0,True,studio_1q,75.0
894112427,StudioOuKitchenette,Rua Bento Freitas,República,2520,3407,22,1,1,0,False,studio_1q,114.55
894261626,StudioOuKitchenette,Rua Frei Caneca,Bela Vista,3750,4433,17,1,1,0,True,studio_1q,220.59
895313168,StudioOuKitchenette,Avenida Pompéia,Pompeia,3000,3646,28,1,1,0,False,studio_1q,107.14
894270073,StudioOuKitchenette,Rua Humberto I,Vila Mariana,5500,6032,28,1,1,0,True,studio_1q,196.43
893351373,StudioOuKitchenette,Avenida São João,Santa Cecília,3200,4548,42,1,1,1,True,studio_1q,76.19
894281950,StudioOuKitchenette,Rua Gabriel de Lara,Vila Cordeiro,3300,3857,33,1,1,0,True,studio_1q,100.0
895311763,StudioOuKitchenette,Rua das Sempre-vivas,Jardim das Acacias,2570,3345,22,1,1,0,True,studio_1q,116.82
894959387,StudioOuKitchenette,Avenida Pompéia,Pompeia,2280,2938,24,1,1,0,True,studio_1q,95.0
894450277,StudioOuKitchenette,Rua Cristiano Viana,Cerqueira César,2600,3060,25,1,1,0,False,studio_1q,104.0
894325625,StudioOuKitchenette,Rua Andréa Paulinetti,Jardim das Acácias,3200,4090,25,1,1,0,True,studio_1q,128.0
895430232,StudioOuKitchenette,Alameda Raja Gabaglia,Vila Olímpia,3950,4545,25,1,1,0,True,studio_1q,158.0
895449261,StudioOuKitchenette,Rua Machado Bitencourt,Vila da Saúde,2400,3223,25,1,1,0,True,studio_1q,96.0
895579527,StudioOuKitchenette,Rua Genebra,Bela Vista,2800,3503,24,1,1,0,True,studio_1q,116.67
895387715,StudioOuKitchenette,Rua Machado Bitencourt,Vila da Saúde,2500,3326,25,1,1,0,True,studio_1q,100.0
895642019,StudioOuKitchenette,Rua Sabino,Bosque da Saúde,1750,1938,28,1,1,0,True,studio_1q,62.5
892835869,StudioOuKitchenette,Avenida Santo Amaro,Brooklin Paulista,3400,4199,33,1,1,1,True,studio_1q,103.03
895636219,StudioOuKitchenette,Rua Martiniano de Carvalho,Bela Vista,2100,2635,45,1,1,0,True,studio_1q,46.67
895081516,StudioOuKitchenette,Rua Melo Palheta,Barra Funda,2480,3316,26,1,1,0,True,studio_1q,95.38
895639199,StudioOuKitchenette,Rua Bianchi Bertoldi,Pinheiros,4400,5139,25,1,1,0,True,studio_1q,176.0
894928535,StudioOuKitchenette,Rua Coronel José Eusébio,Higienópolis,4690,5698,30,1,1,0,True,studio_1q,156.33
895452697,StudioOuKitchenette,Rua Gaspar Lourenço,Vila Mariana,2210,2967,27,1,1,0,False,studio_1q,81.85
895213923,StudioOuKitchenette,R. Mateo Forte,Água Branca,1870,2327,24,1,1,0,True,studio_1q,77.92
895158652,StudioOuKitchenette,Rua Humberto I,Vila Mariana,2700,3428,16,1,1,0,True,studio_1q,168.75
895566039,StudioOuKitchenette,Rua General Enrico Cavíglia,Vila Moraes,970,1108,24,1,1,0,False,studio_1q,40.42
895563694,StudioOuKitchenette,Rua Martins Fontes,Centro Histórico de São Paulo,2430,2523,18,1,1,0,False,studio_1q,135.0
895215115,StudioOuKitchenette,Praça Américo Jacomino,Vila Madalena,2190,3426,35,1,1,0,False,studio_1q,62.57
895482543,StudioOuKitchenette,Rua Washington Luís,Centro Histórico de São Paulo,1940,2540,25,1,1,0,True,studio_1q,77.6
895354410,StudioOuKitchenette,Rua Borges Lagoa,Vila Clementino,2910,3945,33,1,1,0,False,studio_1q,88.18
895481669,StudioOuKitchenette,Rua Professor Doutor José Marques da Cruz,Jardim das Acacias,2710,3407,23,1,1,0,True,studio_1q,117.83
895280221,StudioOuKitchenette,Rua Getúlio Soares da Rocha,Jardim das Acacias,2860,3600,30,1,1,0,True,studio_1q,95.33
895153201,StudioOuKitchenette,Rua Rego Freitas,República,2720,3575,25,1,1,0,False,studio_1q,108.8
894648104,StudioOuKitchenette,Rua Eleutério,Brooklin Paulista,2200,2944,25,1,1,0,False,studio_1q,88.0
895335737,StudioOuKitchenette,Rua Cesário Galero,Tatuapé,1650,2106,25,1,1,0,False,studio_1q,66.0
894230775,StudioOuKitchenette,Rua dos Pinheiros,Pinheiros,4700,5351,30,1,1,0,True,studio_1q,156.67
895467838,StudioOuKitchenette,Rua Ministro Godói,Perdizes,1600,2579,24,1,1,0,False,studio_1q,66.67
895641901,StudioOuKitchenette,Rua Américo de Campos,Liberdade,2500,3367,28,1,1,0,False,studio_1q,89.29
895311915,StudioOuKitchenette,Rua Conselheiro Cotegipe,Belenzinho,1790,2259,26,1,1,0,False,studio_1q,68.85
895431921,StudioOuKitchenette,Avenida Santo Amaro,Santo Amaro,2620,3371,22,1,1,0,True,studio_1q,119.09
895421914,StudioOuKitchenette,Alameda dos Nhambiquaras,Moema,3880,4566,28,1,1,0,True,studio_1q,138.57
895456547,StudioOuKitchenette,Rua Paim,Bela Vista,3010,4435,50,1,1,1,False,studio_1q,60.2
895262657,StudioOuKitchenette,Avenida Onze de Junho,Vila Clementino,2810,3594,25,1,1,0,True,studio_1q,112.4
895437496,StudioOuKitchenette,Avenida Vital Brasil,Butantã,2840,3489,25,1,1,0,True,studio_1q,113.6
895344850,StudioOuKitchenette,Avenida dos Imarés,Indianópolis,3610,4833,35,1,1,0,False,studio_1q,103.14
895323468,StudioOuKitchenette,Rua Ministro Godói,Perdizes,3400,4178,65,1,1,1,True,studio_1q,52.31
895384826,StudioOuKitchenette,Rua Catequese,Butantã,2930,3727,25,1,1,0,False,studio_1q,117.2
895185537,StudioOuKitchenette,Avenida Jamaris,Planalto Paulista,3880,4840,26,1,1,0,True,studio_1q,149.23
895204284,StudioOuKitchenette,Avenida Vereador José Diniz,Santo Amaro,3640,4263,27,1,1,1,True,studio_1q,134.81
895432129,StudioOuKitchenette,Avenida Eusébio Matoso,Pinheiros,3780,4559,24,1,1,0,True,studio_1q,157.5
895468538,StudioOuKitchenette,Rua Cardeal Arcoverde,Pinheiros,3780,4475,25,1,1,0,True,studio_1q,151.2
894527224,StudioOuKitchenette,Avenida Professor Francisco Morato,Butantã,2160,2743,25,1,1,0,False,studio_1q,86.4
893080147,StudioOuKitchenette,Rua Carolina Soares,Vila Diva (zona Norte),1050,1145,30,1,1,0,False,studio_1q,35.0
893947501,StudioOuKitchenette,Rua Bento Freitas,República,2500,3229,22,1,1,0,True,studio_1q,113.64
895640053,StudioOuKitchenette,Avenida Santo Amaro,Cidade Monções,3500,4365,35,1,1,0,True,studio_1q,100.0
895283440,StudioOuKitchenette,Rua Cardeal Arcoverde,Pinheiros,5000,6023,30,1,1,0,True,studio_1q,166.67
894646177,StudioOuKitchenette,Rua Valdir Niemeyer,Sumaré,3200,3873,30,1,1,0,True,studio_1q,106.67
893713986,StudioOuKitchenette,Avenida da Liberdade,Liberdade,2040,2666,27,1,1,0,False,studio_1q,75.56
895449314,StudioOuKitchenette,Avenida Nazaré,Ipiranga,3000,4028,39,1,1,1,False,studio_1q,76.92
894328523,StudioOuKitchenette,Rua Marquês de Lages,Vila Moraes,1363,1572,17,1,1,0,False,studio_1q,80.18
895640529,StudioOuKitchenette,Rua Dona Leopoldina,Ipiranga,1790,2344,28,1,1,0,False,studio_1q,63.93
894060060,StudioOuKitchenette,Rua Francisca Miquelina,Bela Vista,4000,4559,25,1,1,0,True,studio_1q,160.0
895170700,StudioOuKitchenette,Avenida Agami,Indianópolis,2113,3178,23,1,1,0,True,studio_1q,91.87
895242209,StudioOuKitchenette,Rua Alvorada,Vila Olímpia,3500,4733,30,1,1,1,True,studio_1q,116.67
895490024,StudioOuKitchenette,Rua Aguiar de Barros,Bela Vista,2750,3437,31,1,1,0,True,studio_1q,88.71
894206686,StudioOuKitchenette,Rua Coronel Cintra,Mooca,1300,1519,30,1,1,0,False,studio_1q,43.33
895245615,StudioOuKitchenette,Rua Bartolomeu de Gusmão,Vila Mariana,2539,3315,24,1,1,0,True,studio_1q,105.79
895445591,StudioOuKitchenette,Rua Cônego Eugênio Leite,Pinheiros,4500,6095,40,1,2,1,False,studio_1q,112.5
894556996,StudioOuKitchenette,Avenida Vereador José Diniz,Santo Amaro,2200,2713,29,1,1,0,False,studio_1q,75.86
895175467,StudioOuKitchenette,Rua Tabatinguera,Sé,1980,2522,23,1,1,0,True,studio_1q,86.09
892942222,StudioOuKitchenette,Rua Maria Antônia,Vila Buarque,1490,2017,34,1,1,0,False,studio_1q,43.82
894745189,StudioOuKitchenette,Rua Conselheiro Cotegipe,Belenzinho,1210,1557,25,1,1,0,True,studio_1q,48.4
894979802,StudioOuKitchenette,Rua Godói Colaço,Vila Cordeiro,2700,3154,24,1,1,0,True,studio_1q,112.5
892867964,StudioOuKitchenette,Rua Alves Guimarães,Pinheiros,2850,3972,31,1,1,1,False,studio_1q,91.94
894432931,StudioOuKitchenette,Rua Manoel Dutra,Bela Vista,1500,2177,19,1,1,0,False,studio_1q,78.95
894951431,StudioOuKitchenette,Avenida dos Carinás,Indianópolis,2510,3178,26,1,1,0,True,studio_1q,96.54
895640880,StudioOuKitchenette,Rua Alvorada - Vila Olímpia São Paulo - Sp Brasil,Vila Olímpia,2500,3179,25,1,1,0,True,studio_1q,100.0
895459472,StudioOuKitchenette,Rua Heitor Penteado,Sumarezinho,2215,2910,40,1,1,0,False,studio_1q,55.38
895433744,StudioOuKitchenette,Praça Kant,Jardim Vila Mariana,2750,3536,24,1,1,0,True,studio_1q,114.58
894820277,StudioOuKitchenette,Rua Airi,Vila Gomes Cardim,2400,3125,20,1,1,0,True,studio_1q,120.0
895566044,StudioOuKitchenette,Rua General Enrico Cavíglia,Vila Moraes,1000,1138,24,1,1,0,False,studio_1q,41.67
895565945,StudioOuKitchenette,Rua General Enrico Cavíglia,Vila Moraes,970,1108,24,1,1,0,False,studio_1q,40.42
895377442,StudioOuKitchenette,Rua Tito,Vila Romana,1890,2173,30,1,1,0,False,studio_1q,63.0
895161201,StudioOuKitchenette,Rua Ettore Lantieri,Sacoma,2200,2729,28,1,1,0,False,studio_1q,78.57
895150178,StudioOuKitchenette,Avenida dos Imarés,Indianópolis,2530,3321,22,1,1,0,False,studio_1q,115.0
893745934,StudioOuKitchenette,Rua Gerivatiba,Butantã,4500,6043,36,1,1,1,True,studio_1q,125.0
893174006,StudioOuKitchenette,Rua Doutor Seng,Bela Vista,1768,2753,19,1,1,0,True,studio_1q,93.05
893116995,StudioOuKitchenette,Rua César Vallejo,Real Parque,3450,4114,35,1,1,1,True,studio_1q,98.57
894849267,StudioOuKitchenette,Rua Senador Milton Campos,Santo Amaro,3000,3527,24,1,1,0,False,studio_1q,125.0
894683555,StudioOuKitchenette,Rua Santo Antônio,Bela Vista,3896,4776,38,1,1,1,True,studio_1q,102.53
893401123,StudioOuKitchenette,Avenida Celso Garcia,Tatuapé,1108,1568,31,1,1,0,False,studio_1q,35.74
895292404,StudioOuKitchenette,Avenida Santo Amaro,Santo Amaro,2000,2717,25,1,1,0,True,studio_1q,80.0
895632556,StudioOuKitchenette,Rua Santo Amaro,Bela Vista,1700,2250,25,1,1,0,False,studio_1q,68.0
894848536,StudioOuKitchenette,Rua Coronel Lisboa,Vila Mariana,2416,3193,22,1,1,0,True,studio_1q,109.82
892968467,StudioOuKitchenette,Avenida Senador Queirós,Centro,1400,2316,20,1,1,0,True,studio_1q,70.0
895472615,StudioOuKitchenette,Rua Apiacás,Pompeia,2200,2715,25,1,1,0,False,studio_1q,88.0
895146307,StudioOuKitchenette,Rua João de Sousa Dias,Campo Belo,3128,3579,27,1,1,0,True,studio_1q,115.85
893979113,StudioOuKitchenette,Rua Dona Maria Carolina,Jardim Paulistano,3700,4371,24,1,1,1,True,studio_1q,154.17
893877699,StudioOuKitchenette,Rua Rodrigues Barbosa,Vila Regente Feijó,1990,2367,40,1,1,0,True,studio_1q,49.75
895507256,StudioOuKitchenette,Rua Fernão Dias,Pinheiros,3250,3976,28,1,1,0,True,studio_1q,116.07
895426964,StudioOuKitchenette,Rua Jurupari,Jardim Oriental,1300,1640,50,1,1,0,False,studio_1q,26.0
895636992,StudioOuKitchenette,Rua Hipódromo,Mooca,2500,2606,29,1,1,0,False,studio_1q,86.21
893586255,StudioOuKitchenette,Avenida Cotovia,Indianópolis,5891,7419,51,1,2,1,True,studio_1q,115.51
893652727,StudioOuKitchenette,Rua Rodrigo Vieira,Jardim Vila Mariana,1500,1958,15,1,1,0,False,studio_1q,100.0
894502783,StudioOuKitchenette,Rua Turiassu,Perdizes,2750,3536,24,1,1,1,True,studio_1q,114.58
895348326,StudioOuKitchenette,Rua Quatá,Vila Olímpia,4300,5112,26,1,1,0,False,studio_1q,165.38
892912026,StudioOuKitchenette,Rua Frei Inácio da Conceição,Vila São Luís(zona Oeste),800,1631,13,1,1,0,True,studio_1q,61.54
895320593,StudioOuKitchenette,Rua Joaquim Floriano,Itaim Bibi,7600,8706,29,1,1,0,True,studio_1q,262.07
894273159,StudioOuKitchenette,Rua Pacobá,Jardim Panorama,2628,3414,32,1,1,1,False,studio_1q,82.12
895346497,StudioOuKitchenette,Rua Capote Valente,Pinheiros,6616,6872,33,1,1,1,True,studio_1q,200.48
895284434,StudioOuKitchenette,Rua Alvorada,Vila Olímpia,3200,4128,26,1,1,0,True,studio_1q,123.08
894421791,StudioOuKitchenette,Avenida dos Imarés,Indianópolis,2560,3293,21,1,1,0,True,studio_1q,121.9
895375984,StudioOuKitchenette,Rua Fernão Dias 551 - Pinheiros São Paulo - Sp Brasil,Pinheiros,3859,4808,27,1,1,0,True,studio_1q,142.93
894767068,StudioOuKitchenette,Rua Desembargador Eliseu Guilherme,Paraíso,2990,3760,24,1,1,0,True,studio_1q,124.58
893928497,StudioOuKitchenette,Rua Conselheiro Furtado,Liberdade,1500,1765,20,1,1,0,False,studio_1q,75.0
894444613,StudioOuKitchenette,Rua Alves Guimarães,Pinheiros,2500,3091,24,1,1,0,True,studio_1q,104.17
894481630,StudioOuKitchenette,Rua Simpatia,Jardim das Bandeiras,2500,3453,22,1,1,0,True,studio_1q,113.64
895507339,StudioOuKitchenette,Avenida Santo Amaro,Santo Amaro,2520,3517,26,1,1,0,True,studio_1q,96.92
893914496,StudioOuKitchenette,Rua Frei Gaspar,Mooca,2900,3537,40,1,1,0,False,studio_1q,72.5
894755816,StudioOuKitchenette,Rua Ministro Godói,Perdizes,2800,3620,28,1,1,0,True,studio_1q,100.0
893488686,StudioOuKitchenette,Avenida dos Carinás,Indianópolis,3100,4066,25,1,1,0,False,studio_1q,124.0
894880367,StudioOuKitchenette,Rua Padre Antônio de Sá,Tatuapé,1734,2370,23,1,1,0,False,studio_1q,75.39
894405860,StudioOuKitchenette,Rua Luís Góis,Mirandópolis,1650,2363,35,1,1,0,True,studio_1q,47.14
895014584,StudioOuKitchenette,Rua Vilela,Tatuapé,2000,2619,37,1,1,0,False,studio_1q,54.05
895369246,StudioOuKitchenette,Rua Cardeal Arcoverde,Pinheiros,3500,4214,25,1,1,0,True,studio_1q,140.0
892794838,StudioOuKitchenette,Rua Clodomiro Amazonas,Vila Nova Conceição,6180,9143,67,1,1,2,True,studio_1q,92.24
895222537,StudioOuKitchenette,Rua Ministro Luiz Gallotti,Vila Cordeiro,2800,3748,25,1,1,0,False,studio_1q,112.0
894508858,StudioOuKitchenette,Rua Aurora,Santa Efigênia,2020,2718,24,1,1,0,False,studio_1q,84.17
895536611,StudioOuKitchenette,Rua José Manuel da Fonseca Júnior,Vila Matilde,1630,2359,27,1,1,0,False,studio_1q,60.37
895505868,StudioOuKitchenette,Rua Major Sertório,Vila Buarque,2690,3462,27,1,1,0,True,studio_1q,99.63
895537759,StudioOuKitchenette,Rua Alves Guimarães,Pinheiros,3100,3770,25,1,1,0,True,studio_1q,124.0
895523174,StudioOuKitchenette,Rua Martins,Butantã,3200,4223,29,1,1,0,True,studio_1q,110.34
894998111,StudioOuKitchenette,Rua Pitinga,Vila Lucia,1223,1494,30,1,1,0,False,studio_1q,40.77
894676836,StudioOuKitchenette,Rua Amaral Gurgel,Vila Buarque,2380,2972,22,1,1,0,True,studio_1q,108.18
895578750,StudioOuKitchenette,Rua Luís Murat,Pinheiros,2850,4130,24,1,1,0,True,studio_1q,118.75
895614015,StudioOuKitchenette,Alameda Lorena,Jardim Paulista,3800,4992,32,1,1,1,True,studio_1q,118.75
894844151,StudioOuKitchenette,Rua Butantã,Pinheiros,2860,3368,25,1,1,0,True,studio_1q,114.4
893163122,StudioOuKitchenette,Rua Rego Freitas,República,1890,2412,20,1,1,0,False,studio_1q,94.5
892782473,StudioOuKitchenette,Alameda Lorena,Jardim Paulista,3570,4548,38,1,1,1,True,studio_1q,93.95
895580748,StudioOuKitchenette,Rua Cotoxó,Pompeia,3800,4671,31,1,1,0,True,studio_1q,122.58
894398950,StudioOuKitchenette,Alameda Nothmann,Campos Elíseos,1760,2072,13,1,1,0,False,studio_1q,135.38
895220960,StudioOuKitchenette,Rua Doutor Melo Alves,Cerqueira César,3100,4090,20,1,1,0,True,studio_1q,155.0
894955293,StudioOuKitchenette,Rua Álvaro de Carvalho,Centro Histórico de São Paulo,4000,5370,61,1,1,1,False,studio_1q,65.57
893506199,StudioOuKitchenette,Rua Aguiar de Barros,Bela Vista,2600,3020,16,1,1,0,True,studio_1q,162.5
895474961,StudioOuKitchenette,Rua Fernão Dias,Pinheiros,2700,3416,27,1,1,0,True,studio_1q,100.0
895209927,StudioOuKitchenette,Rua Professor Aprígio Gonzaga,Vila da Saúde,2810,3587,42,1,1,0,False,studio_1q,66.9
895070171,StudioOuKitchenette,Rua Ettore Lantieri,Sacomã,2300,3132,32,1,1,0,True,studio_1q,71.88
895435653,StudioOuKitchenette,Rua Harmonia,Sumarezinho,2900,3696,25,1,1,0,True,studio_1q,116.0
893188798,StudioOuKitchenette,Rua Humberto I,Vila Mariana,2800,3583,21,1,1,0,False,studio_1q,133.33
894223390,StudioOuKitchenette,Rua Benvinda Aparecida de Abreu Leme,Santana,2150,2644,24,1,1,0,True,studio_1q,89.58
893105308,StudioOuKitchenette,Rua Cristiano Viana,Cerqueira César,2574,2993,25,1,1,0,False,studio_1q,102.96
894603719,StudioOuKitchenette,Avenida Moema,Indianópolis,4200,5932,45,1,1,1,True,studio_1q,93.33
893127744,StudioOuKitchenette,Avenida Pujais Sabate,Jardim Ivana,1359,1700,30,1,1,0,True,studio_1q,45.3
894800230,StudioOuKitchenette,Alameda Raja Gabaglia,Vila Olímpia,3300,3987,25,1,1,0,True,studio_1q,132.0
895558830,StudioOuKitchenette,Rua Sante Colombara,Tatuapé,1890,2046,27,1,1,0,True,studio_1q,70.0
895638953,Apartamento,Rua Humberto I,Vila Mariana,3000,3756,21,1,1,0,True,1q_apto,142.86
895640490,Apartamento,Rua Flórida,Cidade Monções,12900,15398,94,1,1,1,True,1q_apto,137.23
894552661,Apartamento,Rua Conde de Sarzedas,Liberdade,2220,2781,25,1,1,0,True,1q_apto,88.8
895636081,Apartamento,Rua dos Patriotas,Ipiranga,2200,2917,39,1,1,1,False,1q_apto,56.41
894537934,Apartamento,Rua Tupi,Santa Cecilia,3350,4371,89,1,2,0,False,1q_apto,37.64
894322361,Apartamento,Rua Professor Ciridião Buarque,Vila Anglo Brasileira,4320,5980,65,1,2,1,True,1q_apto,66.46
895638451,Apartamento,Rua Alexandre Benois,Vila Andrade,2730,3554,36,1,1,0,False,1q_apto,75.83
894702391,Apartamento,Alameda Ministro Rocha Azevedo,Cerqueira César,5600,7533,55,1,1,1,True,1q_apto,101.82
894820594,Apartamento,Rua Engenheiro César,Santana,1650,2080,25,1,1,0,False,1q_apto,66.0
895422481,Apartamento,Rua Teodoro Sampaio,Pinheiros,4400,5396,26,1,1,0,True,1q_apto,169.23
895466099,Apartamento,Rua Galeno de Almeida,Pinheiros,4200,5189,27,1,1,0,True,1q_apto,155.56
895242709,Apartamento,Alameda Raja Gabaglia,Vila Olímpia,8000,8709,25,1,1,0,True,1q_apto,320.0
895540487,Apartamento,Rua Ubiraci,Parque Monteiro Soares,1500,2358,24,1,1,0,True,1q_apto,62.5
895540788,Apartamento,Rua Barão do Bananal,Pompeia,2520,3539,40,1,1,1,False,1q_apto,63.0
895606564,Apartamento,Rua São Leotélio,Vila Medeiros,1450,1535,35,1,1,0,False,1q_apto,41.43
893301394,Apartamento,Rua Paula Ney,Vila Mariana,6500,8381,63,1,2,2,False,1q_apto,103.17
893046719,Apartamento,Rua Glicério,Liberdade,2206,2541,35,1,1,0,False,1q_apto,63.03
895015235,Apartamento,Rua Bueno de Andrade,Aclimação,2100,2748,28,1,1,1,False,1q_apto,75.0
894849271,Apartamento,Rua Soares de Avellar,Vila Monte Alegre,2100,2631,32,1,1,0,True,1q_apto,65.62
895309217,Apartamento,Rua Claudino Pinto,Brás,1950,2480,29,1,1,0,False,1q_apto,67.24
893493272,Apartamento,Rua Alencar Araripe,Jardim Santa Cruz (sacomã),1800,2359,38,1,1,1,False,1q_apto,47.37
892781232,Apartamento,Rua Heitor Penteado,Vila Ida,4702,5507,42,1,1,0,False,1q_apto,111.95
895220663,Apartamento,Rua Desembargador Aragão,Vila Mariana,2835,3684,25,1,1,0,True,1q_apto,113.4
895237337,Apartamento,Avenida Bom Jardim,Pari,1600,2037,59,1,1,0,False,1q_apto,27.12
895340589,Apartamento,Avenida Vila Ema,Vila Ema,2000,2557,37,1,1,0,False,1q_apto,54.05
895356713,Apartamento,Rua Jesuíno Arruda,Itaim Bibi,4500,6670,58,1,1,1,True,1q_apto,77.59
895344597,Apartamento,Rua Santa Isabel,Vila Buarque,3000,3816,63,1,1,0,True,1q_apto,47.62
893587107,Apartamento,Alameda Santos,Bela Vista,4450,5389,67,1,1,0,False,1q_apto,66.42
893287604,Apartamento,Rua Fernão Dias,Pinheiros,5900,8127,57,1,1,1,True,1q_apto,103.51
893639839,Apartamento,Rua Barão de Iguape,Liberdade,2500,2610,65,1,1,0,False,1q_apto,38.46
895540641,Apartamento,Rua Ubiraci,Parque Monteiro Soares,1500,2358,24,1,1,0,True,1q_apto,62.5
893695690,Apartamento,Rua Frei Gaspar,Mooca,3000,3566,32,1,1,0,True,1q_apto,93.75
895167767,Apartamento,Rua Barão do Pirai,Vila Lucia,1670,1941,28,1,1,0,False,1q_apto,59.64
894775774,Apartamento,Rua Dom Manuel,Brooklin,1878,3412,26,1,1,0,False,1q_apto,72.23
895127897,Apartamento,Rua Diogo Jácome,Moema,16500,19444,48,1,1,1,False,1q_apto,343.75
894600061,Apartamento,Rua Agripina Simões Alvim,Vila Gomes Cardim,1795,1864,20,1,1,0,True,1q_apto,89.75
895286007,Apartamento,Avenida Casa Verde,Casa Verde,1550,1785,47,1,1,0,False,1q_apto,32.98
895244359,Apartamento,Rua Deputado João Sussumu Hirata,Morumbi,2100,3340,42,1,1,1,True,1q_apto,50.0
895617129,Apartamento,Avenida Nove de Julho,Bela Vista,2880,3686,50,1,1,1,False,1q_apto,57.6
895580531,Apartamento,Rua Maria do Carmo Sene,Vila Pauliceia,2132,2673,26,1,1,0,False,1q_apto,82.0
893570312,Apartamento,Rua Gabriele D39annunzio,Campo Belo,5850,7236,58,1,2,2,True,1q_apto,100.86
894608638,Apartamento,Rua Costa Aguiar,Ipiranga,2500,2896,26,1,1,0,True,1q_apto,96.15
895623997,Apartamento,Rua Francisca Miquelina,Bela Vista,2500,3174,25,1,1,0,True,1q_apto,100.0
894522807,Apartamento,Rua Conselheiro Moreira de Barros,Lauzane Paulista,2190,2747,30,1,1,0,True,1q_apto,73.0
895559370,Apartamento,Avenida Pavão,Recanto Paraíso,2750,3986,37,1,1,1,False,1q_apto,74.32
895531402,Apartamento,Rua Padre João Manuel,Cerqueira César,6750,8169,50,1,1,0,True,1q_apto,135.0
893781880,Apartamento,Rua Gaspar Lourenço,Vila Mariana,2200,2584,42,1,1,0,True,1q_apto,52.38
895591073,Apartamento,Rua Aimberê,Perdizes,3000,4205,40,1,1,1,True,1q_apto,75.0
892906366,Apartamento,Rua Vilela,Tatuapé,2507,3339,55,1,1,1,False,1q_apto,45.58
894469833,Apartamento,Rua Maurício Semer,Vila Nivi,1430,1566,28,1,1,0,False,1q_apto,51.07
894185322,Apartamento,Rua Paraná,Brás,2570,3236,47,1,1,1,True,1q_apto,54.68
894699501,Apartamento,Rua Luiz Seráphico Júnior,Jardim Caravelas,2000,2527,29,1,1,0,False,1q_apto,68.97
895592136,Apartamento,Rua Bom Sucesso,Cidade Mãe do Céu,2300,2469,40,1,1,0,False,1q_apto,57.5
895039450,Apartamento,Rua Almirante Noronha,Jardim São Paulo,3000,3436,30,1,1,0,False,1q_apto,100.0
895369540,Apartamento,Rua Barretos,Alto da Mooca,2550,2729,34,1,1,0,False,1q_apto,75.0
893740081,Apartamento,Rua Carlos Sampaio,Bela Vista,6400,7767,37,1,1,1,True,1q_apto,172.97
893403356,Apartamento,Rua Moisés Marx,Vila Matilde,1400,1801,35,1,1,0,False,1q_apto,40.0
894370277,Apartamento,Rua Borges Ladário,Tucuruvi,2500,2796,26,1,1,0,False,1q_apto,96.15
895111083,Apartamento,Alameda Lorena,Jardins,3200,5598,32,1,1,1,True,1q_apto,100.0
895317911,Apartamento,Rua Borges Lagoa,Vila Clementino,4900,5889,27,1,1,0,True,1q_apto,181.48
892889321,Apartamento,Rua Ministro Nélson Hungria,Vila Tramontano,2033,2930,35,1,1,1,True,1q_apto,58.09
895287183,Apartamento,Rua Tanabi,Barra Funda,2100,2949,50,1,1,0,False,1q_apto,42.0
895273536,Apartamento,Rua Gabriel de Lara,Vila Cordeiro,6000,6780,32,1,1,0,True,1q_apto,187.5
895600411,Apartamento,Rua Leopoldo Couto Magalhães Júnior,Itaim Bibi,4300,6076,60,1,1,1,True,1q_apto,71.67
895536964,Apartamento,Rua Catumbi,Belenzinho,2000,2497,32,1,1,0,True,1q_apto,62.5
893212060,Apartamento,Rua São Francisco,Sé,1700,2226,44,1,1,0,False,1q_apto,38.64
893815885,Apartamento,Rua da Independência,Cambuci,1650,2355,47,1,1,0,False,1q_apto,35.11
895599104,Apartamento,Praça Júlio Mesquita,Santa Ifigênia,3200,3868,70,1,1,0,True,1q_apto,45.71
895594269,Apartamento,Rua Olímpia de Almeida Prado,Barra Funda,1900,2440,25,1,1,0,False,1q_apto,76.0
895093735,Apartamento,Rua Camatei,Vila Nivi,1300,1600,25,1,1,0,False,1q_apto,52.0
894743353,Apartamento,Rua Rocha,Bela Vista,5000,5463,50,1,1,0,True,1q_apto,100.0
894055381,Apartamento,Avenida Thomas Edison,Barra Funda,1485,1931,26,1,1,0,False,1q_apto,57.12
895525908,Apartamento,Rua Joaquim Guarani,Jardim das Acacias,4000,5284,36,1,1,1,True,1q_apto,111.11
894883123,Apartamento,Rua Alexandre Dumas,Chácara Santo Antônio (zona Sul),2891,3582,29,1,1,0,False,1q_apto,99.69
894890074,Apartamento,Rua do Bosque,Barra Funda,2200,2851,38,1,1,1,True,1q_apto,57.89
895438017,Apartamento,Rua Charles Spencer Chaplin,Vila Andrade,3000,4206,50,1,2,1,True,1q_apto,60.0
893519449,Apartamento,Rua João Baldinato,Vila Suzana,5000,6443,140,1,2,2,False,1q_apto,35.71
893357187,Apartamento,Rua Girassol,Vila Madalena,2200,3603,25,1,1,0,True,1q_apto,88.0
895439822,Apartamento,Rua Pangaré,Vila Butantã,2450,3048,25,1,1,0,True,1q_apto,98.0
895439164,Apartamento,Alameda Ministro Rocha Azevedo,Jardim Paulista,9900,12759,77,1,2,1,True,1q_apto,128.57
894821858,Apartamento,Alameda Campinas,Jardim Paulista,7000,9178,70,1,2,1,True,1q_apto,100.0
895087918,Apartamento,Rua Imbarié,Vila Prudente,2930,3384,50,1,1,0,True,1q_apto,58.6
895324379,Apartamento,Rua General Chagas Santos,Vila da Saúde,3190,3613,41,1,1,0,False,1q_apto,77.8
894681097,Apartamento,Alameda Campinas,Jardim Paulista,3200,4623,35,1,1,1,True,1q_apto,91.43
895560065,Apartamento,Avenida Moaci,Planalto Paulista,4000,4943,40,1,1,0,True,1q_apto,100.0
894512952,Apartamento,Rua dos Carmelitas,Centro Histórico de São Paulo,1500,2328,50,1,1,0,False,1q_apto,30.0
895365175,Apartamento,Avenida Alexandre Mackenzie,Jaguaré,1377,1880,34,1,1,0,False,1q_apto,40.5
894787981,Apartamento,Avenida Guapira,Tucuruvi,3800,4783,63,1,2,1,True,1q_apto,60.32
895101549,Apartamento,Rua Machado Bitencourt,Vila da Saúde,3200,4153,40,1,1,0,False,1q_apto,80.0
895268247,Apartamento,Rua Sílvio de Sousa,Vila Santa Clara,1940,2275,18,1,1,0,False,1q_apto,107.78
895342807,Apartamento,Avenida Moema,Moema,3300,5836,52,1,1,1,True,1q_apto,63.46
894368189,Apartamento,Avenida Santo Amaro,Vila Nova Conceição,3486,4143,27,1,1,0,True,1q_apto,129.11
895409668,Apartamento,Rua Barão do Bananal,Pompeia,3200,3830,43,1,1,0,True,1q_apto,74.42
893667494,Apartamento,Rua Anhaia,Bom Retiro,2800,3803,39,1,1,1,True,1q_apto,71.79
895358653,Apartamento,Rua Vergueiro,Ipiranga,7800,9531,75,1,2,1,True,1q_apto,104.0
893515553,Apartamento,Avenida Nove de Julho,Bela Vista,1450,2038,43,1,1,0,False,1q_apto,33.72
895378205,Apartamento,Rua Evaristo Luz,Chácara Belenzinho,1600,1662,27,1,1,0,False,1q_apto,59.26
893867300,Apartamento,Rua Conselheiro Lafaiette,Mooca,2595,3075,35,1,1,0,True,1q_apto,74.14
895523569,Apartamento,Avenida Álvaro Machado Pedrosa,Parada Inglesa,1680,2118,31,1,1,0,False,1q_apto,54.19
895237348,Apartamento,Avenida Bom Jardim,Pari,1600,2037,59,1,1,0,False,1q_apto,27.12
895167650,Apartamento,Rua Barão do Pirai,Vila Lucia,1670,1973,28,1,1,0,False,1q_apto,59.64
894788926,Apartamento,Rua Evans,Vila Esperança,1550,1828,30,1,1,0,False,1q_apto,51.67
895351331,Apartamento,Alameda Lorena,Jardim Paulista,2520,4005,45,1,1,1,False,1q_apto,56.0
893952942,Apartamento,Rua Dom José Maurício,Carandiru,1511,1786,45,1,1,0,False,1q_apto,33.58
895386110,Apartamento,Rua Afonso Braz,Vila Nova Conceição,4500,6466,55,1,1,1,True,1q_apto,81.82
894629117,Apartamento,Alameda Fernão Cardim,Jardim Paulista,8000,9836,49,1,1,1,True,1q_apto,163.27
895111200,Apartamento,Rua Cincinato Braga,Bela Vista,6800,9955,76,1,1,1,True,1q_apto,89.47
895579300,Apartamento,Rua Alfredo Pujol,Santana,2500,3076,30,1,1,0,True,1q_apto,83.33
893921584,Apartamento,Avenida Angélica,Santa Cecília,5000,5584,45,1,1,0,True,1q_apto,111.11
893967681,Apartamento,Rua Augusta,Consolação,5000,5937,45,1,1,1,True,1q_apto,111.11
895622173,Apartamento,Rua Borges Lagoa,Vila Clementino,3500,4992,45,1,1,1,True,1q_apto,77.78
895504975,Apartamento,Rua Itamonte,Parque Edu Chaves,2000,2827,48,1,1,1,False,1q_apto,41.67
895369858,Apartamento,Rua Leandro Teixeira,Morumbi,1600,2002,27,1,1,0,False,1q_apto,59.26
895467782,Apartamento,Rua Joaquim Ferreira,Água Branca,3680,4956,42,1,1,1,True,1q_apto,87.62
894775748,Apartamento,Rua Guaracininga,Carandiru,2000,2273,32,1,1,0,False,1q_apto,62.5
895106362,Apartamento,Rua Caetano Pinto,Brás,1700,2126,27,1,1,0,False,1q_apto,62.96
895544057,Apartamento,Rua Cardeal Arcoverde,Pinheiros,2900,3652,31,1,1,0,True,1q_apto,93.55
894731799,Apartamento,Rua Antônio Custódio Godoy,Vila Carolina,1000,1081,38,1,1,0,False,1q_apto,26.32
895539953,Apartamento,Rua Ubiraci,Parque Monteiro Soares,1500,2358,24,1,1,0,True,1q_apto,62.5
895070815,Apartamento,Rua Kobe,Jardim Japao,1480,1537,35,1,1,0,False,1q_apto,42.29
894762198,Apartamento,Rua Cândido Vale,Tatuapé,2030,2403,60,1,1,0,False,1q_apto,33.83
894342528,Apartamento,Rua Conde de Sarzedas,Sé,20000,21076,24,1,1,0,False,1q_apto,833.33
895584754,Apartamento,Rua Claudino Pinto,Brás,1800,2433,29,1,1,1,False,1q_apto,62.07
893448757,Apartamento,Rua Luís Góis,Vila Mariana,1851,2223,36,1,1,0,False,1q_apto,51.42
895482005,Apartamento,Rua Conselheiro Ramalho,Bela Vista,2750,3356,31,1,1,1,False,1q_apto,88.71
895607024,Apartamento,Rua Santo Elias,Parque São Jorge,2500,3000,36,1,1,0,False,1q_apto,69.44
895517731,Apartamento,Rua Domingos Paiva,Brás,1600,2005,27,1,1,0,False,1q_apto,59.26
895284225,Apartamento,Rua Tabatinguera,Sé,1650,2438,23,1,1,0,False,1q_apto,71.74
895609166,Apartamento,Rua Alexandre Dumas,Santo Amaro,2900,3712,28,1,1,0,True,1q_apto,103.57
894778065,Apartamento,Rua Dom Manuel,Brooklin,2208,3755,30,1,1,0,False,1q_apto,73.6
895587760,Apartamento,Rua Manoel Dutra,Bela Vista,1390,2180,20,1,1,0,False,1q_apto,69.5
894718861,Apartamento,Rua Pamplona,Jardim Paulista,4000,4996,22,1,1,0,True,1q_apto,181.82
894858739,Apartamento,Rua Serra de Jairé,Quarta Parada,2496,2593,23,1,1,0,True,1q_apto,108.52
895375742,Apartamento,Avenida Presidente Juscelino Kubitschek,Vila Nova Conceição,12000,12463,54,1,1,1,True,1q_apto,222.22
893402463,Apartamento,Rua Nestor Pestana,Consolação,2520,3407,50,1,1,0,False,1q_apto,50.4
895221159,Apartamento,Rua Araquã,Bela Vista,2750,3156,33,1,1,0,False,1q_apto,83.33
894799098,Apartamento,Rua Tenente Negrão,Itaim Bibi,4880,7748,35,1,1,1,True,1q_apto,139.43
894867260,Apartamento,Rua Sergipe,Higienópolis,5000,6543,37,1,1,1,False,1q_apto,135.14
893041747,Apartamento,Rua Ponta Delgada,Vila Olímpia,4000,6361,55,1,2,1,True,1q_apto,72.73
895178077,Apartamento,Rua dos Chanés,Indianópolis,2730,3685,23,1,1,0,True,1q_apto,118.7
894369663,Apartamento,Rua Augusto Tortorelo Araújo,Jardim São Paulo,3500,3985,27,1,1,0,False,1q_apto,129.63
894564705,Apartamento,Rua Doutor Azor Montenegro,Vila Mangalot,1550,1760,45,1,1,0,False,1q_apto,34.44
894562419,Apartamento,Rua Jorge Rizzo,Pinheiros,4022,4527,29,1,1,0,True,1q_apto,138.69
892809624,Apartamento,Avenida Giovanni Gronchi,Vila Andrade,1600,2787,58,1,1,1,True,1q_apto,27.59
895619021,Apartamento,Rua Ministro Sinésio Rocha,Vila Anglo Brasileira,3600,4681,40,1,1,1,False,1q_apto,90.0
894242155,Apartamento,Rua Luiz Grassmann,Jardim Mirante,1650,1948,26,1,1,0,False,1q_apto,63.46
895586592,Apartamento,Rua Trípoli,Vila Leopoldina,4000,4155,25,1,1,0,True,1q_apto,160.0
893048659,Apartamento,Rua Ouro Branco,Jardim Paulista,3250,4492,35,1,1,1,True,1q_apto,92.86
895613843,Apartamento,Rua General Jardim,Vila Buarque,2800,3500,26,1,1,0,True,1q_apto,107.69
893388674,Apartamento,Rua Alves Cardoso,Vila Maria Alta,1123,1372,37,1,1,0,False,1q_apto,30.35
895286531,Apartamento,Rua Doutor Cesário Mota Júnior,Vila Buarque,2800,3608,25,1,1,0,True,1q_apto,112.0
895594813,Apartamento,Alameda Campinas,Jardim Paulista,3000,4367,30,1,1,1,True,1q_apto,100.0
895540566,Apartamento,Rua Ubiraci,Parque Monteiro Soares,1700,2566,24,1,1,1,True,1q_apto,70.83
895201159,Apartamento,Rua Harmonia,Sumarezinho,2720,3325,25,1,1,0,False,1q_apto,108.8
895459135,Apartamento,Avenida Lavandisca,Indianópolis,3500,5754,40,1,1,1,True,1q_apto,87.5
895574913,Apartamento,Rua Bartira,Perdizes,2500,3939,36,1,1,0,True,1q_apto,69.44
895537532,Apartamento,Rua das Grumixamas,Jardim Oriental,1700,1916,26,1,1,0,False,1q_apto,65.38
893797873,Apartamento,Rua Luiz Seráphico Júnior,Jardim Caravelas,2080,2440,34,1,1,0,False,1q_apto,61.18
895542230,Apartamento,Rua Ingu,Guaiauna,1700,2196,30,1,1,0,False,1q_apto,56.67
895540611,Apartamento,Rua Ubiraci,Parque Monteiro Soares,1500,2358,24,1,1,0,True,1q_apto,62.5
895626205,Apartamento,Alameda Franca,Cerqueira César,2600,4305,40,1,1,1,False,1q_apto,65.0
895623965,Apartamento,Rua do Lavapés,Cambuci,2300,2759,36,1,1,0,True,1q_apto,63.89
895609102,Apartamento,Rua Doutor Fadlo Haidar,Vila Nova Conceição,3940,4655,32,1,1,0,True,1q_apto,123.12
895542472,Apartamento,Alameda Campinas,Jardim Paulista,5000,6724,41,1,1,1,True,1q_apto,121.95
895516152,Apartamento,Rua Espírito Santo,Aclimação,2900,3812,35,1,1,1,True,1q_apto,82.86
895621211,Apartamento,Avenida Lasar Segall,Vila Celeste,3500,4714,66,1,2,1,True,1q_apto,53.03
895579649,Apartamento,Rua Paracuê,Sumaré,2990,3704,45,1,1,0,True,1q_apto,66.44
893792257,Apartamento,Rua Barão do Bananal,Vila Pompéia,3300,4327,41,1,1,1,False,1q_apto,80.49
895595377,Apartamento,Alameda Santos,Jardim Paulista,6500,7751,34,1,1,0,True,1q_apto,191.18
895551031,Apartamento,Avenida Padre Antônio José dos Santos,Cidade Monções,5500,7016,65,1,2,1,True,1q_apto,84.62
895560059,Apartamento,Rua Sampaio Viana,Vila Mariana,5675,7103,38,1,1,1,True,1q_apto,149.34
895152849,Apartamento,Avenida Rangel Pestana,Brás,1770,2188,32,1,1,0,False,1q_apto,55.31
894923507,Apartamento,Rua Senador Milton Campos,Santo Amaro,3200,4097,36,1,1,1,True,1q_apto,88.89
895579883,Apartamento,Rua Coronel Artur de Paula Ferreira,Vila Nova Conceição,3300,4077,24,1,1,0,True,1q_apto,137.5
895598054,Apartamento,Rua Mineradora de Diamantina,Cidade Continental,1300,1570,30,1,1,0,False,1q_apto,43.33
895435906,Apartamento,Avenida Professor Francisco Morato,Butantã,5200,6167,33,1,1,1,True,1q_apto,157.58
895140828,Apartamento,Rua Alexandre Levi,Cambuci,3800,4601,59,1,2,1,False,1q_apto,64.41
894701114,Apartamento,Rua Paim,Bela Vista,1850,2646,28,1,1,0,True,1q_apto,66.07
893551184,Apartamento,Rua Gaspar Lourenço,Vila Mariana,3480,4077,33,1,1,0,True,1q_apto,105.45
895538000,Apartamento,Avenida Doutor Guilherme Dumont Vilares,Vila Suzana,2300,3559,45,1,1,2,False,1q_apto,51.11
895515304,Apartamento,Rua Antônia Soveral,Chácara Santo Antônio (zona Leste),1396,1654,27,1,1,0,False,1q_apto,51.7
895532150,Apartamento,Rua Júlia Cortines,Ipiranga,2600,3216,34,1,1,0,False,1q_apto,76.47
894605195,Apartamento,Avenida Bom Jardim,Pari,1980,2432,49,1,1,0,False,1q_apto,40.41
895610028,Apartamento,Rua Doutor Gabriel Piza,Santana,1900,2374,55,1,1,0,False,1q_apto,34.55
895386398,Apartamento,Avenida Fagundes Filho,Vila Monte Alegre,2400,2711,38,1,1,0,False,1q_apto,63.16
895398725,Apartamento,Rua Coronel Artur de Paula Ferreira,Vila Nova Conceição,3720,5131,38,1,1,1,True,1q_apto,97.89
894456158,Apartamento,Rua Heitor Penteado,Sumarezinho,3170,3711,36,1,1,0,True,1q_apto,88.06
895568713,Apartamento,Rua do Lavapés,Cambuci,2040,2608,49,1,1,0,False,1q_apto,41.63
894516551,Apartamento,Rua Vergueiro,Vila Mariana,4000,4849,47,1,1,1,True,1q_apto,85.11
893049578,Apartamento,R. Rocha,Bela Vista,2220,3070,47,1,1,1,True,1q_apto,47.23
894399220,Apartamento,Avenida dos Carinás,Indianópolis,4700,5977,36,1,1,0,True,1q_apto,130.56
895629439,Apartamento,Rua Fazenda Natal,Vila Carrão,1540,1763,40,1,1,0,False,1q_apto,38.5
894405473,Apartamento,Rua Borges Lagoa,Vila Clementino,1123,1930,16,1,1,0,True,1q_apto,70.19
895377451,Apartamento,Rua Tito,Vila Romana,2970,3345,35,1,1,0,False,1q_apto,84.86
895487747,Apartamento,Rua Amaral Gurgel,Vila Buarque,1500,1658,40,1,1,0,False,1q_apto,37.5
894328084,Apartamento,Rua Samurais,Vila Maria Alta,1600,1920,35,1,1,0,False,1q_apto,45.71
895582348,Apartamento,Travessa Edna Fongaro,Vila Invernada,2100,2382,38,1,1,0,True,1q_apto,55.26
895615233,Apartamento,Avenida Santo Amaro,Brooklin,3700,4437,33,1,1,1,True,1q_apto,112.12
894868668,Apartamento,Rua Guilherme Maw,Luz,1800,2569,45,1,1,0,True,1q_apto,40.0
895602525,Apartamento,Rua do Estilo Barroco,Santo Amaro,6000,6768,48,1,2,1,True,1q_apto,125.0
893279961,Apartamento,Rua Doutor Alfredo Ellis,Bela Vista,3600,4904,45,1,2,1,True,1q_apto,80.0
893324945,Apartamento,Rua Doutor Jesuíno Maciel,Campo Belo,3600,4601,49,1,1,1,False,1q_apto,73.47
894276031,Apartamento,Avenida Macuco,Moema,2690,3726,45,1,1,0,False,1q_apto,59.78
895540154,Apartamento,Rua Ubiraci,Parque Monteiro Soares,1500,2358,24,1,1,0,True,1q_apto,62.5
895094423,Apartamento,Rua Borges Ladário,Tucuruvi,2147,2660,29,1,1,0,False,1q_apto,74.03
893226979,Apartamento,Alameda Olga,Santa Cecilia,1980,2705,38,1,1,1,False,1q_apto,52.11
895049701,Apartamento,Rua Ventura Ladalardo,Panamby,5900,7346,70,1,1,1,True,1q_apto,84.29
894959892,Apartamento,Rua Rainúnculos,Vila Prudente,1700,2008,30,1,1,0,False,1q_apto,56.67
892878648,Apartamento,Rua Domingos Lopes da Silva,Vila Suzana,2500,3575,54,1,1,1,True,1q_apto,46.3
895623921,Apartamento,Rua Haddock Lobo,Cerqueira César,7400,9277,65,1,2,1,True,1q_apto,113.85
895443906,Apartamento,Rua da Independência,Cambuci,3000,3416,33,1,1,0,False,1q_apto,90.91
895473508,Apartamento,Rua Namaxi,Vila Sao Geraldo,1450,1685,25,1,1,0,False,1q_apto,58.0
895454754,Apartamento,Rua Coelho Lisboa,Vila Gomes Cardim,3810,4641,65,1,1,0,False,1q_apto,58.62
895532682,Apartamento,Rua Loefgren,Vila Clementino,7580,9398,79,1,2,1,True,1q_apto,95.95
895587662,Apartamento,Rua Ministro Luiz Gallotti,Vila Cordeiro,4250,5333,46,1,2,1,True,1q_apto,92.39
895093715,Apartamento,Rua Camatei,Vila Nivi,1300,1600,25,1,1,0,False,1q_apto,52.0
893204332,Apartamento,Rua Nova York 245,Brooklin Paulista,4130,5189,42,1,1,1,True,1q_apto,98.33
895453849,Apartamento,Rua Cônego Eugênio Leite,Pinheiros,4700,6406,32,1,2,1,False,1q_apto,146.88
895274523,Apartamento,Rua Alvarenga,Butantã,4050,4690,34,1,1,0,True,1q_apto,119.12
894415023,Apartamento,Avenida Jamaris,Planalto Paulista,3800,5691,60,1,1,1,True,1q_apto,63.33
895291406,Apartamento,Rua José Manuel da Fonseca Júnior,Vila Matilde,2130,2829,27,1,1,0,True,1q_apto,78.89
895552000,Apartamento,Rua Guararapes,Brooklin,3700,4817,39,1,1,1,True,1q_apto,94.87
892806834,Apartamento,Avenida Lins de Vasconcelos,Cambuci,2560,3072,61,1,1,0,False,1q_apto,41.97
893316389,Apartamento,Rua Doutor Diogo de Faria,Vila Clementino,2500,4658,45,1,1,1,True,1q_apto,55.56
895084177,Apartamento,Rua Cláudio Luís da Costa,Jardim Vila Formosa,1700,2016,42,1,1,0,False,1q_apto,40.48
894057778,Apartamento,Rua Soberana,Brooklin Paulista,5200,6414,50,1,1,1,True,1q_apto,104.0
894820564,Apartamento,Rua Frei Gaspar,Mooca,2500,2996,30,1,1,0,False,1q_apto,83.33
893942181,Apartamento,Rua Safira,Liberdade,1872,3345,39,1,1,1,False,1q_apto,48.0
895332129,Apartamento,Rua Dante Carraro,Pinheiros,7000,8377,33,1,1,1,True,1q_apto,212.12
895324377,Apartamento,Rua General Chagas Santos,Vila da Saúde,2695,3099,32,1,1,0,False,1q_apto,84.22
894756799,Apartamento,Rua Martim Burchard,Brás,3300,3982,40,1,1,0,False,1q_apto,82.5
894300059,Apartamento,Rua Nova Cidade,Vila Olímpia,6300,9516,75,1,1,2,False,1q_apto,84.0
895540061,Apartamento,Rua Ubiraci,Parque Monteiro Soares,1500,2358,24,1,1,0,True,1q_apto,62.5
895437939,Apartamento,Rua Coronel Artur de Paula Ferreira,Vila Nova Conceição,4000,4854,25,1,1,0,True,1q_apto,160.0
895101905,Apartamento,Rua Gama Lobo,Vila Dom Pedro I,1955,2335,56,1,1,0,False,1q_apto,34.91
894391904,Apartamento,Rua Consolação,Consolação,2500,3117,38,1,1,0,True,1q_apto,65.79
893190484,Apartamento,Rua Leopoldo Couto de Magalhães Júnior,Itaim Bibi,7910,10489,61,1,2,1,True,1q_apto,129.67
894358802,Apartamento,Avenida Oratório,Vila Independência,2293,2827,29,1,1,0,True,1q_apto,79.07
893870360,Apartamento,Avenida Santo Amaro,Vila Nova Conceição,3067,3723,27,1,1,0,False,1q_apto,113.59
895607715,Apartamento,Rua Luiz Gastão,Parque São Lucas,1500,1640,45,1,1,0,False,1q_apto,33.33
895116865,Apartamento,Rua Kansas,Cidade Monções,16000,18483,111,1,2,2,True,1q_apto,144.14
893427737,Apartamento,Rua Galvão Bueno,Liberdade,2500,4346,36,1,1,1,True,1q_apto,69.44
895305309,Apartamento,Rua Galvão Bueno,Liberdade,2800,4208,34,1,1,1,True,1q_apto,82.35
895519215,Apartamento,Rua Frei Gaspar,Mooca,2000,2468,30,1,1,0,True,1q_apto,66.67
894547456,Apartamento,Rua das Camélias,Mirandópolis,2550,3899,20,1,1,0,True,1q_apto,127.5
893961213,Apartamento,Rua Flora,Brás,2080,2666,25,1,1,0,False,1q_apto,83.2
894503730,Apartamento,Alameda Eduardo Prado,Campos Elíseos,10650,11585,30,1,1,0,False,1q_apto,355.0
894785224,Apartamento,Rua Doutor Azor Montenegro,Vila Mangalot,2480,2956,29,1,1,0,False,1q_apto,85.52
894628128,Apartamento,Avenida Regente Feijó,Vila Regente Feijó,4190,5366,55,1,1,2,True,1q_apto,76.18
895369429,Apartamento,Rua São Vicente de Paulo,Santa Cecilia,1940,3642,43,1,1,1,True,1q_apto,45.12
895621999,Apartamento,Rua Artur Prado,Bela Vista,2600,3427,48,1,1,1,False,1q_apto,54.17
894207432,Apartamento,"Rua Mateus Grou, São Paulo - Sp, 05415-050, Brasil",Pinheiros,3672,5822,48,1,1,1,True,1q_apto,76.5
894605323,Apartamento,Avenida Vereador José Diniz,Santo Amaro,3200,3779,34,1,1,0,True,1q_apto,94.12
894472901,Apartamento,Rua Augusta,Cerqueira César,3000,4748,60,1,1,0,True,1q_apto,50.0
893794874,Apartamento,Rua Gabriele D'annunzio,Campo Belo,4950,5699,48,1,1,1,True,1q_apto,103.12
892815111,Apartamento,Rua Manuel Guedes,Jardim Europa,4650,5829,46,1,1,1,True,1q_apto,101.09
894495812,Apartamento,Rua Paula Ney,Vila Mariana,3320,4092,67,1,2,1,True,1q_apto,49.55
895371053,Apartamento,Rua Padre João,Penha de França,1600,1947,29,1,1,0,False,1q_apto,55.17
893331556,Apartamento,Rua Guaianases,Campos Elíseos,2000,2577,40,1,1,1,True,1q_apto,50.0
895515594,Apartamento,R. Michigan,Brooklin,3450,4376,34,1,1,1,True,1q_apto,101.47
894634830,Apartamento,Avenida Leôncio de Magalhães,Jardim São Paulo(zona Norte),2090,2832,37,1,1,0,False,1q_apto,56.49
895594281,Apartamento,Avenida Paes de Barros,Mooca,1900,2434,24,1,1,0,False,1q_apto,79.17
895524170,Apartamento,Avenida Brigadeiro Luís Antônio,Jardim Paulista,3220,4293,40,1,1,1,True,1q_apto,80.5
894623431,Apartamento,Rua Cubatão,Vila Mariana,3650,5115,42,1,1,1,True,1q_apto,86.9
895364210,Apartamento,Rua Dona Leopoldina,Vila Dom Pedro I,4100,4743,39,1,1,0,False,1q_apto,105.13
893241285,Apartamento,Rua Princesa Isabel,Brooklin Paulista,2280,3359,39,1,1,0,True,1q_apto,58.46
895581083,Apartamento,Rua Tuim,Vila Uberabinha,2900,4787,35,1,1,1,True,1q_apto,82.86
894924932,Apartamento,Rua Doutor Gabriel dos Santos,Santa Cecilia,4200,5951,49,1,1,1,True,1q_apto,85.71
895540607,Apartamento,Rua Ubiraci,Parque Monteiro Soares,1700,2566,24,1,1,1,True,1q_apto,70.83
894901603,Apartamento,Rua Marselhesa,Vila Mariana,1097,1881,13,1,1,0,False,1q_apto,84.38
895627548,Apartamento,Rua Capote Valente,Pinheiros,5700,6952,44,1,1,1,True,1q_apto,129.55
894460323,Apartamento,Rua Rio Grande,Vila Mariana,2400,3359,73,1,1,1,False,1q_apto,32.88
895626295,Apartamento,Rua Araquã,Bela Vista,3300,4109,46,1,1,1,False,1q_apto,71.74
894647186,Apartamento,Avenida Santo Amaro,Vila Nova Conceição,4200,4842,38,1,1,0,True,1q_apto,110.53
893572616,Apartamento,Rua Joaquim Ferreira,Água Branca,5450,6797,40,1,1,1,True,1q_apto,136.25
893870800,Apartamento,Rua Doutor Chibata Miyakoshi,Paraíso do Morumbi,1700,3241,37,1,1,1,False,1q_apto,45.95
893530083,Apartamento,Rua Oscar Freire,Pinheiros,2990,3844,32,1,1,1,True,1q_apto,93.44
893076912,Apartamento,Rua Doutor Chibata Miyakoshi,Paraíso do Morumbi,2000,3961,45,1,1,1,True,1q_apto,44.44
894858620,Apartamento,Avenida Vereador José Diniz,Campo Belo,3500,4195,23,1,1,0,False,1q_apto,152.17
895528184,Apartamento,Rua Luís Murat,Pinheiros,3500,4687,25,1,1,0,True,1q_apto,140.0
894627345,Apartamento,Rua Doutor Pinto Ferraz,Vila Mariana,2330,3354,45,1,1,1,False,1q_apto,51.78
895189091,Apartamento,Rua Vale da Ribeira,Santana,1750,2148,33,1,1,0,False,1q_apto,53.03
892880109,Apartamento,Rua General Chagas Santos,Vila da Saúde,4100,5655,78,1,2,1,True,1q_apto,52.56
895423914,Apartamento,Avenida Duque de Caxias,Campos Elíseos,3200,3942,38,1,1,0,True,1q_apto,84.21
894486555,Apartamento,Rua Bartira,Perdizes,5500,6449,30,1,1,0,True,1q_apto,183.33
894203015,Apartamento,Rua Guarapuava,Mooca,3450,3989,55,1,1,1,True,1q_apto,62.73
893716493,Apartamento,Praça Benedito Calixto,Pinheiros,4500,5882,47,1,2,1,True,1q_apto,95.74
894745230,Apartamento,Alameda dos Maracatins,Indianópolis,2400,2953,24,1,1,0,False,1q_apto,100.0
893901163,Apartamento,Rua Hamilton Prado,Vila Guarani(zona Leste),1222,1626,33,1,1,0,False,1q_apto,37.03
894633081,Apartamento,Rua Cardeal Arcoverde,Pinheiros,4000,4804,27,1,1,0,True,1q_apto,148.15
895429637,Apartamento,Rua Paim,Bela Vista,6900,7972,46,1,2,1,True,1q_apto,150.0
895470969,Apartamento,Rua Professor Doutor José Marques da Cruz,Jardim das Acacias,3300,4029,28,1,1,0,True,1q_apto,117.86
895448315,Apartamento,Rua Caio Prado,Consolação,2000,2777,35,1,1,1,False,1q_apto,57.14
893454206,Apartamento,Rua Guarará,Jardim Paulista,5700,7644,45,1,1,1,False,1q_apto,126.67
895448452,Apartamento,Rua Padre Adelino,Quarta Parada,3700,4806,50,1,1,0,True,1q_apto,74.0
895418071,Apartamento,Rua Doutor Melo Alves,Jardins,4500,6763,39,1,1,1,True,1q_apto,115.38
895482016,Apartamento,Rua Capitão Francisco Lipi,Vila Dom Pedro Ii,1360,1963,32,1,1,0,False,1q_apto,42.5
895477064,Apartamento,Rua Jaguaribe,Consolação,4500,4892,30,1,1,0,True,1q_apto,150.0
895517867,Apartamento,Rua Marcos Lopes,Vila Nova Conceição,6790,8677,85,1,1,1,True,1q_apto,79.88
895443535,Apartamento,Rua Carlos Petit,Vila Mariana,3000,3582,34,1,1,0,True,1q_apto,88.24
895370852,Apartamento,Rua Domingos Paiva,Brás,3700,4740,40,1,1,0,True,1q_apto,92.5
895484943,Apartamento,Rua Francisca Júlia,Santana,2130,2835,28,1,1,0,False,1q_apto,76.07
895384410,Apartamento,Rua Planeta,Chácara Belenzinho,1750,1977,32,1,1,0,True,1q_apto,54.69
895476926,Apartamento,Rua Ministro Godói,Perdizes,3500,4269,28,1,1,0,True,1q_apto,125.0
893615934,Apartamento,Rua Gerivatiba,Butantã,5700,7337,38,1,1,1,True,1q_apto,150.0
893463695,Apartamento,Rua Castelhano,Vila Andrade,3500,4295,49,1,1,1,True,1q_apto,71.43
895519022,Apartamento,Rua Brigadeiro Galvão,Barra Funda,2000,2660,24,1,1,0,False,1q_apto,83.33
895504374,Apartamento,Rua Cubatão,Vila Mariana,4900,6039,38,1,1,0,False,1q_apto,128.95
895444270,Apartamento,Rua Dr. Ângelo Vita,Tatuapé,1900,2532,25,1,1,0,True,1q_apto,76.0
895457976,Apartamento,Rua Benjamin Pereira,Vila Santa Terezinha (zona Norte),1280,1650,27,1,1,0,False,1q_apto,47.41
895481498,Apartamento,Rua Senador Milton Campos,Santo Amaro,3300,4294,40,1,1,0,False,1q_apto,82.5
894735235,Apartamento,Rua Lomas Valentinas,Vila da Saúde,2120,2870,30,1,1,0,False,1q_apto,70.67
895539177,Apartamento,Rua Ubiraci,Parque Monteiro Soares,1700,2566,24,1,1,1,True,1q_apto,70.83
895459171,Apartamento,Rua Namaxi,Vila Sao Geraldo,1750,1997,30,1,1,0,False,1q_apto,58.33
895589586,Apartamento,Rua Fernão Dias,Pinheiros,7000,9159,57,1,2,1,True,1q_apto,122.81
895439350,Apartamento,Rua Paula Ney,Vila Mariana,4500,5324,37,1,1,1,True,1q_apto,121.62
895608620,Apartamento,Rua Humberto I,Vila Mariana,4850,5996,42,1,1,1,True,1q_apto,115.48
894758500,Apartamento,Rua Harmonia,Vila Madalena,4100,4943,45,1,1,0,True,1q_apto,91.11
895586795,Apartamento,Rua Balsa,Freguesia do Ó,1450,1956,25,1,1,0,False,1q_apto,58.0
895480810,Apartamento,Rua Turiassu,Perdizes,3800,5236,59,1,1,1,True,1q_apto,64.41
894510491,Apartamento,Rua Soares de Avellar,Vila Monte Alegre,2100,2250,31,1,1,0,True,1q_apto,67.74
895609583,Apartamento,Rua Dirce,Vila Guilherme,1650,1923,48,1,1,0,False,1q_apto,34.38
895477231,Apartamento,Alameda Raja Gabaglia,Vila Olímpia,3900,4751,25,1,1,1,True,1q_apto,156.0
895361264,Apartamento,Rua Doutor Sérgio Ruiz de Albuquerque,Rio Pequeno,1550,1714,40,1,2,0,False,1q_apto,38.75
895089941,Apartamento,Rua Professor Doutor José Marques da Cruz,Jardim das Acacias,4000,4834,26,1,1,0,True,1q_apto,153.85
893606866,Apartamento,Rua Capote Valente,Pinheiros,4100,4898,31,1,1,0,True,1q_apto,132.26
895616640,Apartamento,Avenida Santa Marina,Vila Albertina,1630,2169,30,1,1,0,False,1q_apto,54.33
895221128,Apartamento,Rua Araquã,Bela Vista,2750,3156,33,1,1,0,False,1q_apto,83.33
893635819,Apartamento,Alfredo Pujol,Santana,2400,3600,41,1,1,1,True,1q_apto,58.54
895533788,Apartamento,Rua João Cachoeira,Vila Nova Conceição,3800,4753,24,1,1,0,True,1q_apto,158.33
895545632,Apartamento,Rua Manoel Dutra,Bela Vista,2320,3226,41,1,1,1,False,1q_apto,56.59
895467552,Apartamento,Rua Doutor Fadlo Haidar,Vila Nova Conceição,4389,5030,26,1,1,0,True,1q_apto,168.81
895599158,Apartamento,Rua Pedro Doll,Santana,1800,2770,42,1,1,1,False,1q_apto,42.86
895630873,Apartamento,Rua Padre Chico,Pompeia,2890,3426,27,1,1,0,False,1q_apto,107.04
895635477,Apartamento,Rua Cantagalo,Tatuapé,1500,1922,32,1,1,0,False,1q_apto,46.88
895526165,Apartamento,Rua Frei Gaspar,Mooca,1910,2634,30,1,1,0,True,1q_apto,63.67
895540130,Apartamento,Rua Ubiraci,Parque Monteiro Soares,1500,2358,24,1,1,0,True,1q_apto,62.5
895591495,Apartamento,Alameda Ribeiro da Silva,Campos Elíseos,2000,2522,43,1,1,0,False,1q_apto,46.51
895269815,Apartamento,Rua Raul Jordão,Casa Verde,2900,3135,29,1,1,0,True,1q_apto,100.0
894701486,Apartamento,Avenida Indianópolis,Indianópolis,6000,7549,45,1,1,1,True,1q_apto,133.33
895537409,Apartamento,Rua das Grumixamas,Jardim Oriental,2500,2746,35,1,1,0,False,1q_apto,71.43
895612169,Apartamento,Rua São Domingos,Bela Vista,3000,3679,52,1,1,0,True,1q_apto,57.69
895499532,Apartamento,Rua Gabriele D’annunzio,Campo Belo,5000,6031,50,1,1,1,True,1q_apto,100.0
895589484,Apartamento,Praça Quatorze Bis,Bela Vista,2870,3461,56,1,1,0,True,1q_apto,51.25
894254397,Apartamento,Rua Armando Mattar,Vila das Merces,1316,1477,34,1,1,0,False,1q_apto,38.71
895252265,Apartamento,Rua Amaral Gurgel,Vila Buarque,2100,2756,27,1,1,0,True,1q_apto,77.78
894827213,Apartamento,Rua Castro Alves,Aclimação,2652,2755,35,1,1,0,True,1q_apto,75.77
893615056,Apartamento,Alameda Ribeiro da Silva,Campos Elíseos,1350,1848,28,1,1,0,False,1q_apto,48.21
894484331,Apartamento,Rua Faustolo,Água Branca,2700,3169,34,1,1,0,True,1q_apto,79.41
895585610,Apartamento,Rua Ministro Godói,Perdizes,2380,3222,26,1,1,0,True,1q_apto,91.54
895577778,Apartamento,Rua Achilles Orlando Curtolo,Parque Industrial Tomas Edson,1269,2318,24,1,1,0,False,1q_apto,52.88
895443149,Apartamento,Rua Mariano Procópio,Ipiranga,2800,3568,35,1,1,0,True,1q_apto,80.0
895539951,Apartamento,Rua Ubiraci,Parque Monteiro Soares,1500,2358,24,1,1,0,True,1q_apto,62.5
895552027,Apartamento,Rua Nundiaú,Santo Amaro,2500,2876,29,1,1,0,True,1q_apto,86.21
895619197,Apartamento,Rua Doutor Afonso Vergueiro,Vila Maria,2000,2517,39,1,1,1,False,1q_apto,51.28
894236446,Apartamento,Rua Professor Doutor José Marques da Cruz,Jardim das Acacias,4900,5831,41,1,1,1,False,1q_apto,119.51
893033120,Apartamento,Rua Major Dantas Cortes,Vila Gustavo,1300,1434,35,1,1,0,False,1q_apto,37.14
894701533,Apartamento,Rua Mário Augusto do Carmo,Jardim Avelino,2200,2860,46,1,1,0,False,1q_apto,47.83
895455857,Apartamento,Rua Voluntários da Pátria,Santana,2190,2694,39,1,1,0,True,1q_apto,56.15
894828181,Apartamento,Rua Harmonia,Vila Madalena,5500,5862,30,1,1,0,True,1q_apto,183.33
894370041,Apartamento,Avenida do Oratório,Vila Independência,2100,2755,30,1,1,0,True,1q_apto,70.0
895608582,Apartamento,Rua São Leotélio,Vila Medeiros,1500,1587,35,1,1,0,False,1q_apto,42.86
895594883,Apartamento,Avenida do Cursino,Vila Moraes,1100,1500,28,1,1,0,False,1q_apto,39.29
894019789,Apartamento,Rua Desembargador Aragão,Vila Mariana,4000,5082,37,1,1,1,False,1q_apto,108.11
895617048,Apartamento,Rua Domingos de Morais,Vila Mariana,3000,4672,46,1,1,0,True,1q_apto,65.22
893115331,Apartamento,Rua da Consolação,Cerqueira César,14630,17244,100,1,2,1,True,1q_apto,146.3
894970807,Apartamento,Rua Itamonte,Jardim Brasil (zona Norte),2100,2281,53,1,1,0,False,1q_apto,39.62
895605359,Apartamento,Rua Fiandeiras,Itaim Bibi,6500,7903,54,1,1,1,True,1q_apto,120.37
895550317,Apartamento,Rua Juquis,Indianópolis,4000,5524,40,1,1,1,True,1q_apto,100.0
894843829,Apartamento,Avenida Nove de Julho,Bela Vista,2950,3734,38,1,1,1,True,1q_apto,77.63
893275069,Apartamento,Rua Joaquim Antunes,Pinheiros,3598,4680,50,1,1,1,False,1q_apto,71.96
894391558,Apartamento,Rua Guaicurus,Água Branca,2600,3094,30,1,1,0,True,1q_apto,86.67
895504217,Apartamento,Rua Olímpia de Almeida Prado 59 - Barra Funda São Paulo - Sp Brasil,Barra Funda,1940,2615,25,1,1,0,True,1q_apto,77.6
892978024,Apartamento,Rua Maracá,Jabaquara,3245,4029,54,1,1,1,False,1q_apto,60.09
895470999,Apartamento,Rua Professor Doutor José Marques da Cruz,Jardim das Acacias,6000,6232,25,1,1,0,False,1q_apto,240.0
893351875,Apartamento,Rua Vergueiro,Liberdade,2950,3744,58,1,2,0,False,1q_apto,50.86
893209124,Apartamento,Avenida Francisco Matarazzo,Água Branca,2120,2884,81,1,1,0,False,1q_apto,26.17
895507738,Apartamento,Rua São Miguel,Bela Vista,2350,3102,40,1,1,1,False,1q_apto,58.75
893799141,Apartamento,Rua Professor Sebastião Soares de Faria,Bela Vista,1902,2650,43,1,1,0,False,1q_apto,44.23
895147323,Apartamento,Rua Frei Caneca,Consolação,6200,8739,110,1,2,1,True,1q_apto,56.36
895623014,Apartamento,Praça Alberto Lion,Mooca,2500,3003,28,1,1,0,True,1q_apto,89.29
895460413,Apartamento,Rua Batataes,Jardins,4000,6634,42,1,1,1,True,1q_apto,95.24
895431788,Apartamento,Avenida Santo Amaro,Vila Nova Conceição,3170,4034,26,1,1,0,True,1q_apto,121.92
895153476,Apartamento,Rua Faustolo,Água Branca,2260,2715,25,1,1,0,False,1q_apto,90.4
895207326,Apartamento,Rua Araquã,Bela Vista,2750,3156,32,1,1,0,True,1q_apto,85.94
895178004,Apartamento,Rua dos Chanés,Indianópolis,2730,3685,23,1,1,0,True,1q_apto,118.7
894323364,Apartamento,Rua da Consolação,Consolação,4500,5294,38,1,1,0,True,1q_apto,118.42
894813928,Apartamento,Rua Cristiano Viana,Cerqueira César,4000,4704,35,1,1,0,True,1q_apto,114.29
895510818,Apartamento,Rua Vergueiro,Cursino,1880,2314,24,1,1,0,False,1q_apto,78.33
895523304,Apartamento,Rua Torres da Barra,Água Branca,2800,3413,31,1,1,1,False,1q_apto,90.32
894303473,Apartamento,Rua Ministro Ferreira Alves,Perdizes,4568,5344,31,1,1,0,False,1q_apto,147.35
895360342,CasaCondominio,Rua Bela Vista,Chácara Santo Antônio (zona Sul),2180,2273,27,1,1,0,False,1q_condo,80.74
895028071,CasaCondominio,Rua General Syzeno Sarmento,Jardim Esmeralda,1417,1477,45,1,1,0,False,1q_condo,31.49
894495919,CasaCondominio,Rua Antônio Vieira de Medeiros,Pinheiros,2300,2398,30,1,1,0,False,1q_condo,76.67
893656359,CasaCondominio,Rua Barão de Santo Ângelo,Jardim do Tiro,1294,1542,30,1,1,0,False,1q_condo,43.13
894469867,CasaCondominio,Rua Nelo Viviani,Vila da Saúde,1850,2058,25,1,1,0,False,1q_condo,74.0
895210784,CasaCondominio,Rua Luís Pinto,Vila Carrão,1650,1858,65,1,1,0,False,1q_condo,25.38
895594329,CasaCondominio,Rua Elias Nagem Haidamus,Sacomã,1200,1371,24,1,1,0,False,1q_condo,50.0
893123813,CasaCondominio,Rua Agostinho Gomes,Ipiranga,1700,2073,80,1,1,0,False,1q_condo,21.25
894651458,CasaCondominio,Rua Maragojipe,Vila Antonina,1500,1605,39,1,1,0,False,1q_condo,38.46
894573873,CasaCondominio,Rua Freire Farto,Jabaquara,2298,2395,54,1,1,0,True,1q_condo,42.56
895000801,CasaCondominio,Avenida Santo Amaro,Brooklin,2176,2788,25,1,1,0,False,1q_condo,87.04
894607636,CasaCondominio,Rua Mário Augusto do Carmo,Jardim Avelino,1680,1811,12,1,1,0,False,1q_condo,140.0
895229680,CasaCondominio,Rua Inácio Pereira Leão,Cursino ,1970,2124,30,1,1,0,False,1q_condo,65.67
895136306,CasaCondominio,Rua Hemisfério,Chácara Belenzinho,1800,1926,40,1,1,1,False,1q_condo,45.0
895474972,CasaCondominio,Rua Manuel Machado Nunes,Vila Buenos Aires,1096,1195,36,1,1,0,False,1q_condo,30.44
893688669,CasaCondominio,Rua Manoel João Pereira,Vila Matilde,1460,1522,28,1,1,0,False,1q_condo,52.14
894620690,CasaCondominio,Rua Manuel Gaya,Vila Nova Mazzei,1450,1511,32,1,1,0,False,1q_condo,45.31
893569267,CasaCondominio,Rua das Frutas,Vila Nova Mazzei,1509,1573,38,1,1,0,False,1q_condo,39.71
895505679,CasaCondominio,Alameda dos Nhambiquaras,Moema,3500,4272,24,1,1,0,True,1q_condo,145.83
893360922,CasaCondominio,Rua Erva Café,Vila Boaçava,1304,1389,43,1,1,0,False,1q_condo,30.33
894428029,CasaCondominio,Rua Barata Ribeiro,Bela Vista,3200,3752,19,1,1,0,True,1q_condo,168.42
893672659,CasaCondominio,Alameda dos Nhambiquaras,Indianópolis,5600,6024,100,1,1,1,False,1q_condo,56.0
895580432,CasaCondominio,Rua José Gonçalves Pereira,Vila Nova Conceição,2700,3014,70,1,1,0,False,1q_condo,38.57
895624268,CasaCondominio,Avenida Guapira,Tucuruvi,1590,2308,26,1,1,0,False,1q_condo,61.15
892881310,CasaCondominio,Rua Marino Felix,Casa Verde,1600,1705,31,1,1,0,False,1q_condo,51.61
894761513,CasaCondominio,Rua Irmãos Pila,Vila Mazzei,1450,1561,45,1,1,0,False,1q_condo,32.22
894245667,CasaCondominio,Rua Arapari,Jardim Textil,1300,1389,48,1,1,0,False,1q_condo,27.08
893563883,CasaCondominio,Rua Luisiânia,Brooklin,1890,2270,25,1,1,0,False,1q_condo,75.6
895426330,CasaCondominio,Rua Ministro Ferreira Alves,Pompeia,8200,8863,92,1,2,1,False,1q_condo,89.13
893536629,CasaCondominio,Avenida Sanatório,Jardim Modelo,920,1119,40,1,1,0,False,1q_condo,23.0
894064419,CasaCondominio,Rua Mário Augusto do Carmo,Jardim Avelino,1400,1519,12,1,1,0,False,1q_condo,116.67
895595021,CasaCondominio,Rua Elias Nagem Haidamus,Sacomã,1200,1371,27,1,1,0,False,1q_condo,44.44
895596819,CasaCondominio,Rua Elias Nagem Haidamus,São João Climaco,1200,1371,20,1,1,0,False,1q_condo,60.0
893820011,CasaCondominio,Rua Rumaica,Vila Ipojuca,1800,1876,46,1,1,0,False,1q_condo,39.13
895093487,CasaCondominio,Travessa Dona Paula,Higienópolis,2680,2884,60,1,1,0,False,1q_condo,44.67
894894436,CasaCondominio,Rua José Manso,Vila Matilde,2160,2251,45,1,1,0,True,1q_condo,48.0
894021065,CasaCondominio,Rua Domingos Maza,Vila Boacava,1150,1249,33,1,1,0,False,1q_condo,34.85
894700221,CasaCondominio,Rua Rafael Alves,Vila Marina,1390,1528,30,1,1,0,False,1q_condo,46.33
893091081,CasaCondominio,Rua Monte Azul,Quarta Parada,1316,1494,30,1,1,0,False,1q_condo,43.87
895641433,CasaCondominio,Travessa Barra do Barão,Jardim Filhos da Terra,1500,1563,135,1,1,0,False,1q_condo,11.11
894777798,CasaCondominio,Rua José Gonçalves Pereira,Vila Nova Conceição,5000,5562,100,1,1,1,False,1q_condo,50.0
895587910,CasaCondominio,Rua Siqueira Bueno,Belenzinho,1198,1549,30,1,1,0,False,1q_condo,39.93
895292461,CasaCondominio,Rua Francisco Cruz,Vila Mariana,2410,3112,20,1,1,0,True,1q_condo,120.5
894906554,CasaCondominio,Rua Antônio Clemente,Santana,1560,1676,45,1,1,0,False,1q_condo,34.67
894796472,CasaCondominio,Rua Dom Meinrado,Jardim Monjolo,1680,1770,25,1,1,0,False,1q_condo,67.2
893979101,CasaCondominio,Rua Mossâmedes,Vila Santo Estevão,1300,1433,40,1,1,0,False,1q_condo,32.5
895278719,CasaCondominio,Avenida Ibirapuera,Moema,2700,3921,35,1,1,0,True,1q_condo,77.14
894228295,CasaCondominio,Rua Heinrich Biber,Vila Moraes,980,1064,48,1,1,0,False,1q_condo,20.42
893566876,CasaCondominio,Rua Osiris Magalhães de Almeida,Jardim Monte Kemel,3000,4077,56,1,1,1,False,1q_condo,53.57
894857749,CasaCondominio,Rua Alto Belo,Vila Antonieta,1490,1777,49,1,1,0,False,1q_condo,30.41
894135825,CasaCondominio,Rua Mil Oitocentos E Vinte E Dois,Ipiranga,5000,5212,36,1,1,0,False,1q_condo,138.89
895122518,CasaCondominio,Rua Sena Madureira,Vila Clementino,2200,4801,45,1,1,1,True,1q_condo,48.89
894792208,CasaCondominio,Rua Antônio das Chagas,Chácara Santo Antônio (zona Sul),7552,8322,203,1,1,5,True,1q_condo,37.2
894918208,CasaCondominio,Rua Dom Bosco,Mooca,1350,1757,30,1,1,0,False,1q_condo,45.0
895029747,CasaCondominio,Rua Pangaré,Vila Butantã,2550,3057,25,1,1,0,True,1q_condo,102.0
895108653,CasaCondominio,Rua Euclides Pacheco,Vila Gomes Cardim,2300,2398,35,1,1,0,False,1q_condo,65.71
893354532,CasaCondominio,Rua Aragão,Vila Mazzei,1284,1564,35,1,1,0,False,1q_condo,36.69
894894444,CasaCondominio,Rua José Manso,Vila Matilde,2160,2251,45,1,1,0,True,1q_condo,48.0
894894451,CasaCondominio,Rua José Manso,Vila Matilde,2160,2251,45,1,1,0,True,1q_condo,48.0
894894423,CasaCondominio,Rua José Manso,Vila Matilde,2960,3185,80,1,2,1,True,1q_condo,37.0
895221025,CasaCondominio,Rua Doutor Mário Vicente,Vila Dom Pedro I,2440,2568,35,1,1,0,True,1q_condo,69.71
893985336,CasaCondominio,Rua das Vertentes,Vila Constança,1700,1993,40,1,1,0,False,1q_condo,42.5
894225021,CasaCondominio,Rua Comendador Francisco Pettinati,Jardim Monte Kemel,984,1326,40,1,1,0,False,1q_condo,24.6
894033653,CasaCondominio,Rua Cambembé,Tatuapé,2298,2584,65,1,1,0,False,1q_condo,35.35
895594326,CasaCondominio,Rua Elias Nagem Haidamus,Sacomã,1200,1371,20,1,1,0,False,1q_condo,60.0
895022638,CasaCondominio,Rua Ipomeias,Vila Bela,1650,1720,45,1,1,0,False,1q_condo,36.67
892894061,CasaCondominio,Rua Eneida,Vila Esperança,1300,1455,40,1,1,0,False,1q_condo,32.5
894136466,CasaCondominio,Rua Hamilton Prado,Chácara Belenzinho,1200,1601,33,1,1,0,False,1q_condo,36.36
893744245,CasaCondominio,Rua Lopes da Costa,Chácara São João,1100,1369,30,1,1,0,False,1q_condo,36.67
894962718,CasaCondominio,Rua Porangatu,Vila Maria Alta,1308,1430,40,1,1,0,False,1q_condo,32.7
895002952,CasaCondominio,Rua Diogo Fernandes,Campestre,3000,3417,72,1,3,1,False,1q_condo,41.67
892895450,CasaCondominio,Avenida Santana,Centro,1250,1563,45,1,1,1,False,1q_condo,27.78
895538336,CasaCondominio,Rua Santa Adélia,Vila Sao Pedro,1600,1795,20,1,1,0,False,1q_condo,80.0
893585530,Apartamento,Rua Bueno de Andrade,Aclimação,2200,3694,75,2,2,1,False,2q_apto,29.33
895637921,Apartamento,Rua Major Maragliano,Vila Mariana,3200,4893,62,2,1,1,False,2q_apto,51.61
895292236,Apartamento,Rua Correggio,Jardim Colombo,3100,4742,79,2,2,2,False,2q_apto,39.24
894680534,Apartamento,Rua Doutor José Diogo Bastos,Jardim Aricanduva,1800,2354,43,2,1,0,False,2q_apto,41.86
895575850,Apartamento,Avenida Professor Francisco Morato,Vila Sonia,3800,4906,55,2,1,1,True,2q_apto,69.09
895602578,Apartamento,Avenida Carlos Caldeira Filho,Vila Andrade,2300,2849,44,2,1,0,False,2q_apto,52.27
893297352,Apartamento,Rua Serra da Bocaina,Quarta Parada,4600,5404,66,2,2,1,False,2q_apto,69.7
895472798,Apartamento,Rua Aurélia,Vila Romana,9800,12062,100,2,2,2,False,2q_apto,98.0
894453079,Apartamento,Rua Professor Miguel Russiano,Vila Aricanduva,2236,2322,39,2,1,0,False,2q_apto,57.33
893568489,Apartamento,Rua Ezequiel Freire,Santana,4500,4924,71,2,1,0,True,2q_apto,63.38
895466489,Apartamento,Rua Aristódemo Gazzotti,Vila das Belezas,1900,2754,51,2,1,1,False,2q_apto,37.25
895402854,Apartamento,Rua Manaiás,Parque da Vila Prudente,2200,2642,64,2,1,0,False,2q_apto,34.38
894872417,Apartamento,Rua Batataes,Pinheiros,11250,18300,110,2,3,3,True,2q_apto,102.27
894921342,Apartamento,Rua Marcos Grotti Vidal,Cidade Patriarca,3000,3366,49,2,1,0,False,2q_apto,61.22
892948852,Apartamento,Rua Doutor José Carlos de Toledo Piza,Jardim Parque Morumbi,3560,4396,78,2,2,1,True,2q_apto,45.64
894947771,Apartamento,Rua Catarina Vieira,Vila Dalila,2699,3653,81,2,1,1,False,2q_apto,33.32
894923804,Apartamento,Rua Nova Serrana,Jardim Maringa,1600,1823,61,2,1,0,False,2q_apto,26.23
895267548,Apartamento,Rua Plínio Colas,Lauzane Paulista,2520,3249,63,2,1,1,False,2q_apto,40.0
895253321,Apartamento,Rua São Bernardo,Cidade Mãe do Céu,2757,3205,36,2,1,1,True,2q_apto,76.58
893815259,Apartamento,Rua Domingos Rodrigues,Lapa,3300,4931,54,2,2,1,False,2q_apto,61.11
895324783,Apartamento,Rua Apiacás,Pompeia,4750,5694,50,2,1,0,True,2q_apto,95.0
893496115,Apartamento,Rua Doutor Sodré,Vila Nova Conceição,5000,6753,72,2,1,1,False,2q_apto,69.44
895538996,Apartamento,Rua Arnaldo Cintra,Vila Moreira,2230,3052,48,2,1,1,False,2q_apto,46.46
895592430,Apartamento,Rua Doutor Natalino Righeto,Tucuruvi,3300,4348,42,2,1,1,False,2q_apto,78.57
892858151,Apartamento,Rua Maracá,Vila Guarani (z Sul),4150,5511,78,2,1,1,False,2q_apto,53.21
893685222,Apartamento,Rua Carlos Weber,Vila Leopoldina,7500,10542,165,2,2,2,False,2q_apto,45.45
895578431,Apartamento,Avenida Dom Pedro I,Vila Monumento,2700,3504,84,2,1,1,True,2q_apto,32.14
893267330,Apartamento,Rua Dona Martinha,Santa Teresinha,2640,3656,58,2,2,1,False,2q_apto,45.52
895594690,Apartamento,Avenida General Francisco Morazan,Vila Sonia,2800,3258,75,2,1,0,False,2q_apto,37.33
895586484,Apartamento,Rua Júlio de Castilhos,Belenzinho,2300,2771,49,2,1,0,False,2q_apto,46.94
895604469,Apartamento,Rua Imaruí,Limão,1700,2283,32,2,1,0,False,2q_apto,53.12
895579028,Apartamento,Rua Edgard Pinto César,Parque Santa Madalena,2259,2396,35,2,1,0,True,2q_apto,64.54
895610508,Apartamento,Rua da Mooca,Mooca,1800,2328,37,2,1,0,False,2q_apto,48.65
893367023,Apartamento,Rua Sansão Alves dos Santos,Cidade Monções,11000,14249,108,2,2,2,True,2q_apto,101.85
895595007,Apartamento,Avenida Vila Ema,Vila Ema,1420,1954,34,2,1,0,False,2q_apto,41.76
892992785,Apartamento,Rua Nelson Gama de Oliveira,Vila Andrade,3790,4822,67,2,2,1,True,2q_apto,56.57
895426587,Apartamento,Avenida Santa Marina,Vila Albertina,1850,2589,44,2,2,0,False,2q_apto,42.05
895423889,Apartamento,Rua Ministro Edmundo Lins,Ferreira,1750,2493,30,2,1,0,False,2q_apto,58.33
894370388,Apartamento,Rua Canhemborá,Vila Gustavo,3500,3985,37,2,1,0,False,2q_apto,94.59
895058621,Apartamento,Avenida Rebouças,Pinheiros,23100,26149,85,2,2,1,True,2q_apto,271.76
893706098,Apartamento,Rua Celso Ramos,Vila Andrade,6234,6900,48,2,1,1,True,2q_apto,129.88
895359189,Apartamento,Rua Senador Milton Campos,Santo Amaro,5500,7133,68,2,3,1,False,2q_apto,80.88
895351648,Apartamento,Rua Antônio Júlio dos Santos,Fazenda Morumbi,1750,2588,46,2,1,1,True,2q_apto,38.04
893635418,Apartamento,Rua Guirá-acangatara,Jardim São Francisco (zona Leste),1460,1916,50,2,1,1,False,2q_apto,29.2
895612041,Apartamento,Rua Ipanema,Mooca,3200,3993,66,2,1,1,False,2q_apto,48.48
893480082,Apartamento,Alameda Rio Claro,Bela Vista,8500,10360,64,2,2,1,True,2q_apto,132.81
895540711,Apartamento,Rua Dráusio,Butantã,7000,8209,63,2,2,1,True,2q_apto,111.11
895525671,Apartamento,Rua Doutor Luiz Migliano,Jardim Caboré,1800,2449,45,2,1,1,True,2q_apto,40.0
894240074,Apartamento,Rua Odorico Mendes,Mooca,2300,2867,47,2,1,1,False,2q_apto,48.94
895581740,Apartamento,Avenida Aricanduva,Vila Matilde,1600,2112,33,2,1,0,False,2q_apto,48.48
893492975,Apartamento,Rua Edgar de Sousa,Vila Aricanduva,2350,2522,59,2,1,0,False,2q_apto,39.83
894807463,Apartamento,Rua Candiruaçu,Parque Vitoria,1880,2452,35,2,1,0,True,2q_apto,53.71
895469729,Apartamento,Rua Jupi,Santo Amaro,2500,3546,54,2,1,1,False,2q_apto,46.3
895457510,Apartamento,Rua Ibitirama,Vila Prudente,2223,2799,33,2,1,0,False,2q_apto,67.36
895480803,Apartamento,Avenida Condessa Elizabeth de Robiano,Jardim America da Penha,1800,1869,43,2,1,0,False,2q_apto,41.86
895458715,Apartamento,Rua Pimenta Bueno,Chácara Tatuapé,2800,3288,39,2,1,0,False,2q_apto,71.79
894825915,Apartamento,Rua Doutor Bacelar,Vila Clementino,3800,5806,65,2,1,1,False,2q_apto,58.46
895454660,Apartamento,Alameda Franca,Jardim Paulista,34800,36189,131,2,2,1,True,2q_apto,265.65
892922403,Apartamento,Rua Dom José Maurício,Carandiru,1680,2174,65,2,1,0,False,2q_apto,25.85
895579269,Apartamento,Rua Cardeal Arcoverde,Pinheiros,3800,5320,50,2,2,2,False,2q_apto,76.0
895494488,Apartamento,Rua Tenente Otávio Gomes,Aclimação,2184,2910,56,2,1,0,False,2q_apto,39.0
892833760,Apartamento,Estrada Velha Penha,Tatuapé,2800,3868,67,2,2,1,False,2q_apto,41.79
895563880,Apartamento,Rua Carmo do Rio Verde,Jardim Caravelas,1850,2516,32,2,1,0,False,2q_apto,57.81
895558454,Apartamento,Avenida Carlos Caldeira Filho,Vila Andrade ,2230,2916,33,2,1,0,False,2q_apto,67.58
894735989,Apartamento,Rua Federação Paulista de Futebol,Várzea da Barra Funda,2800,3346,41,2,1,0,False,2q_apto,68.29
894369664,Apartamento,Rua Augusto Tortorelo Araújo,Jardim São Paulo,4500,5024,45,2,1,0,False,2q_apto,100.0
893059575,Apartamento,Rua Fábia,Vila Romana,10000,14761,198,2,4,3,True,2q_apto,50.51
895399292,Apartamento,Rua Cristiano Viana,Cerqueira César,9760,11876,74,2,2,1,True,2q_apto,131.89
893137858,Apartamento,Avenida Leonardo da Vinci,Vila Guarani (z Sul),2800,4013,97,2,2,0,True,2q_apto,28.87
893984749,Apartamento,Rua Paim,Bela Vista,4600,5645,45,2,1,1,False,2q_apto,102.22
895401158,Apartamento,Rua Fernandes Pinheiro,Tatuapé,4500,5474,55,2,2,1,False,2q_apto,81.82
895507088,Apartamento,Rua Santa Veridiana,Vila Maria Alta,2503,3090,85,2,2,1,False,2q_apto,29.45
895520525,Apartamento,Rua São Nicásio,Vila Prudente,3600,3964,58,2,1,0,False,2q_apto,62.07
895535731,Apartamento,Avenida Vila Ema,Vila Ema,1610,2108,34,2,1,0,False,2q_apto,47.35
894846608,Apartamento,Rua Santa Flora,Vila Monumento,3650,4748,56,2,1,2,True,2q_apto,65.18
895147987,Apartamento,Rua Caçaquera,Vila Antonina,2520,3017,45,2,1,1,False,2q_apto,56.0
895518939,Apartamento,Rua Oscar Mosconi,Vila Matilde,3000,3516,90,2,1,1,False,2q_apto,33.33
893286006,Apartamento,Rua Alfredo Pujol,Santana,2561,3068,40,2,1,0,False,2q_apto,64.03
895507185,Apartamento,Avenida Alexandre Mackenzie,Jaguaré,1500,2033,37,2,1,0,False,2q_apto,40.54
893768701,Apartamento,Rua Doutor Fleury Silveira,Vila Santa Maria,1950,2571,44,2,1,1,False,2q_apto,44.32
895584216,Apartamento,Avenida Doutor Luís Rocha Miranda,Jabaquara,3000,4197,76,2,2,1,False,2q_apto,39.47
895593051,Apartamento,Rua Voluntários da Pátria,Santana,3500,4429,53,2,1,0,True,2q_apto,66.04
895552062,Apartamento,Rua Califórnia,Jardim Prainha,12500,15305,105,2,3,2,True,2q_apto,119.05
893290332,Apartamento,Avenida Damasceno Vieira,Vila Mascote,2700,3648,55,2,1,1,False,2q_apto,49.09
892993409,Apartamento,Rua Iperoig,Perdizes,4750,6493,90,2,2,1,True,2q_apto,52.78
894656557,Apartamento,Avenida Celso Garcia,Tatuapé,1790,2209,38,2,1,0,False,2q_apto,47.11
894334141,Apartamento,Rua Juvenal Ferreira,Vila Matilde,2100,2381,50,2,1,1,False,2q_apto,42.0
894387261,Apartamento,R. Padre Jerônimo Vermin,Ipiranga,2033,2611,80,2,2,1,True,2q_apto,25.41
895435217,Apartamento,Rua Barnabé Coutinho,Vila Albertina,2430,3022,36,2,1,0,False,2q_apto,67.5
895522958,Apartamento,Rua Sena Madureira,Vila Mariana,4980,6144,60,2,2,1,True,2q_apto,83.0
894761740,Apartamento,Rua Padre Raposo,Mooca,2800,2910,80,2,2,0,False,2q_apto,35.0
892988301,Apartamento,Rua Mooca,Mooca,2392,3229,85,2,2,0,False,2q_apto,28.14
895364199,Apartamento,Rua Dona Leopoldina,Vila Dom Pedro I,4200,5270,75,2,2,1,False,2q_apto,56.0
895212941,Apartamento,Rua Domingos de Barros Lisboa,Vila Mangalot,1900,2285,65,2,1,0,True,2q_apto,29.23
894655042,Apartamento,Rua Doutor César,Santana,5100,6097,68,2,1,1,True,2q_apto,75.0
894408890,Apartamento,Rua Caetano Pinto,Brás,2600,3120,34,2,1,0,False,2q_apto,76.47
895320315,Apartamento,Rua Santa Leocádia,Vila Isolina Mazzei,3500,4272,67,2,1,1,True,2q_apto,52.24
895408015,Apartamento,Avenida Nova Independência,Brooklin,4500,6074,61,2,1,1,True,2q_apto,73.77
895365570,Apartamento,Rua João Marchiori,Cidade Patriarca,2050,2478,43,2,1,1,False,2q_apto,47.67
895183913,Apartamento,Rua Costa Barros,Vila Alpina,3000,3466,45,2,1,1,False,2q_apto,66.67
894503607,Apartamento,Rua Campos Bicudo,Itaim Bibi,10000,11608,84,2,2,1,False,2q_apto,119.05
894061979,Apartamento,Avenida Dezenove de Janeiro,Vila Carrao,9500,10967,73,2,2,1,False,2q_apto,130.14
895330928,Apartamento,Rua Voluntários da Pátria,Santana,2180,2711,38,2,1,0,True,2q_apto,57.37
895214443,Apartamento,Rua Domingos de Barros Lisboa,Vila Mangalot,1900,2285,65,2,1,0,True,2q_apto,29.23
895354129,Apartamento,Rua Sargento-mor Ramalho,Vila Dom Pedro Ii,1930,2430,44,2,1,0,False,2q_apto,43.86
895158661,Apartamento,Avenida das Belezas,Vila Plana,2430,2873,36,2,1,0,False,2q_apto,67.5
895506845,Apartamento,Rua Martins Fontes,Consolação,4500,5648,80,2,1,0,True,2q_apto,56.25
895158341,Apartamento,R. Rui de Morais Apocalipse,Jardim do Tiro,1860,2562,58,2,1,1,False,2q_apto,32.07
894102307,Apartamento,Rua Cônego Eugênio Leite,Pinheiros,5360,6788,77,2,1,1,False,2q_apto,69.61
894470189,Apartamento,Rua Verona,Vila Dom Pedro Ii,3000,3416,45,2,1,0,False,2q_apto,66.67
895515960,Apartamento,Alameda Gabriel Monteiro da Silva,Jardins,10000,13336,59,2,2,1,True,2q_apto,169.49
894697874,Apartamento,Rua Plácido Vieira,Santo Amaro,2600,3100,43,2,1,0,False,2q_apto,60.47
894564634,Apartamento,Rua Atalaia Velha,Vila Canero,2061,3143,57,2,1,1,False,2q_apto,36.16
894298956,Apartamento,Avenida Thomas Edison,Parque Industrial Tomas Edson,8650,10251,100,2,2,2,False,2q_apto,86.5
892840879,Apartamento,Avenida Eusébio Matoso,Pinheiros,6800,10364,66,2,2,1,False,2q_apto,103.03
894958887,Apartamento,Rua Liestal,Lauzane Paulista,1670,2315,50,2,1,1,False,2q_apto,33.4
894893519,Apartamento,Rua Conselheiro Furtado,Aclimação,2500,3555,71,2,1,0,True,2q_apto,35.21
895127768,Apartamento,Rua Minerva,Perdizes,16000,18617,74,2,2,1,False,2q_apto,216.22
894855254,Apartamento,Rua Guaxupé,Vila Formosa,2600,2800,60,2,1,0,False,2q_apto,43.33
892867500,Apartamento,Rua Antonio Aggio,Jardim Ampliação,2298,3025,46,2,1,2,False,2q_apto,49.96
895537399,Apartamento,Rua Grecco,Chácara Mafalda,1650,2076,40,2,1,1,False,2q_apto,41.25
895342168,Apartamento,Rua Serra de Jairé,Belenzinho,2200,2487,46,2,1,0,False,2q_apto,47.83
892982093,Apartamento,Rua Maestro Cardim,Bela Vista,4017,5751,72,2,1,0,True,2q_apto,55.79
895612601,Apartamento,Rua Síria,Parque São Jorge,2600,3042,40,2,1,0,False,2q_apto,65.0
894679940,Apartamento,Avenida Cipriano Rodrigues,Vila Formosa,1965,2669,39,2,1,1,False,2q_apto,50.38
895061448,Apartamento,Avenida Jabaquara,Mirandópolis,2500,3046,105,2,1,0,False,2q_apto,23.81
895396840,Apartamento,Rua Goitacás,Santa Cecilia,5300,7336,70,2,2,1,True,2q_apto,75.71
895600625,Apartamento,Avenida Doutor Felipe Pinel,Pirituba,1400,1889,33,2,1,0,False,2q_apto,42.42
895035562,Apartamento,Rua Padre Leonel Franca,Vila Libanesa,4060,4601,55,2,1,1,False,2q_apto,73.82
893927647,Apartamento,Rua Ulisses Cruz,Tatuapé,2200,2678,34,2,1,0,False,2q_apto,64.71
894604256,Apartamento,Rua Pensilvânia,Cidade Monções,10990,12685,85,2,2,2,True,2q_apto,129.29
895354394,Apartamento,Rua Cônego Luís Gonzaga Biazi,Carandiru,2490,2870,32,2,1,0,False,2q_apto,77.81
892821202,Apartamento,Rua Artur Prado,Bela Vista,5900,7319,55,2,2,1,True,2q_apto,107.27
895346334,Apartamento,Rua Ida da Silva,Carandiru,3890,4264,57,2,1,1,False,2q_apto,68.25
895620013,Apartamento,Rua José Mascarenhas,Vila Matilde,1820,2168,60,2,1,0,False,2q_apto,30.33
895621716,Apartamento,Praça Alberto Lion,Mooca,2800,3436,35,2,1,0,True,2q_apto,80.0
895090028,Apartamento,Avenida Túlio Teodoro de Campos,Vila Paulista,3200,4151,56,2,1,0,False,2q_apto,57.14
894042340,Apartamento,Rua Santa Isabel do Rio Negro,Jardim Iris,2435,2895,42,2,1,1,True,2q_apto,57.98
895592027,Apartamento,Rua Brigadeiro Galvão,Barra Funda,2800,4255,57,2,1,1,False,2q_apto,49.12
895373862,Apartamento,Avenida Jamaris,Planalto Paulista,4240,7733,32,2,2,1,True,2q_apto,132.5
894963832,Apartamento,Avenida Condessa Elizabeth de Robiano,Jardim America da Penha,1985,2562,42,2,1,1,False,2q_apto,47.26
895035597,Apartamento,Rua Padre Leonel Franca,Vila Libanesa,4060,4601,55,2,1,1,False,2q_apto,73.82
895391438,Apartamento,Rua do Estilo Barroco,Santo Amaro,4900,6153,67,2,1,1,False,2q_apto,73.13
895532970,Apartamento,Rua Miguel Mota,Vila Canero,2430,3136,53,2,1,1,False,2q_apto,45.85
894945211,Apartamento,Rua Paraná,Brás,2800,3943,66,2,2,1,False,2q_apto,42.42
894533789,Apartamento,Rua Clélia,Água Branca,4800,5626,95,2,2,0,False,2q_apto,50.53
892808332,Apartamento,Rua Oscar Freire,Pinheiros,4500,6724,115,2,1,1,False,2q_apto,39.13
895619657,Apartamento,Rua do Córrego,Vila Carrão,2120,2597,45,2,1,1,False,2q_apto,47.11
895604433,Apartamento,Rua Alexandre Benois,Vila Andrade,2000,2674,36,2,1,0,False,2q_apto,55.56
895577395,Apartamento,Rua Baía Grande,Vila Bela,1950,2458,52,2,1,1,False,2q_apto,37.5
894073508,Apartamento,Rua Newton Prado,Bom Retiro,3200,4068,65,2,2,1,False,2q_apto,49.23
895511928,Apartamento,Avenida Celso Garcia,Belenzinho,2430,3532,54,2,1,1,False,2q_apto,45.0
895530103,Apartamento,Rua Professor Artur Primavesi,Parque Bristol,1610,2130,36,2,1,0,False,2q_apto,44.72
893245240,Apartamento,Rua Doutor Oscar Monteiro de Barros,Vila Suzana,3255,4230,70,2,2,1,False,2q_apto,46.5
895460191,Apartamento,Rua Professor Antônio de Almeida Leme,Lauzane Paulista,3200,3348,150,2,0,2,False,2q_apto,21.33
894412836,Apartamento,Rua Aparecida do Rio Negro,Jardim Iris,2500,3112,44,2,1,1,False,2q_apto,56.82
894256915,Apartamento,Rua Visconde de Parnaíba,Mooca,2306,2845,38,2,1,0,True,2q_apto,60.68
894651866,Apartamento,Rua Visconde de Parnaíba,Mooca,2520,3199,40,2,1,0,True,2q_apto,63.0
893417039,Apartamento,Rua Sansão Alves dos Santos,Cidade Monções,3700,3842,60,2,1,1,False,2q_apto,61.67
895177250,Apartamento,Rua Celso Ramos,Vila Andrade,3200,3843,49,2,1,1,True,2q_apto,65.31
895355600,Apartamento,Avenida Condessa Elizabeth de Robiano,Jardim America da Penha,2350,2990,41,2,1,1,False,2q_apto,57.32
895364226,Apartamento,Rua Dona Leopoldina,Vila Dom Pedro I,4200,5213,70,2,2,1,False,2q_apto,60.0
895610399,Apartamento,Avenida Deputado Emílio Carlos,Limão,1950,2125,70,2,1,0,False,2q_apto,27.86
892868140,Apartamento,Avenida Raimundo Pereira de Magalhães,Jardim Iris,1930,2894,72,2,1,1,False,2q_apto,26.81
895569280,Apartamento,Rua Moliterno,Penha de França,1680,2030,39,2,1,0,False,2q_apto,43.08
895456762,Apartamento,Rua Bento Branco de Andrade Filho,Jardim Dom Bosco,6450,7644,68,2,2,1,True,2q_apto,94.85
893760041,Apartamento,Avenida Leôncio de Magalhães,Jardim São Paulo(zona Norte),3300,4042,55,2,1,1,False,2q_apto,60.0
894651004,Apartamento,Rua Ângelo Agostini,São Lucas,2826,3199,69,2,2,1,False,2q_apto,40.96
894648904,Apartamento,Rua Carvalho de Freitas,Vila Andrade,5977,7543,109,2,3,2,True,2q_apto,54.83
892916740,Apartamento,Pensilvânia,Cidade Monções,5500,6758,86,2,2,1,False,2q_apto,63.95
895390947,Apartamento,Avenida Paula Ferreira,Vila Pirituba,1600,2193,39,2,1,0,False,2q_apto,41.03
895526437,Apartamento,Rua da Mooca,Mooca,1850,2371,35,2,1,0,False,2q_apto,52.86
893524081,Apartamento,Rua José da Silva Ribeiro,Vila Andrade,3700,4451,67,2,2,1,True,2q_apto,55.22
894775883,Apartamento,Rua Dom Salomão Ferraz,Vila Andrade,1850,2233,42,2,1,0,False,2q_apto,44.05
895533692,Apartamento,Rua Narandiba,Santana,3100,3449,40,2,1,0,True,2q_apto,77.5
893658288,Apartamento,Alameda Franca,Jardim Paulista,12900,16522,139,2,4,1,True,2q_apto,92.81
894241314,Apartamento,Praça Alberto Lion,Cambuci,1650,2133,36,2,1,0,False,2q_apto,45.83
894185744,Apartamento,Rua das Tâmaras,Vila Paulista,2000,2834,54,2,1,1,False,2q_apto,37.04
893952704,Apartamento,Avenida Sapopemba,Jardim Adutora,3600,4049,43,2,1,0,False,2q_apto,83.72
895556363,Apartamento,Rua Oliveira Alves,Ipiranga,2550,3891,75,2,2,1,False,2q_apto,34.0
895624351,Apartamento,Rua Helena,Vila Olímpia,12000,14622,94,2,2,2,True,2q_apto,127.66
895618810,Apartamento,Rua Herculano de Freitas,Bela Vista,4800,6317,49,2,2,1,True,2q_apto,97.96
895434260,Apartamento,Rua do Rocio,Vila Olímpia,6950,7983,75,2,2,1,False,2q_apto,92.67
892827780,Apartamento,R. João Simões de Souza,Parque Reboucas,3000,3725,48,2,1,1,False,2q_apto,62.5
893343642,Apartamento,Rua Joaquim Távora,Vila Mariana,7500,10212,102,2,3,2,False,2q_apto,73.53
893313674,Apartamento,Rua Doutor Nogueira Martins,Saúde,2923,3955,75,2,2,1,False,2q_apto,38.97
895290117,Apartamento,Rua Carvalho de Freitas,Vila Andrade,3200,3940,45,2,1,1,True,2q_apto,71.11
894282224,Apartamento,Rua Manoel Antônio Pinto,Vila Andrade,2288,3175,50,2,1,1,False,2q_apto,45.76
894964262,Apartamento,Rua Leopoldo Couto Magalhães Júnior,Itaim Bibi,7770,9863,107,2,2,1,True,2q_apto,72.62
895635817,Apartamento,Rua Califórnia,Jardim Prainha,13230,15805,105,2,3,2,True,2q_apto,126.0
895410740,Apartamento,Avenida Diederichsen,Vila Guarani,3200,4837,68,2,3,2,True,2q_apto,47.06
895461877,Apartamento,Rua Eudoro Lemos de Oliveira,Santana,3200,4323,70,2,1,1,False,2q_apto,45.71
893742147,Apartamento,Avenida Condessa Elisabeth de Robiano Torre 1,Tatuapé,2392,3069,60,2,2,1,False,2q_apto,39.87
895487347,Apartamento,Rua Capitão Sérvio Rodrigues Caldas,Vila Dom Pedro Ii,2330,3000,82,2,1,1,True,2q_apto,28.41
895526428,Apartamento,Avenida Montemagno,Vila Formosa,3000,3416,45,2,1,1,False,2q_apto,66.67
894870225,Apartamento,Avenida Vila Ema,Vila Ema,1768,2296,32,2,1,0,False,2q_apto,55.25
895365419,Apartamento,Avenida Giovanni Gronchi,Vila Andrade,2350,2914,40,2,1,0,False,2q_apto,58.75
895079930,Apartamento,Rua da Mooca,Mooca,3200,3677,37,2,1,0,True,2q_apto,86.49
895531926,Apartamento,Rua Beberibe,Vila Nova Manchester,2150,2695,51,2,1,1,False,2q_apto,42.16
894493257,Apartamento,Rua Doutor Sodré,Vila Nova Conceição,3670,5360,72,2,2,1,False,2q_apto,50.97
895000300,Apartamento,Avenida Antônio Estevão de Carvalho,Vila Guilhermina,1924,2465,36,2,1,1,False,2q_apto,53.44
895626109,Apartamento,Rua Emília Marengo,Tatuapé,1900,2024,45,2,2,0,False,2q_apto,42.22
895435192,Apartamento,Rua Cesário Galero,Tatuapé,2500,3087,35,2,1,0,False,2q_apto,71.43
894917569,Apartamento,Rua Professor Manoelito de Ornellas,Chácara Santo Antônio,2728,4286,76,2,2,1,False,2q_apto,35.89
895345515,Apartamento,Rua Albertina Viêira da Silva Gordo,Vila Aurora (zona Norte),1940,2015,57,2,1,0,False,2q_apto,34.04
892971340,Apartamento,Rua Teixeira da Silva,Paraíso,3910,6073,107,2,1,1,False,2q_apto,36.54
895582935,Apartamento,Avenida Doutor Gentil de Moura,Ipiranga,4000,4877,74,2,2,1,True,2q_apto,54.05
894369718,Apartamento,Rua Guajurus,Jardim São Paulo,4600,5128,40,2,1,0,False,2q_apto,115.0
895009410,Apartamento,Alameda dos Aicás,Indianópolis,6040,7473,95,2,2,1,False,2q_apto,63.58
895590205,Apartamento,Avenida Nove de Julho,Bela Vista,3450,4266,55,2,1,0,False,2q_apto,62.73
895593208,Apartamento,Rua Fernandes Moreira,Chácara Santo Antônio,6100,7658,62,2,1,1,True,2q_apto,98.39
895602855,Apartamento,Rua Damiana da Cunha,Santana,2700,3460,45,2,1,0,True,2q_apto,60.0
895241005,Apartamento,Rua Cananéia,Vila Prudente,1800,2269,56,2,1,0,False,2q_apto,32.14
894724306,Apartamento,Rua Oscar Freire,Pinheiros,6900,9076,46,2,1,0,True,2q_apto,150.0
895480421,Apartamento,Rua São Vicente de Paulo,Santa Cecilia,5500,7319,80,2,3,1,False,2q_apto,68.75
895536690,Apartamento,Rua Caicó,Cidade Patriarca,3500,3635,35,2,1,0,True,2q_apto,100.0
895607027,Apartamento,Rua Baião Parente,Vila Primavera,2800,3508,80,2,2,1,False,2q_apto,35.0
894100978,Apartamento,Rua Orindiúva,Vila Maria Alta,5513,6225,51,2,1,1,False,2q_apto,108.1
893963871,Apartamento,Avenida Conceição,Vila Paiva,2600,3500,65,2,2,1,False,2q_apto,40.0
895609357,Apartamento,Avenida Paula Ferreira,Vila Pirituba,2000,2560,38,2,1,0,False,2q_apto,52.63
895569089,Apartamento,Rua Tamandaré,Liberdade,6250,7591,72,2,2,2,True,2q_apto,86.81
894114202,Apartamento,Rua Clementine Brenne,Morumbi,1892,2531,36,2,1,0,True,2q_apto,52.56
893173429,Apartamento,Rua Nelson Gama de Oliveira,Vila Andrade,4900,6185,100,2,2,2,False,2q_apto,49.0
893613875,Apartamento,Rua Doutor Eduardo de Souza Aranha,Vila Nova Conceição,5300,6609,76,2,1,1,True,2q_apto,69.74
895235360,Apartamento,Rua Glicério,Liberdade,3060,3878,55,2,1,1,True,2q_apto,55.64
895621321,Apartamento,Rua Vitoantônio Del Vecchio,Parque da Mooca,2620,3680,60,2,1,1,True,2q_apto,43.67
894370384,Apartamento,Rua Canhemborá,Vila Gustavo,3000,3466,37,2,1,0,False,2q_apto,81.08
895162177,Apartamento,Rua Ida da Silva,Carandiru,3000,3431,42,2,1,1,False,2q_apto,71.43
895053877,Apartamento,Rua Vilela,Tatuapé,2430,3065,45,2,1,0,False,2q_apto,54.0
892941321,Apartamento,Rua dos Camarés,Carandiru,3800,4567,49,2,1,1,False,2q_apto,77.55
895407241,Apartamento,Rua José da Silva Ribeiro,Vila Andrade,1960,2615,40,2,1,1,False,2q_apto,49.0
895538213,Apartamento,Rua Cesário Galero,Tatuapé,2000,2536,35,2,1,0,False,2q_apto,57.14
895540028,Apartamento,Rua Miguel Mota,Vila Canero,2250,2787,38,2,1,0,False,2q_apto,59.21
895529732,Apartamento,Rua Jerônima Dias,Mandaqui,2430,3095,61,2,1,0,False,2q_apto,39.84
895461766,Apartamento,Rua João Teixeira da Silva,Vila Invernada,5000,6327,76,2,2,2,True,2q_apto,65.79
895615128,Apartamento,Avenida Professor Celestino Bourroul,Sítio Morro Grande,1985,2562,40,2,1,0,False,2q_apto,49.62
894816158,Apartamento,Rua Antônio Guganis,Jardim São Paulo,3000,3378,64,2,1,1,False,2q_apto,46.88
895592426,Apartamento,Rua Bonifácio Gomes de Siqueira,Jardim Caguassu,2400,2851,67,2,1,0,True,2q_apto,35.82
893704062,Apartamento,Avenida General Olímpio da Silveira,Santa Cecília,2000,2623,45,2,1,0,False,2q_apto,44.44
895298194,Apartamento,Avenida Itaberaba,Vila Primavera,1850,2351,40,2,1,0,False,2q_apto,46.25
895343792,Apartamento,Rua Valson Lopes,Vila Butantã,2600,3092,37,2,1,0,True,2q_apto,70.27
893095120,Apartamento,Rua Jorge Duprat Figueiredo,Vila Paulista,3100,4094,62,2,2,1,False,2q_apto,50.0
895600194,Apartamento,Rua Gama Lobo,Vila Dom Pedro I,6300,7623,72,2,2,1,True,2q_apto,87.5
894921333,Apartamento,Rua Marcos Grotti Vidal,Cidade Patriarca,3000,3366,50,2,1,0,False,2q_apto,60.0
895537751,Apartamento,Avenida Portugal,Brooklin,12500,15478,124,2,2,2,True,2q_apto,100.81
895539323,Apartamento,Rua Leopoldo de Bulhões,Indianópolis,9880,12261,74,2,2,2,True,2q_apto,133.51
893962085,Apartamento,Rua José Debieux,Santana,6400,7447,53,2,1,1,False,2q_apto,120.75
893972584,Apartamento,Rua Heráclito Odilon,Jardim Ana Rosa,1648,1917,41,2,1,0,False,2q_apto,40.2
894677186,Apartamento,Rua Xavier Krauss,Vila Leopoldina,3000,3718,35,2,1,0,True,2q_apto,85.71
892856565,Apartamento,Rua Maracá,Vila Guarani (z Sul),4150,5511,78,2,1,1,False,2q_apto,53.21
895596025,Apartamento,Rua Tenente Heli Câmara,Vila Arcadia,1750,2361,28,2,1,0,False,2q_apto,62.5
895582232,Apartamento,Rua Jacques Félix,Vila Nova Conceição,12300,14793,60,2,2,1,True,2q_apto,205.0
894289349,Apartamento,Rua Coronel Euclides Machado,Jardim das Graças,1950,2425,56,2,1,0,True,2q_apto,34.82
894565634,Apartamento,Rua João Pais,Santo Amaro,3850,5177,64,2,2,1,False,2q_apto,60.16
893401311,Apartamento,Rua Nicolau Tolentino de Almeida,Vila Dionisia,2080,2614,50,2,1,1,True,2q_apto,41.6
894531235,Apartamento,Rua Anhangüera,Barra Funda,3927,4878,62,2,2,1,False,2q_apto,63.34
895633042,Apartamento,Rua Gilberto Sabino,Pinheiros,10800,12581,75,2,2,1,True,2q_apto,144.0
895586807,Apartamento,Avenida Rudge,Bom Retiro,2600,3314,90,2,1,0,False,2q_apto,28.89
894340863,Apartamento,Rua Professor Celso Quirino dos Santos,Cidade São Francisco,2500,3351,63,2,2,1,False,2q_apto,39.68
895190918,Apartamento,Rua Coronel Lúcio Rosales,Santana,3200,3473,48,2,1,1,False,2q_apto,66.67
895594547,Apartamento,Rua Carmo do Rio Verde,Jardim Caravelas,2000,2497,31,2,1,0,False,2q_apto,64.52
895314852,Apartamento,Avenida Rio Branco,República,3000,3516,33,2,1,0,False,2q_apto,90.91
894002701,Apartamento,Rua Alves Guimarães,Pinheiros,4679,6162,60,2,2,1,True,2q_apto,77.98
894036475,Apartamento,Rua Capiacaci,Penha de França,2100,2536,74,2,1,0,False,2q_apto,28.38
894824780,Apartamento,Rua Federação Paulista de Futebol,Várzea da Barra Funda,2402,2955,35,2,1,0,False,2q_apto,68.63
894498465,Apartamento,Rua Alegria,Brás,3370,4114,57,2,1,1,False,2q_apto,59.12
893702302,Apartamento,Rua Demini,Penha de França,2288,3087,48,2,1,1,False,2q_apto,47.67
895556420,Apartamento,Rua do Lavapés,Liberdade,4100,4808,54,2,1,0,True,2q_apto,75.93
895600067,Apartamento,Rua Pascoal Giampaoli,Vila Guilherme,2000,2547,37,2,1,0,False,2q_apto,54.05
894364912,Apartamento,Rua Henrique Dumont,Vila Gomes Cardim,1800,2292,60,2,1,0,False,2q_apto,30.0
895616940,Apartamento,Rua Fernando de Albuquerque,Consolação,3900,6889,75,2,1,1,False,2q_apto,52.0
895115874,Apartamento,Rua João Tibiriçá,Lapa,4000,5112,56,2,2,1,True,2q_apto,71.43
892784845,Apartamento,Rua Brentano,Vila Hamburguesa,3200,4522,55,2,2,1,False,2q_apto,58.18
895314641,Apartamento,Rua da Baracela,Parque Novo Mundo,1150,1664,38,2,1,1,False,2q_apto,30.26
895446084,Apartamento,Rua Ascencional,Vila Andrade,2540,3810,64,2,3,2,False,2q_apto,39.69
895579670,Apartamento,Rua Doutora Neyde Apparecida Sollitto,Vila Clementino,11500,13515,88,2,2,1,False,2q_apto,130.68
893255849,Apartamento,Rua Dona Ana Néri,Cambuci,3160,3882,68,2,2,1,False,2q_apto,46.47
894958981,Apartamento,Rua Morais de Barros,Campo Belo,8000,9809,119,2,3,2,True,2q_apto,67.23
895637888,Apartamento,Avenida Ajarani,Cidade Patriarca,1700,2389,50,2,1,1,False,2q_apto,34.0
895536903,Apartamento,Alameda Joaquim Eugênio de Lima,Bela Vista,7500,9646,76,2,2,1,False,2q_apto,98.68
895593201,Apartamento,Rua Fernandes Moreira,Chácara Santo Antônio,6100,7658,62,2,2,1,True,2q_apto,98.39
892912917,Apartamento,Rua Engenheiro Guilherme Cristiano Frender,Vila Antonieta,1800,2454,47,2,1,1,False,2q_apto,38.3
894427137,Apartamento,Avenida Celso Garcia,Tatuapé,1850,2428,47,2,1,1,False,2q_apto,39.36
894403396,Apartamento,Rua Aimberê,Perdizes,3901,4551,71,2,1,0,True,2q_apto,54.94
895557390,Apartamento,Avenida Raimundo Pereira de Magalhães 5028 - Vila Pirituba São Paulo - Sp Brasil,Vila Pirituba,2000,2527,34,2,1,0,False,2q_apto,58.82
895588347,Apartamento,Rua Edvard Carmilo,Jardim Celeste,1580,2121,32,2,1,0,False,2q_apto,49.38
895275343,Apartamento,Rua Cesário Galero,Tatuapé,2300,2989,43,2,2,1,False,2q_apto,53.49
895439472,Apartamento,Rua Aroaba,Vila Leopoldina,4500,6232,73,2,2,1,True,2q_apto,61.64
895624063,Apartamento,Avenida Túlio Teodoro de Campos,Vila Paulista,2000,2977,60,2,1,1,False,2q_apto,33.33
895582051,Apartamento,Rua Joaquim Floriano,Itaim Bibi,5200,8556,105,2,1,1,True,2q_apto,49.52
893363231,Apartamento,Rua Maria Carolina,Jardim Paulistano,7500,9074,58,2,2,1,False,2q_apto,129.31
893071969,Apartamento,Rua Alvorada,Vila Olímpia,5250,7150,75,2,1,0,False,2q_apto,70.0
894740964,Apartamento,Rua Satuba,Vila Pauliceia,2000,2452,37,2,1,0,False,2q_apto,54.05
895472786,Apartamento,Rua Maria do Carmo Sene,Vila Pauliceia,3500,4235,44,2,1,1,False,2q_apto,79.55
895417903,Apartamento,Rua Damiana da Cunha,Santana,2150,2847,40,2,1,0,False,2q_apto,53.75
895466598,Apartamento,Avenida Vila Ema,Vila Ema,1320,1865,32,2,1,0,False,2q_apto,41.25
895463387,Apartamento,Alameda Santos,Cerqueira César,4400,5732,60,2,1,0,False,2q_apto,73.33
894969313,Apartamento,Rua Doutor Guilherme Bannitz,Vila Nova Conceição,20000,25282,168,2,3,3,True,2q_apto,119.05
894898232,Apartamento,Rua Cássio de Almeida,Vila Guilherme,3500,3835,98,2,2,0,True,2q_apto,35.71
895107662,Apartamento,Alameda Itu,Jardim Paulista,6000,8482,20,2,2,0,False,2q_apto,300.0
895028101,Apartamento,Rua José Bernardo Pinto,Vila Guilherme,3570,4258,35,2,1,0,True,2q_apto,102.0
894479142,Apartamento,Rua Benedito Galvão,Vila Carrao,1890,2321,38,2,1,0,False,2q_apto,49.74
895356703,Apartamento,Rua Dante Carraro,Pinheiros,6850,8210,46,2,1,1,False,2q_apto,148.91
894928558,Apartamento,Rua Sílvio de Sousa,Vila Santa Clara,1950,2561,33,2,1,0,False,2q_apto,59.09
895408028,Apartamento,Rua Helena,Vila Olímpia,15000,18465,125,2,3,3,True,2q_apto,120.0
895280571,Apartamento,Rua Javaés,Bom Retiro,3350,3754,110,2,1,0,False,2q_apto,30.45
894746603,Apartamento,Rua Nossa Senhora do Bom Conselho,Chacara Nossa Senhora do Bom Conselho,2300,3069,56,2,1,1,False,2q_apto,41.07
895375065,Apartamento,Avenida Rudge,Bom Retiro,4500,5418,41,2,1,1,False,2q_apto,109.76
895000803,Apartamento,Rua José da Silva Ribeiro,Vila Andrade,3800,5689,83,2,3,2,True,2q_apto,45.78
894569228,Apartamento,Rua Bandeira Paulista,Itaim Bibi,7500,9401,94,2,2,1,True,2q_apto,79.79
893939629,Apartamento,Rua Álvaro de Carvalho,Centro,2500,3146,38,2,1,0,True,2q_apto,65.79
894513743,Apartamento,Avenida Presidente Wilson,Mooca,2500,3126,34,2,1,0,True,2q_apto,73.53
894163166,Apartamento,Avenida São Gabriel,Jardim Paulista,4500,6303,77,2,2,1,False,2q_apto,58.44
894877361,Apartamento,Rua Doutor Luiz Migliano,Jardim Caboré,2464,3184,50,2,1,1,False,2q_apto,49.28
894201867,Apartamento,Rua Santa Teresinha,Maranhão,2390,2874,45,2,1,0,False,2q_apto,53.11
894987516,Apartamento,Rua Fernandes Moreira,Chácara Santo Antônio (zona Sul),3200,4343,50,2,2,1,True,2q_apto,64.0
893762990,Apartamento,Rua Francisca Júlia,Santana,2200,2831,70,2,1,0,False,2q_apto,31.43
894230473,Apartamento,Rua Luís Correia de Melo,Vila Cruzeiro,6980,8634,107,2,2,2,False,2q_apto,65.23
895471039,Apartamento,Alameda Raja Gabaglia,Vila Olímpia,5820,6836,43,2,1,0,True,2q_apto,135.35
895609702,Apartamento,Avenida Santos Dumont,Santana,2300,3050,55,2,1,1,False,2q_apto,41.82
893230917,Apartamento,Rua Engenheiro Mesquita Sampaio,Vila São Francisco (zona Sul),4600,4808,90,2,1,0,True,2q_apto,51.11
895143878,Apartamento,Rua Torres da Barra,Água Branca,3970,4829,51,2,1,1,True,2q_apto,77.84
894695030,Apartamento,Rua Adolfo Schnabel,Vila Ema,1490,1962,38,2,1,0,False,2q_apto,39.21
895602611,Apartamento,Rua da Paz,Chácara Santo Antônio (zona Sul),6250,7950,58,2,2,1,True,2q_apto,107.76
895121635,Apartamento,Avenida Aratãs,Indianópolis,3670,5326,75,2,1,1,False,2q_apto,48.93
893907808,Apartamento,Rua Assungui,Vila Gumercindo,3780,5382,64,2,2,2,False,2q_apto,59.06
895605376,Apartamento,Avenida Carlos Caldeira Filho,Vila Andrade,1740,2051,34,2,1,0,False,2q_apto,51.18
894952860,Apartamento,Avenida Condessa Elizabeth de Robiano,Tatuapé,3712,4327,40,2,1,1,False,2q_apto,92.8
895583297,Apartamento,Rua do Arouche,Santa Cecilia,3690,4497,73,2,1,0,True,2q_apto,50.55
895457040,Apartamento,Rua Lagoa Panema,Vila Guilherme,1960,2930,70,2,1,0,False,2q_apto,28.0
894400543,Apartamento,Rua Agostinho Gomes,Ipiranga,3490,4861,68,2,2,1,False,2q_apto,51.32
895631873,Apartamento,Rua Flama,Umarizal,2200,2864,36,2,1,1,False,2q_apto,61.11
895597317,Apartamento,Rua Alves Guimarães,Pinheiros,14000,16497,95,2,2,2,True,2q_apto,147.37
895574412,Apartamento,Avenida Alexandre Mackenzie,Jaguaré,1700,2166,37,2,1,0,False,2q_apto,45.95
893025146,Apartamento,Rua Gaivota,Moema,12000,14623,130,2,3,1,False,2q_apto,92.31
895628041,Apartamento,Avenida Cipriano Rodrigues,Vila Formosa,2390,2957,40,2,1,1,False,2q_apto,59.75
893110386,Apartamento,Rua Serra de Bragança,Vila Gomes Cardim,3800,4917,89,2,2,2,False,2q_apto,42.7
895277716,Apartamento,Rua Cardoso de Almeida,Perdizes,6000,6649,100,2,2,1,False,2q_apto,60.0
894947929,Apartamento,Rua Catarina Vieira,Vila Dalila,2999,4097,89,2,1,1,False,2q_apto,33.7
895594129,Apartamento,Rua Amoroso Costa,Jardim São Paulo,2760,3342,53,2,1,0,False,2q_apto,52.08
894759094,Apartamento,Avenida Professor Luiz Ignácio Anhaia Mello,Vila Graciosa,1560,2152,32,2,1,0,False,2q_apto,48.75
895608653,Apartamento,Rua Serra de Bragança,Vila Gomes Cardim,3800,4997,77,2,2,2,True,2q_apto,49.35
894206353,Apartamento,Rua Doutor Sérgio Meira,Barra Funda,2000,2637,47,2,1,0,False,2q_apto,42.55
893790472,Apartamento,Avenida Professor Luiz Ignácio Anhaia Mello,Vila Prudente,2380,2789,45,2,1,1,False,2q_apto,52.89
895544961,Apartamento,Rua Ribeirão Branco,Vila Bertioga,2040,2518,50,2,1,0,False,2q_apto,40.8
895594744,Apartamento,Rua Imbituba,Vila Prudente,4100,5434,77,2,2,2,False,2q_apto,53.25
893339890,Apartamento,Rua José dos Reis,Parque da Vila Prudente,3500,4418,61,2,1,1,False,2q_apto,57.38
894700455,Apartamento,Estrada Turística do Jaraguá,Anhanguera,1590,2232,46,2,1,1,False,2q_apto,34.57
895613766,Apartamento,Rua Maria Antônia,Vila Buarque,4500,5839,52,2,1,1,True,2q_apto,86.54
894653179,Apartamento,Avenida Cipriano Rodrigues,Vila Formosa,2200,2863,38,2,1,1,False,2q_apto,57.89
893951430,Apartamento,Rua Artur de Oliveira,Parque Peruche,2500,3443,55,2,1,1,True,2q_apto,45.45
895579571,Apartamento,Avenida Mofarrej,Vila Leopoldina,5900,7266,70,2,1,1,True,2q_apto,84.29
894731818,Apartamento,Rua Francisco de Vitória,Jardim Vila Mariana,5499,7484,75,2,2,2,True,2q_apto,73.32
894802170,Apartamento,Rua Doutor Homem de Melo,Perdizes,4300,5826,61,2,2,1,False,2q_apto,70.49
895538445,Apartamento,Rua Genebra,Bela Vista,4500,5424,36,2,1,0,False,2q_apto,125.0
895613841,Apartamento,Rua Padre Adelino,Quarta Parada,5400,6518,75,2,2,1,True,2q_apto,72.0
895568654,Apartamento,Rua Dona Ana Neri,Mooca,2040,2783,39,2,1,0,False,2q_apto,52.31
893252309,Apartamento,Rua João Ramalho,Perdizes,3130,4251,97,2,2,0,False,2q_apto,32.27
892856043,Apartamento,Rua Jaguarete,Casa Verde,3162,4094,53,2,2,1,False,2q_apto,59.66
895637878,Apartamento,Rua Almirante Brasil,Mooca,2800,3728,53,2,1,1,True,2q_apto,52.83
893694611,Apartamento,Avenida Presidente Altino,Jaguaré,2690,3490,59,2,2,1,False,2q_apto,45.59
895560101,Apartamento,Rua Diogo Jácome,Vila Nova Conceição,25000,31210,136,2,3,2,True,2q_apto,183.82
893941161,Apartamento,Rua Augusta,Cerqueira César,2870,5044,108,2,1,0,False,2q_apto,26.57
895633482,Apartamento,Rua Doutor Eduardo de Souza Aranha,Vila Olímpia,5500,7586,77,2,2,1,True,2q_apto,71.43
895617669,Apartamento,Rua Francisco Hurtado,Vila Agua Funda,2590,3240,50,2,2,1,True,2q_apto,51.8
895609417,Apartamento,Rua Marie Nader Calfat,Jardim Ampliacao,3020,3807,46,2,1,1,True,2q_apto,65.65
895606183,Apartamento,Rua Federação Paulista de Futebol,Várzea da Barra Funda,3200,3895,44,2,1,0,True,2q_apto,72.73
895621762,Apartamento,Rua Hipódromo,Mooca,2850,3715,65,2,2,1,False,2q_apto,43.85
894161185,Apartamento,Avenida Joaquina Ramalho,Vila Guilherme,3400,4206,49,2,2,1,False,2q_apto,69.39
895637652,Apartamento,Avenida Rudge,Bom Retiro,2270,2921,40,2,1,1,False,2q_apto,56.75
894626324,Apartamento,Avenida Boschetti,Vila Medeiros,1800,2465,47,2,1,0,False,2q_apto,38.3
894652951,Apartamento,Rua Álvaro Fragoso,Vila Independência,1650,2188,39,2,1,0,False,2q_apto,42.31
894722777,Apartamento,Rua Paim,Bela Vista,4900,6461,109,2,2,1,True,2q_apto,44.95
894864428,Apartamento,Rua Capitão João Noronha,Parque Mandaqui,2800,3178,42,2,2,1,False,2q_apto,66.67
895450977,Apartamento,Rua Hipódromo,Mooca,3200,4120,64,2,2,1,False,2q_apto,50.0
893790592,Apartamento,Rua Diego de Castilho,Jardim Fonte do Morumbi,5850,7781,77,2,3,2,False,2q_apto,75.97
892932687,Apartamento,"Rua José Maria Lisboa, 1000 - Jardim Paulista, São Paulo - Sp, Brasil",Jardim Paulista,14300,21030,118,2,3,2,True,2q_apto,121.19
895514538,Apartamento,Av. Alexandre Mackenzie - Jaguaré São Paulo - Sp 05322-000 Brasil,Jaguaré,1940,2516,38,2,1,0,False,2q_apto,51.05
894826211,Apartamento,Rua Maria Nadi Rodini,Vila Dom Pedro Ii,2500,2913,56,2,1,0,False,2q_apto,44.64
895523471,Apartamento,Rua Camillo Nader,Vila Morumbi,5700,10255,129,2,3,2,False,2q_apto,44.19
895493670,Apartamento,Rua Doutor José Carlos de Toledo Piza,Jardim Parque Morumbi,3400,4292,64,2,2,1,False,2q_apto,53.12
894862483,Apartamento,Rua Alexandrino da Silveira Bueno,Cambuci,2300,2873,35,2,1,0,False,2q_apto,65.71
893937061,Apartamento,Rua Francisco Dias Velho,Vila Cordeiro,12370,14668,102,2,4,2,True,2q_apto,121.27
895448437,Apartamento,Avenida Waldemar Carlos Pereira,Vila Dalila,1710,2056,45,2,1,0,False,2q_apto,38.0
895456730,Apartamento,Rua Chico Pontes,Carandiru,2190,2994,39,2,1,1,False,2q_apto,56.15
894264567,Apartamento,Rua Sansão Alves dos Santos,Cidade Monções,6500,8768,60,2,1,1,True,2q_apto,108.33
895469438,Apartamento,Rua Caçador,Vila Paiva,2900,3162,44,2,1,1,False,2q_apto,65.91
895061495,Apartamento,Avenida Condessa Elizabeth de Robiano,Vila Moreira,1700,2113,42,2,1,0,False,2q_apto,40.48
895119959,Apartamento,Avenida Antônio Estevão de Carvalho,Cidade Patriarca,3000,3348,110,2,2,0,False,2q_apto,27.27
894719633,Apartamento,Rua Frei Diogo das Chagas,Jardim Angela (zona Leste),1650,2328,39,2,1,0,False,2q_apto,42.31
893232413,Apartamento,Rua 17 de Janeiro,Paraíso do Morumbi,2280,2657,41,2,1,1,False,2q_apto,55.61
895148677,Apartamento,Rua Professor Filadelfo Azevedo,Vila Nova Conceição,25000,29218,140,2,3,2,False,2q_apto,178.57
895129110,Apartamento,Rua Gomes de Carvalho,Vila Olímpia,3500,5463,72,2,1,1,False,2q_apto,48.61
894879844,Apartamento,Praça Benedito Calixto,Cerqueira César,5500,6536,92,2,1,0,False,2q_apto,59.78
892897110,Apartamento,Rua Fiandeiras,Vila Olímpia,5000,6814,63,2,1,1,False,2q_apto,79.37
895030073,Apartamento,Rua Eugênio Falk,Jardim Previdencia,1500,2008,36,2,1,0,False,2q_apto,41.67
894709489,Apartamento,Rua Iacri,Vila Carrão,1650,2170,40,2,1,0,False,2q_apto,41.25
895119962,Apartamento,Alameda Gabriel Monteiro da Silva,Jardins,6750,9910,59,2,2,1,False,2q_apto,114.41
895152776,Apartamento,Alameda dos Nhambiquaras,Indianópolis,6100,8297,98,2,2,1,True,2q_apto,62.24
893498582,Apartamento,Rua Guaipá,Vila Leopoldina,2700,3381,78,2,2,0,False,2q_apto,34.62
895226649,Apartamento,Rua Campista,Vila Nova Mazzei,2200,2484,39,2,1,0,False,2q_apto,56.41
895187716,Apartamento,Rua Tuiuti,Tatuapé,10000,11411,120,2,3,2,False,2q_apto,83.33
895196282,Apartamento,Rua Doutor Alfredo de Castro,Barra Funda,5600,6894,65,2,2,1,False,2q_apto,86.15
895211248,Apartamento,Rua Guarará,Jardim Paulista,7600,10531,63,2,2,1,False,2q_apto,120.63
895180240,Apartamento,Rua Tuim,Vila Uberabinha,6500,8593,99,2,2,1,True,2q_apto,65.66
895187557,Apartamento,Avenida Doutor Francisco Ranieri,Lauzane Paulista,2300,2789,40,2,1,0,False,2q_apto,57.5
895182737,Apartamento,Avenida Nove de Julho,Bela Vista,2160,3175,55,2,1,0,False,2q_apto,39.27
894031715,Apartamento,Rua São Quirino,Vila Guilherme,2089,2749,60,2,1,0,False,2q_apto,34.82
894730218,Apartamento,Alameda Franca,Jardim Paulista,4800,6153,60,2,1,0,True,2q_apto,80.0
895589503,Apartamento,Rua Raulino Galdino da Silva,Freguesia do Ó,1280,1702,52,2,1,0,False,2q_apto,24.62
892876528,Apartamento,Rua Baião Parente,Vila Primavera,3200,3942,60,2,2,1,False,2q_apto,53.33
894362436,Apartamento,Rua da Mata,Itaim Bibi,6500,8612,88,2,2,1,True,2q_apto,73.86
895307077,Apartamento,Rua Copacabana,Chora Menino,2800,4510,76,2,2,1,False,2q_apto,36.84
895471047,Apartamento,Rua Síria,Parque São Jorge,4000,4350,37,2,1,0,True,2q_apto,108.11
895544345,Apartamento,Rua Doutor Miranda de Azevedo,Vila Anglo Brasileira,3500,5125,88,2,1,1,True,2q_apto,39.77
894557240,Apartamento,Avenida Tarumã,Vila Pierina,1806,2245,32,2,1,0,False,2q_apto,56.44
895481796,Apartamento,Rua Simão Leitão,Jardim Maringa,1550,1968,40,2,1,0,True,2q_apto,38.75
893013654,Apartamento,Rua São Venceslau,Vila Guarani (z Sul),2800,3746,55,2,2,1,False,2q_apto,50.91
895522871,Apartamento,Rua Catarinenses,Vila Andrade,2430,3203,37,2,1,1,False,2q_apto,65.68
894643710,Apartamento,Rua Engenheiro Jorge Oliva,Vila Mascote,7450,9983,120,2,3,2,False,2q_apto,62.08
894746142,Apartamento,Rua Madre de Deus,Alto da Mooca,2760,4008,57,2,2,1,False,2q_apto,48.42
892816685,Apartamento,Rua Alexandre Benois,Vila Andrade,3200,3942,47,2,1,1,True,2q_apto,68.09
894079051,Apartamento,Avenida Celso Garcia,Tatuapé,2300,2646,89,2,2,0,False,2q_apto,25.84
895435648,Apartamento,Rua Francisco Leitão,Pinheiros,22900,26785,151,2,2,2,False,2q_apto,151.66
895463730,Apartamento,Rua Grecco,Alto da Mooca,2600,3481,70,2,2,1,False,2q_apto,37.14
895456285,Apartamento,Rua Padre Feliciano Domingues 346 - Jardim Mariliza São Paulo - Sp Brasil,Jardim Mariliza,2430,3294,60,2,1,1,False,2q_apto,40.5
895451869,Apartamento,Rua Domingos Paiva,Brás,4700,5865,50,2,1,0,False,2q_apto,94.0
894879008,Apartamento,Rua José Manuel da Fonseca Júnior,Vila Matilde,4600,5464,70,2,2,1,True,2q_apto,65.71
895511716,Apartamento,Avenida General Olímpio da Silveira,Santa Cecilia,4600,5378,42,2,1,0,False,2q_apto,109.52
895481507,Apartamento,Rua Caçador,Vila Paiva,1840,2284,39,2,1,0,False,2q_apto,47.18
895480774,Apartamento,Avenida Professor Luiz Ignácio Anhaia Mello,Jardim Independência (são Paulo),6000,6949,63,2,2,1,True,2q_apto,95.24
895493726,Apartamento,Av. Giovanni Gronchi 7115 - Vila Andrade São Paulo - Sp Brasil,Vila Andrade,2550,3149,40,2,1,0,True,2q_apto,63.75
895481081,Apartamento,Rua Doutor José Carlos de Toledo Piza,Jardim Parque Morumbi,3900,4706,64,2,2,1,True,2q_apto,60.94
895430845,Apartamento,Rua Doutor Eduardo de Souza Aranha,Vila Olímpia,5300,6609,76,2,1,1,True,2q_apto,69.74
895233831,Apartamento,Avenida Rudge,Bom Retiro,1940,2690,41,2,1,0,False,2q_apto,47.32
895517400,Apartamento,Rua Jundiapeba,Vila Zelina,2200,2699,42,2,1,0,False,2q_apto,52.38
895473004,Apartamento,Rua Araré,Chácara Inglesa,2900,3312,36,2,1,0,True,2q_apto,80.56
895325250,Apartamento,Avenida Duquesa de Goiás,Real Parque,4500,6026,92,2,2,1,True,2q_apto,48.91
894967735,Apartamento,Rua Vicente Fernandes Pinto,Cursino,2650,3493,70,2,1,1,True,2q_apto,37.86
895481818,Apartamento,Rua Balsa,Freguesia do Ó,9600,10869,69,2,2,1,True,2q_apto,139.13
895469454,Apartamento,Rua Álvaro Fragoso 340 - Vila Independencia São Paulo - Sp Brasil,Vila Independencia,1700,2267,38,2,1,0,False,2q_apto,44.74
895524965,Apartamento,Rua Osiris Magalhães de Almeida,Jardim Monte Kemel,2300,3454,74,2,1,1,False,2q_apto,31.08
895480690,Apartamento,Rua Catarinenses,Vila Andrade,2230,2896,37,2,1,1,False,2q_apto,60.27
895470151,Apartamento,Rua Ingaíbos,Vila Formosa,2350,3031,50,2,1,1,False,2q_apto,47.0
892819451,Apartamento,Rua Padre Lebret,Jardim Leonor,10000,11664,60,2,2,1,True,2q_apto,166.67
894245550,Apartamento,Rua Joaquim Roseira,Jardim Novo Taboão,2700,3204,42,2,1,1,False,2q_apto,64.29
894902172,Apartamento,Avenida Presidente Altino,Jaguaré,3680,4875,75,2,2,1,False,2q_apto,49.07
894433329,Apartamento,Rua Voluntários da Pátria,Santana,2444,5763,291,2,1,2,False,2q_apto,8.4
895579211,Apartamento,Rua Cônego Vicente Miguel Marino,Barra Funda,3000,3578,53,2,1,0,True,2q_apto,56.6
893453247,Apartamento,Rua Guararapes,Brooklin,4500,5818,62,2,1,1,True,2q_apto,72.58
895367853,Apartamento,Avenida Santa Marina,Vila Albertina,1900,2499,41,2,1,0,False,2q_apto,46.34
895594685,Apartamento,Rua Catão,Vila Romana,4100,5537,65,2,2,1,True,2q_apto,63.08
895536319,Apartamento,Rua Diogo Cabrera,Imirim,1950,3238,60,2,2,2,False,2q_apto,32.5
895584160,Apartamento,Avenida Maestro Villa-lobos,Vila Gustavo,2100,2781,44,2,1,0,False,2q_apto,47.73
893719812,Apartamento,Rua Gomes de Carvalho,Vila Olímpia,5000,6609,75,2,2,1,False,2q_apto,66.67
895591336,Apartamento,Rua Filipe Camarão,Tatuapé,2550,3525,42,2,1,0,False,2q_apto,60.71
894872470,Apartamento,Avenida Santa Marina,Água Branca,2240,2869,37,2,1,0,False,2q_apto,60.54
895281663,Apartamento,Avenida Condessa Elizabeth de Robiano,Penha de França,1360,1805,43,2,1,0,False,2q_apto,31.63
894917211,Apartamento,Avenida Dom Pedro I,Ipiranga,2350,2735,37,2,1,0,True,2q_apto,63.51
895338831,Apartamento,Rua Conde de Assumar,Vila Nivi,1940,2202,65,2,1,0,False,2q_apto,29.85
893768788,Apartamento,Rua Doutor Fleury Silveira,Vila Santa Maria,1950,2584,44,2,1,1,False,2q_apto,44.32
893369606,Apartamento,Avenida Antártica,Água Branca,3876,4973,49,2,1,0,False,2q_apto,79.1
895200722,Apartamento,Rua Bimbarra,Vila Formosa,4500,5669,60,2,2,2,True,2q_apto,75.0
894935476,Apartamento,Rua Cabinda,Vila Lucia,2000,2385,47,2,1,0,False,2q_apto,42.55
894960443,Apartamento,Rua Bom Sucesso,Tatuapé,10000,11186,81,2,2,2,False,2q_apto,123.46
894374230,Apartamento,Rua Soriano de Sousa,Tatuapé,2500,3825,67,2,2,1,False,2q_apto,37.31
892915079,Apartamento,Rua Hamilton Prado,Chácara Belenzinho,2000,2677,57,2,1,1,False,2q_apto,35.09
895357860,Apartamento,Rua Ilansa,Vila Prudente,2500,3211,41,2,1,1,False,2q_apto,60.98
893967991,Apartamento,Avenida Vila Ema,Vila Ema,1450,2023,33,2,1,0,False,2q_apto,43.94
895493378,Apartamento,Rua Carmo do Rio Verde,Jardim Caravelas,2000,2524,32,2,1,0,False,2q_apto,62.5
892857609,Apartamento,Rua da Consolação,Cerqueira César,15000,18612,120,2,4,2,True,2q_apto,125.0
894852092,Apartamento,Avenida Moreira Guimarães,Indianópolis,2150,3186,73,2,1,0,False,2q_apto,29.45
893525224,Apartamento,Rua Marcus Pereira,Vila Suzana,5000,7001,102,2,2,2,False,2q_apto,49.02
894809965,Apartamento,Avenida Ultramarino,Lauzane Paulista,3500,4446,55,2,2,2,True,2q_apto,63.64
895147830,Apartamento,Rua Frederico Guarinon,Jardim Ampliacao,6500,8021,89,2,2,2,False,2q_apto,73.03
895014003,Apartamento,Rua do Córrego,Vila Carrão,4500,4944,49,2,1,0,False,2q_apto,91.84
894959626,Apartamento,Rua Cunha Gago,Pinheiros,10000,11421,86,2,2,0,False,2q_apto,116.28
895480823,Apartamento,Rua Francisco Tapajós,Vila Santo Estefano,1920,3263,51,2,1,1,False,2q_apto,37.65
894378497,Apartamento,Rua Miguel Mota,Vila Canero,1850,2171,43,2,1,0,False,2q_apto,43.02
894849825,Apartamento,Rua Pascoal Provensano,Chácara Califórnia,2500,2696,45,2,1,0,False,2q_apto,55.56
895515303,Apartamento,Rua Caio Prado,Consolação,6500,8190,140,2,2,1,False,2q_apto,46.43
894401512,Apartamento,Rua Apotribu,Parque Imperial,2075,3160,54,2,1,0,False,2q_apto,38.43
894550829,Apartamento,Rua Monte Cardoso,Vila Antonieta,1415,1629,36,2,1,0,False,2q_apto,39.31
895596024,Apartamento,Rua Doutor Gabriel Piza,Santana,2500,2946,33,2,1,0,False,2q_apto,75.76
894764394,Apartamento,Rua Mourato Coelho,Pinheiros,9922,12553,82,2,3,2,False,2q_apto,121.0
893938091,Apartamento,Rua Doutor Nicolau de Sousa Queirós,Vila Mariana,8500,10448,85,2,3,2,False,2q_apto,100.0
893180184,Apartamento,Rua Cardeal Arcoverde,Pinheiros,3400,3907,95,2,2,0,False,2q_apto,35.79
895188602,Apartamento,Alameda Franca,Jardim Paulista,6000,8557,98,2,3,1,True,2q_apto,61.22
893246851,Apartamento,Rua Alexandre Benois,Vila Andrade,3400,3982,49,2,1,1,True,2q_apto,69.39
893433207,Apartamento,Rua Cabo Basílio Zequim Júnior,Parque Novo Mundo,3500,4213,70,2,2,1,True,2q_apto,50.0
893532790,Apartamento,Rua Olímpio de Campos,Jardim Vila Formosa,2230,3046,55,2,1,1,False,2q_apto,40.55
894637461,Apartamento,Avenida Adolfo Pinheiro,Santo Amaro,6800,8679,94,2,2,2,True,2q_apto,72.34
895160242,Apartamento,Avenida Montemagno,Vila Formosa,2882,3310,48,2,2,1,True,2q_apto,60.04
895334456,Apartamento,Avenida Rubem Berta,Indianópolis,9300,11291,77,2,3,1,False,2q_apto,120.78
895322328,Apartamento,Rua São Felipe,Parque São Jorge,9500,11208,85,2,3,1,False,2q_apto,111.76
892777195,Apartamento,Rua Catão,Vila Romana,4350,5309,60,2,2,1,False,2q_apto,72.5
895276137,Apartamento,Rua Araré,Chácara Inglesa,2900,3312,36,2,1,0,True,2q_apto,80.56
895261809,Apartamento,Rua Vergueiro,Ipiranga,2500,3680,65,2,2,2,False,2q_apto,38.46
895243633,Apartamento,Rua Flama,Umarizal,2230,2971,42,2,1,1,False,2q_apto,53.1
895278990,Apartamento,Rua Doutor Henrique Meyer,Vila Cachoeira,3000,3236,93,2,1,1,False,2q_apto,32.26
895261837,Apartamento,Rua Dom Vilares,Sacoma,3570,4730,69,2,2,2,False,2q_apto,51.74
895274895,Apartamento,Avenida Santa Marina,Vila Albertina,1940,2485,44,2,1,0,False,2q_apto,44.09
895119354,Apartamento,Rua Deputado João Sussumu Hirata,Vila Andrade,3995,5518,67,2,3,2,False,2q_apto,59.63
895259401,Apartamento,Rua João de Souto Maior,Vila Medeiros,1400,1974,53,2,1,1,False,2q_apto,26.42
895147943,Apartamento,Rua Major Otaviano,Belenzinho,4400,5269,52,2,2,1,False,2q_apto,84.62
893437328,Apartamento,Rua Eça de Queiroz,Vila Mariana,5500,7059,60,2,2,1,False,2q_apto,91.67
895112987,Apartamento,Rua Santa Madalena,Liberdade,3890,6749,110,2,2,1,False,2q_apto,35.36
893862941,Apartamento,Rua Joaquim Antunes,Pinheiros,5200,7245,70,2,1,1,False,2q_apto,74.29
894506349,Apartamento,Rua Judith Zumkeller,Parque Mandaqui,1900,2699,49,2,1,1,False,2q_apto,38.78
895302989,Apartamento,Avenida Rio Branco,República,4220,5100,36,2,1,0,True,2q_apto,117.22
895360943,Apartamento,Avenida Doutor Cardoso de Melo,Vila Olímpia,3920,5781,66,2,2,1,False,2q_apto,59.39
894013973,Apartamento,Rua Doutor Almeida Lima,Mooca,3400,4019,63,2,1,1,False,2q_apto,53.97
895342095,Apartamento,Avenida Álvaro Ramos,Quarta Parada,3300,4270,55,2,2,2,False,2q_apto,60.0
894266969,Apartamento,Rua João Baldinato,Vila Suzana,3782,5419,70,2,1,1,True,2q_apto,54.03
895345115,Apartamento,Alameda das Boninas,Mirandópolis,10000,12272,94,2,2,2,False,2q_apto,106.38
895301681,Apartamento,Avenida Condessa Elizabeth de Robiano,Penha de França,1690,2150,43,2,1,0,False,2q_apto,39.3
895309653,Apartamento,R. Cel. Bento Pires - Mooca São Paulo - Sp 03101-005 Brasil,Mooca,3400,4501,58,2,2,1,True,2q_apto,58.62
894332898,Apartamento,Rua Oliveira Catrambi,Jardim Vila Formosa,1850,2188,41,2,1,1,False,2q_apto,45.12
895529708,Apartamento,Rua Fradique Coutinho,Pinheiros,14000,17223,156,2,2,2,False,2q_apto,89.74
895532594,Apartamento,Rua José Arzão,Vila Andrade,4400,5462,64,2,2,1,True,2q_apto,68.75
895618760,Apartamento,Rua Professor Aprígio Gonzaga,São Judas,3000,4088,58,2,1,1,False,2q_apto,51.72
895135246,Apartamento,Rua Vergueiro,Vila Vera,1920,2929,55,2,1,1,False,2q_apto,34.91
895583154,Apartamento,Avenida Celso Garcia,Tatuapé,3000,3876,68,2,1,1,False,2q_apto,44.12
895569049,Apartamento,Rua George Ohm,Cidade Monções,9800,11608,85,2,1,2,True,2q_apto,115.29
894432367,Apartamento,Rua Intendência,Belenzinho,3300,4157,67,2,2,0,False,2q_apto,49.25
892823209,Apartamento,Rua João Simões de Souza,Parque Reboucas,2600,3396,48,2,1,1,False,2q_apto,54.17
895285868,Apartamento,Avenida Aparecida do Rio Negro,Jardim Iris,3500,4015,44,2,1,1,False,2q_apto,79.55
894819187,Apartamento,Avenida Condessa Elizabeth de Robiano,Jardim America da Penha,1768,2213,35,2,1,1,False,2q_apto,50.51
895605810,Apartamento,Rua Pascoal Ranieri Mazzilli,Vila Mendes,1900,2458,47,2,1,1,False,2q_apto,40.43
895602883,Apartamento,Rua José Bernardo Pinto,Vila Guilherme,2100,2681,61,2,1,0,False,2q_apto,34.43
895294482,Apartamento,Rua Augusta,Consolação,6500,7636,66,2,2,1,True,2q_apto,98.48
895542133,Apartamento,Alameda Franca,Cerqueira César,4470,5973,102,2,2,0,False,2q_apto,43.82
893140412,Apartamento,Avenida Conceição,Carandiru,4200,5479,70,2,2,1,True,2q_apto,60.0
892834165,Apartamento,Avenida Damasceno Vieira,Vila Mascote,3400,4335,60,2,1,1,True,2q_apto,56.67
895527574,Apartamento,Avenida Presidente Wilson,Mooca,1690,2312,35,2,1,0,False,2q_apto,48.29
895471475,Apartamento,Rua Moinho Velho,Moinho Velho,1850,2561,47,2,1,0,True,2q_apto,39.36
895336029,Apartamento,Rua Fidélis Papini,Vila Prudente,1930,2263,36,2,1,0,False,2q_apto,53.61
895595122,Apartamento,Avenida Maestro Villa-lobos,Vila Gustavo,2100,2781,44,2,1,0,False,2q_apto,47.73
895614478,Apartamento,Rua Celso Ramos,Vila Andrade,4048,5004,73,2,2,2,False,2q_apto,55.45
895557054,Apartamento,Rua Professor Artur Primavesi,Parque Bristol,1740,2430,37,2,1,0,False,2q_apto,47.03
895638687,Apartamento,Rua Conselheiro Moreira de Barros,Lauzane Paulista,3450,4450,40,2,1,1,False,2q_apto,86.25
894645063,Apartamento,Rua Antônio Júlio dos Santos,Fazenda Morumbi,1690,2529,49,2,1,1,True,2q_apto,34.49
894875673,Apartamento,Rua Francisco Luiz de Souza Júnior,Água Branca,2100,2626,43,2,1,0,False,2q_apto,48.84
894136950,Apartamento,Rua da Chibata,Vila Andrade,2500,3369,57,2,2,1,False,2q_apto,43.86
895610527,Apartamento,Rua Domingos Paiva,Brás,5000,6160,70,2,2,1,False,2q_apto,71.43
895619218,Apartamento,Rua Inácio de Araújo,Brás,2240,3137,64,2,1,1,False,2q_apto,35.0
895590668,Apartamento,Rua dos Cariris,Pinheiros,7000,8337,62,2,1,1,True,2q_apto,112.9
895248694,Apartamento,Rua Sabará,Higienópolis,7810,11895,250,2,2,2,True,2q_apto,31.24
895559561,Apartamento,Rua Dona Ana Neri,Mooca,2130,2877,39,2,1,0,False,2q_apto,54.62
894371043,Apartamento,Rua Cristiano Viana,Cerqueira César,6180,7991,70,2,2,1,True,2q_apto,88.29
895589516,Apartamento,Avenida Carlos Caldeira Filho,Vila Andrade,1930,2384,36,2,1,0,False,2q_apto,53.61
895632388,Apartamento,Avenida Santa Marina,Água Branca,2110,2691,37,2,1,0,False,2q_apto,57.03
892907904,Apartamento,Avenida Zumkeller,Parque Mandaqui,2700,3672,50,2,2,1,True,2q_apto,54.0
895518602,Apartamento,Rua Padre Francisco Xavier Roser,Vila Dom Pedro I,1840,2481,29,2,1,0,False,2q_apto,63.45
895533397,Apartamento,Rua Santo Arcádio,Jardim das Acacias,9000,10973,108,2,3,3,False,2q_apto,83.33
893449055,Apartamento,Avenida Brasílio Pereira de Melo,Vila Dalila,1554,2044,42,2,1,0,False,2q_apto,37.0
895385077,Apartamento,Avenida Dona Helena Pereira de Moraes,Parque do Morumbi,14200,18332,185,2,2,3,True,2q_apto,76.76
895389877,Apartamento,Rua Doutor César,Santana,5500,7436,75,2,2,1,False,2q_apto,73.33
895399790,Apartamento,Praça Delegado Amoroso Neto,Jardim das Laranjeiras,2700,3644,70,2,1,1,False,2q_apto,38.57
895594706,Apartamento,Avenida do Oratório,Vila Independencia,4500,5758,73,2,2,1,False,2q_apto,61.64
894576906,Apartamento,Rua Capote Valente,Pinheiros,3090,4861,56,2,1,2,False,2q_apto,55.18
895610856,Apartamento,Rua Vinte E Dois de Agosto,Vila Bela Vista (Zona Norte),1800,2526,45,2,1,1,True,2q_apto,40.0
893904638,Apartamento,Rua Vinte E Cinco de Janeiro,Luz,1931,2443,50,2,1,0,False,2q_apto,38.62
895565189,Apartamento,Avenida Imirim 642 - Imirim São Paulo - Sp Brasil,Imirim,1730,2636,70,2,1,0,False,2q_apto,24.71
895389215,Apartamento,Rua Damiana da Cunha 411 - Santa Teresinha São Paulo - Sp Brasil,Santa Teresinha,4400,5602,76,2,2,1,False,2q_apto,57.89
894663523,Apartamento,Rua do Bosque,Barra Funda,2500,2985,44,2,1,0,False,2q_apto,56.82
895378252,Apartamento,Avenida Santo Amaro,Campo Belo,4000,4911,42,2,1,0,False,2q_apto,95.24
895410988,Apartamento,Rua Senador Joaquim Ribeiro do Valle,Vila Leopoldina,7000,8920,76,2,2,2,False,2q_apto,92.11
895397251,Apartamento,Rua José Gonçalves,Vila Andrade,4700,5640,67,2,2,2,False,2q_apto,70.15
895409454,Apartamento,Rua Márcio Mazzei,Vila Nova Mazzei,2300,3244,62,2,1,1,False,2q_apto,37.1
895422717,Apartamento,Rua Joaquim Marra,Vila Matilde,1880,2219,55,2,1,0,False,2q_apto,34.18
893692073,Apartamento,Rua Doutor Eduardo de Souza Aranha,Vila Nova Conceição,9300,11876,98,2,3,1,True,2q_apto,94.9
895593150,Apartamento,Rua Cesário Galero,Tatuapé,3000,3516,45,2,2,1,False,2q_apto,66.67
895387613,Apartamento,Rua José dos Reis,Parque da Vila Prudente,2000,2660,36,2,1,0,False,2q_apto,55.56
895370123,Apartamento,Rua Mogi Mirim,Vila Bertioga,2300,3296,60,2,1,1,False,2q_apto,38.33
895369235,Apartamento,Rua África do Sul,Várzea de Baixo,2600,3100,45,2,1,0,False,2q_apto,57.78
895577966,Apartamento,Avenida Vila Ema,Vila Ema,2450,3087,38,2,1,0,False,2q_apto,64.47
894373796,Apartamento,Avenida Thomas Edison,Parque Industrial Tomas Edson,5800,6771,69,2,2,1,True,2q_apto,84.06
895540852,Apartamento,Praça Universo,Vila Formosa,4500,6263,140,2,2,2,False,2q_apto,32.14
895619093,Apartamento,Avenida General Charles de Gaulle,Parque Sao Domingos,8700,9828,70,2,2,2,False,2q_apto,124.29
895307653,Apartamento,Rua Rocha,Bela Vista,2999,3689,72,2,2,0,False,2q_apto,41.65
893656636,Apartamento,Rua Torres da Barra,Água Branca,3400,4385,51,2,1,1,False,2q_apto,66.67
893599423,Apartamento,Rua Afonso Pena,Bom Retiro,2600,3496,46,2,1,0,True,2q_apto,56.52
895609501,Apartamento,Rua Domingos de Morais,Vila Mariana,5000,6911,116,2,2,2,False,2q_apto,43.1
894919022,Apartamento,Avenida Professor Luiz Ignácio Anhaia Mello,Vila Graciosa,1582,1943,36,2,1,0,False,2q_apto,43.94
893758365,Apartamento,Rua Augusto Ostergreen,Vila Beatriz,2450,2545,60,2,1,1,False,2q_apto,40.83
894859574,Apartamento,Rua Uruçuca,Vila Carrão,1799,2160,50,2,1,0,False,2q_apto,35.98
895089056,Apartamento,Rua Antônio Fidélis,Lapa,1950,2444,38,2,1,0,False,2q_apto,51.32
895599002,Apartamento,Avenida Agami,Indianópolis,7000,8404,56,2,1,0,True,2q_apto,125.0
895600374,Apartamento,Rua Nelson Gama de Oliveira,Vila Andrade,4900,6331,84,2,3,1,True,2q_apto,58.33
895556878,Apartamento,Rua Vergueiro,Ipiranga,3970,5239,64,2,2,1,True,2q_apto,62.03
895620246,Apartamento,Rua das Giestas,Vila Bela,3100,3925,69,2,2,1,True,2q_apto,44.93
892800283,Apartamento,Rua Cantagalo,Vila Gomes Cardim,2510,3219,90,2,2,1,False,2q_apto,27.89
893015580,Apartamento,Avenida Alberto Ramos,Jardim Independência,2541,3276,48,2,1,1,False,2q_apto,52.94
895534299,Apartamento,Avenida Alexandre Mackenzie,Jaguaré,1460,1896,35,2,1,0,False,2q_apto,41.71
895508802,Apartamento,Rua General Irulegui Cunha,Jardim Independência (são Paulo),5000,5695,73,2,2,1,False,2q_apto,68.49
895637020,Apartamento,Rua Aristódemo Gazzotti,Vila das Belezas,2100,2741,33,2,1,0,False,2q_apto,63.64
895574751,Apartamento,Avenida Alberto Augusto Alves,Vila Andrade,2950,3613,40,2,1,0,False,2q_apto,73.75
893419727,Apartamento,Rua Carlos Magalhães,Parque Reboucas,1550,2115,42,2,1,1,False,2q_apto,36.9
895586020,Apartamento,Rua Catarinenses,Vila Andrade,2500,3276,37,2,1,1,False,2q_apto,67.57
895618665,Apartamento,Rua Cascado,Vila Suzana,1950,2745,50,2,1,1,False,2q_apto,39.0
895633341,Apartamento,Rua Ivaí,Tatuapé,9000,10573,105,2,3,2,False,2q_apto,85.71
895559389,Apartamento,Rua São Bernardo,Cidade Mãe do Céu,2130,2489,48,2,1,0,False,2q_apto,44.38
895628488,Apartamento,Rua Madre de Deus,Mooca,4000,4771,40,2,1,0,False,2q_apto,100.0
895626254,Apartamento,Rua Voluntários da Pátria,Santana,2200,2778,37,2,1,0,False,2q_apto,59.46
895631052,Apartamento,Rua José Peres Campelo,Jardim Iris,1700,2166,32,2,1,0,False,2q_apto,53.12
894777693,Apartamento,Rua Federação Paulista de Futebol,Várzea da Barra Funda,2400,3092,45,2,1,0,False,2q_apto,53.33
895580283,Apartamento,Rua Antônio das Chagas,Santo Amaro,3690,5249,75,2,2,1,True,2q_apto,49.2
895173165,Apartamento,Avenida Inajar de Souza,Vila Hebe,1700,1888,38,2,1,0,False,2q_apto,44.74
893491748,Apartamento,Avenida Professor Luiz Ignácio Anhaia Mello,Vila Prudente,2400,2842,45,2,1,0,False,2q_apto,53.33
893056949,Apartamento,Rua Senador Carlos Teixeira de Carvalho,Cambuci,5400,6230,87,2,2,0,True,2q_apto,62.07
895596136,Apartamento,Rua Francisco Antônio da Silva,Vila Heliopolis,1700,1786,42,2,1,1,False,2q_apto,40.48
895313379,Apartamento,Rua Olímpia de Almeida Prado,Barra Funda,2400,3073,34,2,1,0,False,2q_apto,70.59
895014570,Apartamento,Rua Pinto Monteiro,Vila Guilhermina,1950,2391,42,2,1,0,False,2q_apto,46.43
893164699,Apartamento,Rua Alvorada,Vila Olímpia,5100,7100,105,2,4,1,False,2q_apto,48.57
895580667,Apartamento,Rua Genebra,Bela Vista,4140,4384,36,2,1,0,True,2q_apto,115.0
895372728,Apartamento,Rua Francisco Luiz de Souza Júnior,Água Branca,2570,2669,45,2,1,0,False,2q_apto,57.11
895583428,Apartamento,Rua Nestor Pestana,Consolação,3257,4177,37,2,1,0,False,2q_apto,88.03
895559786,Apartamento,Rua Pedro Bellegarde,Tatuapé,5900,6347,55,2,2,1,True,2q_apto,107.27
895609076,Apartamento,Avenida Vila Ema,Vila Prudente,4800,5675,64,2,2,1,False,2q_apto,75.0
895639503,Apartamento,Avenida Água Fria,Santana,2600,3095,58,2,1,1,False,2q_apto,44.83
895602869,Apartamento,Avenida Giovanni Gronchi,Vila Andrade,1900,2442,37,2,1,0,False,2q_apto,51.35
895376883,Apartamento,Rua Artur de Azevedo,Cerqueira César,3600,5550,55,2,1,1,False,2q_apto,65.45
893105411,Apartamento,Rua Piratininga,Brás,5000,6067,56,2,1,1,True,2q_apto,89.29
895563711,Apartamento,Rua Plácido Vieira,Santo Amaro,3340,3799,43,2,1,1,True,2q_apto,77.67
895174768,Apartamento,Avenida Miguel Estefno,Vila da Saúde,3200,4485,56,2,2,2,True,2q_apto,57.14
895370035,Apartamento,Avenida Padre Pereira de Andrade,Boaçava,2700,3554,39,2,1,0,False,2q_apto,69.23
895388524,Apartamento,Rua Jorge de Freitas,Vila Arcadia,3800,4497,155,2,2,1,False,2q_apto,24.52
895334450,Apartamento,Rua Artur de Azevedo,Cerqueira César,5200,7184,56,2,1,1,False,2q_apto,92.86
895408395,Apartamento,Rua Antônio Fidélis,Lapa,2230,2816,37,2,1,0,False,2q_apto,60.27
895386478,Apartamento,Rua Ernest Renan,Morumbi,2090,3175,110,2,1,1,False,2q_apto,19.0
895394532,Apartamento,Avenida Dracena,Jaguaré,1740,2334,39,2,1,0,False,2q_apto,44.62
892991806,Apartamento,Avenida Senador Casimiro da Rocha,Mirandópolis,5000,6193,73,2,2,0,False,2q_apto,68.49
895358827,Apartamento,Avenida João Dias,Santo Amaro,3100,3720,34,2,1,0,True,2q_apto,91.18
894652455,Apartamento,Rua Bresser,Brás,2165,2879,48,2,1,1,True,2q_apto,45.1
895116767,Apartamento,Avenida Cônego José Salomon,Vila Portugal,2000,2477,45,2,1,1,False,2q_apto,44.44
895393500,Apartamento,Rua Capote Valente,Pinheiros,6000,8149,95,2,3,2,False,2q_apto,63.16
892770496,Apartamento,Rua Arminda,Vila Olimpia,2670,5107,70,2,1,1,False,2q_apto,38.14
895386283,Apartamento,Rua Alto Belo,Vila Antonieta,1765,2139,35,2,1,1,False,2q_apto,50.43
895071279,Apartamento,Rua Barão do Bananal,Vila Pompéia,5000,6383,57,2,2,1,True,2q_apto,87.72
895596452,Apartamento,Avenida Coronel Sezefredo Fagundes,Tucuruvi,2000,2624,48,2,1,1,True,2q_apto,41.67
895614002,Apartamento,Rua Bassi,Ii,2230,2904,74,2,1,1,False,2q_apto,30.14
893769259,Apartamento,Rua Enótria,Vila Mazzei,1890,2589,41,2,1,1,False,2q_apto,46.1
894743165,Apartamento,Rua Biguaçu,Vila Carrão,5700,6900,87,2,2,1,True,2q_apto,65.52
894534541,Apartamento,Rua Pedro Bellegarde,Tatuapé,3300,3940,40,2,1,1,False,2q_apto,82.5
895589034,Apartamento,Rua João Ventura Batista,Vila Guilherme,2200,2739,42,2,1,0,False,2q_apto,52.38
893308040,Apartamento,Rua Heitor Peixoto,Vila Monumento,2300,3207,65,2,1,1,False,2q_apto,35.38
895504593,Apartamento,Avenida General Charles de Gaulle,Parque Sao Domingos,7500,8478,70,2,2,2,False,2q_apto,107.14
894282306,Apartamento,Rua Manguari,Jardim Andarai,2000,2557,50,2,1,1,False,2q_apto,40.0
893455389,Apartamento,Rua Maranjaí,Vila Monumento,1850,3043,56,2,1,1,False,2q_apto,33.04
894876112,Apartamento,Rua Francisco José da Silva,Vila Andrade,4680,5778,72,2,2,2,False,2q_apto,65.0
895559584,Apartamento,Rua Cecilia,Vila Esperança,1700,2254,36,2,1,1,False,2q_apto,47.22
894364289,Apartamento,Rua Melo Peixoto,Tatuapé,3550,4187,64,2,2,1,False,2q_apto,55.47
894233294,Apartamento,Avenida Elísio Teixeira Leite,Jardim Peri,10000,10966,50,2,1,1,False,2q_apto,200.0
895577741,Apartamento,Rua Karlina Reiman Wandabeg,Vila Sonia,2130,3262,53,2,1,1,True,2q_apto,40.19
893872077,Apartamento,Rua José Alves de Almeida,Jardim Celeste,2000,2807,65,2,1,1,False,2q_apto,30.77
895546941,Apartamento,Avenida Doutor Felipe Pinel,Pirituba,1500,2088,60,2,1,0,False,2q_apto,25.0
895398713,Apartamento,Rua Cônego Eugênio Leite,Pinheiros,3400,5064,85,2,2,1,False,2q_apto,40.0
893322396,Apartamento,Alameda Santos,Cerqueira César,4500,5651,58,2,1,0,False,2q_apto,77.59
895341623,Apartamento,Rua Jacofer,Jardim Pereira Leite,6000,7083,78,2,2,1,True,2q_apto,76.92
895386812,Apartamento,Rua 17 de Janeiro,Paraíso do Morumbi,2030,2568,45,2,1,1,False,2q_apto,45.11
895357868,Apartamento,Rua Ilansa,Vila Prudente,2500,3147,41,2,1,1,False,2q_apto,60.98
895623384,Apartamento,Rua Astorga,Vila Guilhermina,4500,5174,40,2,1,0,True,2q_apto,112.5
895225417,Apartamento,Avenida Ipiranga,República,3550,4620,87,2,1,0,True,2q_apto,40.8
895330482,Apartamento,Rua Lagoa Verde,Vila Pauliceia,1900,2204,36,2,1,0,False,2q_apto,52.78
895619083,Apartamento,Avenida General Charles de Gaulle,Parque Sao Domingos,6500,7518,70,2,2,2,False,2q_apto,92.86
895334881,Apartamento,Rua Cândida Franco de Barros,Freguesia do Ó,2800,3503,42,2,1,1,False,2q_apto,66.67
895595618,Apartamento,Rua Irmã Emerenciana,Vila Nilo,1980,2732,35,2,1,0,False,2q_apto,56.57
893620501,Apartamento,Rua Frei Orlando,Vila Santa Isabel,1553,1781,48,2,1,0,False,2q_apto,32.35
895540478,Apartamento,Rua Achilles Orlando Curtolo,Parque Industrial Tomas Edson,1550,2217,34,2,1,0,False,2q_apto,45.59
894535488,Apartamento,Avenida Cassandoca,Mooca,2600,3163,42,2,1,0,False,2q_apto,61.9
894623433,Apartamento,Avenida Mofarrej,Vila Leopoldina,5100,6678,80,2,3,2,False,2q_apto,63.75
895459773,Apartamento,Avenida Lauro Xerfan,Jardim Iva,1150,1564,38,2,1,0,False,2q_apto,30.26
892880451,Apartamento,Rua Antônio Aggio,Jardim Ampliação,2300,3322,46,2,1,2,False,2q_apto,50.0
894872423,Apartamento,Rua Pasquale Gallupi,Paraisópolis,1470,2187,48,2,1,1,False,2q_apto,30.62
895562688,Apartamento,Avenida Mazzei,Vila Mazzei,2230,3172,56,2,1,1,False,2q_apto,39.82
894378081,Apartamento,Rua Dráusio,Butantã,5100,6364,63,2,2,1,False,2q_apto,80.95
895583466,Apartamento,Rua Antônio Fidélis,Lapa,1900,2424,38,2,1,0,False,2q_apto,50.0
895639880,Apartamento,Rua Samurais,Vila Maria Alta,1600,2118,37,2,1,0,False,2q_apto,43.24
894780477,Apartamento,Rua Sapucaia,Água Rasa,2300,3114,60,2,1,0,False,2q_apto,38.33
895332300,Apartamento,Rua Visconde de Parnaíba,Brás,2070,2630,52,2,1,0,False,2q_apto,39.81
895051094,Apartamento,Rua Pindamonhangaba,Quinta da Paineira,1600,2012,32,2,1,0,False,2q_apto,50.0
895444437,Apartamento,Avenida Rudge,Bom Retiro,2260,2889,37,2,1,0,False,2q_apto,61.08
895385953,Apartamento,Eng. Goulart São Paulo - Sp Brasil,Engenheiro Goulart,1880,2508,32,2,1,0,False,2q_apto,58.75
895481430,Apartamento,Rua Correia Dias,Paraíso,5768,7292,38,2,2,0,True,2q_apto,151.79
893727666,Apartamento,Rua Barata Ribeiro,Bela Vista,3850,4000,78,2,1,0,False,2q_apto,49.36
895553927,Apartamento,Rua São Bernardo,Cidade Mãe do Céu,2000,2347,38,2,1,0,False,2q_apto,52.63
894881859,Apartamento,Rua Salvador Bicudo,Tucuruvi,1990,2309,43,2,1,0,False,2q_apto,46.28
895463361,Apartamento,Rua Santa Aurélia,Vila São José,2700,3754,40,2,1,0,True,2q_apto,67.5
895111920,Apartamento,Rua Templários,Vila Formosa,2950,3614,50,2,1,1,False,2q_apto,59.0
895120376,Apartamento,Rua Arnaldo Cintra,Vila Moreira,3100,3720,49,2,1,1,False,2q_apto,63.27
895400585,Apartamento,Rua José Cocciuffo,Vila Mariana,6450,8971,220,2,2,2,False,2q_apto,29.32
895574827,Apartamento,Rua Chico Pontes,Carandiru,2900,3701,40,2,1,1,False,2q_apto,72.5
895183109,Apartamento,Rua do Bosque,Barra Funda,1650,1914,22,2,1,0,False,2q_apto,75.0
894616131,Apartamento,Rua Antônio Gomes Ferreira,Parque Fongaro,1361,1814,33,2,1,0,False,2q_apto,41.24
893553319,Apartamento,Rua Eugène Carrière,Jardim das Vertentes,2680,3413,56,2,1,1,False,2q_apto,47.86
895425768,Apartamento,Rua Simão Álvares,Pinheiros,3260,3886,60,2,1,0,False,2q_apto,54.33
895398195,Apartamento,Avenida Professor Luiz Ignácio Anhaia Mello,Vila Graciosa,1570,2133,36,2,1,0,False,2q_apto,43.61
895321077,Apartamento,Rua Joaquim Ferreira,Água Branca,3880,5563,61,2,1,1,False,2q_apto,63.61
895377758,Apartamento,Rua Arapaçu,Vila Formosa,2710,3055,45,2,1,0,False,2q_apto,60.22
895152684,Apartamento,Avenida Doutor Felipe Pinel,Pirituba,1180,1660,38,2,1,0,False,2q_apto,31.05
894980598,Apartamento,Rua Álvaro Nunes,Campo Belo,3550,5251,62,2,2,2,False,2q_apto,57.26
895592405,Apartamento,Rua Bela Cintra,Consolação,4300,6133,60,2,2,1,True,2q_apto,71.67
894956858,Apartamento,Avenida Cipriano Rodrigues,Vila Formosa,2080,2560,38,2,1,1,False,2q_apto,54.74
895470206,Apartamento,Rua Gradau,Vila Bela,2425,2991,59,2,1,1,False,2q_apto,41.1
894905831,Apartamento,Rua Bárbara Heliodora,Vila Romana,5440,7668,65,2,2,2,True,2q_apto,83.69
893783418,Apartamento,Rua David Matarasso,Jardim Monte Kemel,3970,4851,62,2,2,1,False,2q_apto,64.03
894976665,Apartamento,Rua Quixadá,Jardim Analia Franco,3650,4273,45,2,1,1,False,2q_apto,81.11
893208034,Apartamento,Avenida Celso Garcia,Brás,1950,2592,44,2,1,1,False,2q_apto,44.32
895641561,Apartamento,Rua Desembargador Armando Fairbanks,Butantã,1850,3358,70,2,1,1,False,2q_apto,26.43
895639545,Apartamento,Rua Alvarenga,Butantã,2800,3308,36,2,1,0,False,2q_apto,77.78
893336416,Apartamento,Rua Ouvidor Peleja,Vila Mariana,3450,5450,65,2,2,2,False,2q_apto,53.08
895606319,Apartamento,Rua Cayowaá,Perdizes,3850,5656,121,2,2,1,True,2q_apto,31.82
895488895,Apartamento,Rua Santo Egídio,Chora Menino,3529,4425,75,2,2,1,True,2q_apto,47.05
895593240,Apartamento,Rua Alfredo Pujol,Santana,4070,5294,62,2,2,1,False,2q_apto,65.65
894895070,Apartamento,Rua Engenheiro Prudente,Vila Monumento,4100,5450,63,2,1,1,True,2q_apto,65.08
895597207,Apartamento,Rua Major Sertório,Vila Buarque,4000,5026,61,2,2,1,False,2q_apto,65.57
893780321,Apartamento,Rua Guaranésia,Vila Maria,1400,2266,60,2,1,0,False,2q_apto,23.33
895359812,Apartamento,Rua Aragão,Vila Mazzei,2150,3053,45,2,1,1,False,2q_apto,47.78
893332630,Apartamento,Avenida Pavão,Indianópolis,3570,4975,65,2,2,1,False,2q_apto,54.92
893618979,Apartamento,Rua José do Patrocínio,Aclimação,2917,4086,77,2,2,1,False,2q_apto,37.88
895386457,Apartamento,Rua General Júlio Marcondes Salgado,Campos Elíseos,3800,4739,43,2,1,0,True,2q_apto,88.37
893205504,Apartamento,Rua do Manifesto,Ipiranga,2900,3890,62,2,1,1,True,2q_apto,46.77
895061182,Apartamento,Rua Cardoso de Almeida,Perdizes,4200,5962,135,2,2,1,False,2q_apto,31.11
895587433,Apartamento,Rua Achilles Orlando Curtolo,Parque Industrial Tomas Edson,1800,2325,36,2,1,0,False,2q_apto,50.0
895639813,Apartamento,Rua Samurais,Vila Maria Alta,1800,2395,47,2,1,0,False,2q_apto,38.3
895541577,Apartamento,Rua Leandro Teixeira,Morumbi,1720,2279,35,2,1,1,False,2q_apto,49.14
893396947,Apartamento,Rua Doutor Fadlo Haidar,Vila Olímpia,3390,5288,98,2,1,1,False,2q_apto,34.59
895587198,Apartamento,Rua Quixadá,Vila Invernada,2100,2804,38,2,1,1,False,2q_apto,55.26
895627312,Apartamento,Rua Eugênio de Freitas,Vila Guilherme,2300,2927,52,2,1,1,False,2q_apto,44.23
893242058,Apartamento,Rua Constantino de Sousa,Campo Belo,4630,6212,47,2,1,1,True,2q_apto,98.51
893270618,Apartamento,Av. Elísio Teixeira Leite,Freguesia do Ó,2300,2911,48,2,1,1,False,2q_apto,47.92
894010575,Apartamento,Rua Anhanguera,Barra Funda,5500,6692,67,2,2,2,True,2q_apto,82.09
894642460,Apartamento,Avenida Amador Bueno da Veiga,Penha de França,1515,1867,33,2,1,1,False,2q_apto,45.91
892882649,Apartamento,Rua Doutor Chibata Miyakoshi,Paraíso do Morumbi,3060,4551,70,2,1,3,False,2q_apto,43.71
892881959,Apartamento,Rua Macaxás,Vila Nair,3245,3984,56,2,2,1,False,2q_apto,57.95
893714146,Apartamento,Rua Girassol,Vila Madalena,5675,8088,83,2,3,2,False,2q_apto,68.37
893926666,Apartamento,Avenida Moaci,Planalto Paulista,2950,3670,72,2,1,0,False,2q_apto,40.97
895200997,Apartamento,Rua Santo Antônio,Bela Vista,3500,4652,60,2,1,1,False,2q_apto,58.33
895439916,Apartamento,Rua Coronel Francisco Amaro,Brás,2500,3105,62,2,1,1,True,2q_apto,40.32
895606170,Apartamento,Alameda Nothmann,Campos Elíseos,2300,3281,56,2,1,1,False,2q_apto,41.07
895421130,Apartamento,Rua Jaguarete,Casa Verde,3400,4802,65,2,2,2,False,2q_apto,52.31
895471272,Apartamento,Avenida Paula Ferreira,Vila Pirituba,1460,2012,36,2,1,0,False,2q_apto,40.56
895557381,Apartamento,Rua Azevedo Júnior,Brás,2300,3098,50,2,1,1,False,2q_apto,46.0
893219973,Apartamento,Rua Bacaetava,Vila Gertrudes,8000,9946,94,2,2,2,False,2q_apto,85.11
895613874,Apartamento,Rua Léo de Morais,Vila das Merces,2260,3074,50,2,1,1,False,2q_apto,45.2
895575721,Apartamento,Rua Guanabara,Vila Brasilio Machado,5600,7666,95,2,2,2,True,2q_apto,58.95
895626276,Apartamento,Rua dos Cambuís,Parque Jabaquara,2100,2731,40,2,1,0,False,2q_apto,52.5
895148545,Apartamento,Rua Demini,Penha de França,1850,2588,49,2,1,1,False,2q_apto,37.76
895633585,Apartamento,Avenida Aricanduva,Vila Matilde,1350,1802,36,2,1,0,False,2q_apto,37.5
895582260,Apartamento,Avenida Santo Amaro,Vila Nova Conceição,5495,7007,37,2,1,0,True,2q_apto,148.51
895471288,Apartamento,Rua Crésilas,Vila Suzana,1880,2504,32,2,1,0,True,2q_apto,58.75
895584631,Apartamento,Rua Afonso Vidal,Vila Andrade,1950,2725,42,2,1,0,True,2q_apto,46.43
894439793,Apartamento,Rua Coronel Gustavo Santiago,Vila Zilda,2780,2998,44,2,1,0,False,2q_apto,63.18
895457285,Apartamento,Rua Antônio Gomes Ferreira,Sacoma,1420,1874,33,2,1,0,False,2q_apto,43.03
893876339,Apartamento,Rua Clodomiro de Oliveira,Parque Reboucas,2500,3121,49,2,1,1,False,2q_apto,51.02
892870637,Apartamento,Rua Guaipá,Vila Leopoldina,3000,3536,47,2,1,1,False,2q_apto,63.83
895206362,Apartamento,Rua Júlia Lopes de Almeida,Parada Inglesa,2440,3093,40,2,1,0,False,2q_apto,61.0
895389249,Apartamento,Rua Antônio Carlos dos Santos,Cidade Patriarca,1500,1728,31,2,1,0,False,2q_apto,48.39
895456842,Apartamento,Rua Isabel de Siqueira Barros,Limão,2600,3295,56,2,1,1,False,2q_apto,46.43
895595888,Apartamento,Rua Gomes de Carvalho,Vila Olímpia,4400,5850,60,2,1,1,True,2q_apto,73.33
892800739,Apartamento,Av. Padre Lebret,Morumbi,5200,6938,74,2,2,2,False,2q_apto,70.27
894054481,Apartamento,Rua Severa,Vila Maria,2280,2722,47,2,1,1,False,2q_apto,48.51
893016330,Apartamento,Rua Barão de Iguape,Liberdade,1674,2019,48,2,1,0,False,2q_apto,34.88
894885134,Apartamento,Rua Bento Vieira,Ipiranga,2400,2747,34,2,1,0,False,2q_apto,70.59
893061520,Apartamento,Rua Antônio Júlio dos Santos,Fazenda Morumbi,1850,2626,50,2,1,1,True,2q_apto,37.0
895554241,Apartamento,Rua Edvard Carmilo,Jardim Celeste,1400,1787,33,2,1,0,False,2q_apto,42.42
895152945,Apartamento,Rua Fausto Cleva,Vila Canero,4680,4961,165,2,2,2,False,2q_apto,28.36
895093973,Apartamento,Rua Godói Colaço,Vila Cordeiro,4300,5191,40,2,1,0,True,2q_apto,107.5
895589029,Apartamento,Rua Embaré,Mirandópolis,2500,2796,40,2,1,0,False,2q_apto,62.5
894924038,Apartamento,Rua Intendência,Belenzinho,2900,3812,55,2,2,1,True,2q_apto,52.73
895156424,Apartamento,Alameda Gabriel Monteiro da Silva,Jardins,8900,11043,59,2,2,1,False,2q_apto,150.85
895593790,Apartamento,Rua Ataúlfo de Paiva,Vila Euthalia,1300,1764,42,2,1,0,False,2q_apto,30.95
895580475,Apartamento,Alameda Santos,Jardim Paulista,5300,6886,80,2,2,1,False,2q_apto,66.25
895137533,Apartamento,Rua Nova dos Portugueses,Chora Menino,2750,3040,39,2,1,1,True,2q_apto,70.51
895580239,Apartamento,Avenida Sabiá,Indianópolis,6000,7937,74,2,2,1,False,2q_apto,81.08
894228579,Apartamento,Rua dos Pescadores,Cambuci,2500,3075,39,2,1,1,True,2q_apto,64.1
892789461,Apartamento,Rua Francisco Luís de Souza Júnior,Água Branca,1900,2424,48,2,1,0,False,2q_apto,39.58
895358834,Apartamento,Avenida Serafim Gonçalves Pereira,Parque Novo Mundo,2400,2870,70,2,1,1,False,2q_apto,34.29
895390321,Apartamento,Rua Gaspar Lourenço,Vila Mariana,5200,6542,47,2,2,1,True,2q_apto,110.64
895576920,Apartamento,Rua João Cachoeira,Vila Nova Conceição,5860,7478,89,2,2,1,False,2q_apto,65.84
895617489,Apartamento,Rua Bonifácio Gomes de Siqueira,Jardim Caguassu,2250,2620,52,2,1,0,False,2q_apto,43.27
895233508,Apartamento,Rua Domingos Ataide,Vila Suzana,1750,2268,48,2,1,0,True,2q_apto,36.46
895340855,Apartamento,Rua Engenheiro Mesquita Sampaio,Brooklin,6500,7993,50,2,2,1,True,2q_apto,130.0
893870763,CasaCondominio,Rua Dom Valverde,Vila Monumento,2911,3415,70,2,1,1,False,2q_condo,41.59
895082413,CasaCondominio,Rua Miguel Garcia,Cangaiba,2490,2730,80,2,1,1,False,2q_condo,31.12
895531007,CasaCondominio,Rua Dona Luísa Scarpini,Vila Dom Pedro Ii,3500,3928,80,2,2,1,False,2q_condo,43.75
894369958,CasaCondominio,Rua Lycurgo de Castro Santos,Vila Ema,2700,3339,103,2,3,2,False,2q_condo,26.21
893589415,CasaCondominio,Rua Cerro Itacolomi,Vila Marina,2500,2806,100,2,2,1,False,2q_condo,25.0
893996866,CasaCondominio,Rua Jovita,Santana,4090,4357,100,2,1,2,False,2q_condo,40.9
894390056,CasaCondominio,Rua Cabrália,Vila Carrão,2700,3248,60,2,2,2,False,2q_condo,45.0
892858737,CasaCondominio,Rua Américo Vespucci,Vila Prudente,3100,3341,69,2,2,1,False,2q_condo,44.93
895455720,CasaCondominio,Rua Tupanaci,Vila Gumercindo,2750,2884,70,2,1,0,False,2q_condo,39.29
894739653,CasaCondominio,Avenida General Mac Arthur,Vila Lageado,3200,3335,90,2,1,2,False,2q_condo,35.56
894386836,CasaCondominio,Rua Atuaí,Vila Esperança,3900,4266,95,2,2,1,False,2q_condo,41.05
895606394,CasaCondominio,Travessa Dona Paula,Higienópolis,3480,3721,120,2,1,0,False,2q_condo,29.0
895620088,CasaCondominio,Rua Otília,Penha de França,5000,5687,145,2,2,2,True,2q_condo,34.48
894324992,CasaCondominio,Rua Trapicheiro,Vila Carrão,2250,2679,70,2,2,1,False,2q_condo,32.14
895318557,CasaCondominio,Rua Jeni Klabin Segall,Sítio do Mandaqui,2450,3008,100,2,1,1,False,2q_condo,24.5
893350344,CasaCondominio,Rua Manuel da Nóbrega,Paraíso,9999,10564,110,2,2,1,False,2q_condo,90.9
895585718,CasaCondominio,Avenida São Miguel,Vila Marieta,1750,2026,50,2,1,0,False,2q_condo,35.0
894984914,CasaCondominio,Rua Janiópolis,Parque Itaberaba,1070,1445,70,2,1,0,False,2q_condo,15.29
894820044,CasaCondominio,Rua Itabira,Vila Santos,3800,5115,120,2,3,3,False,2q_condo,31.67
894183054,CasaCondominio,Rua Amaro Bezerra Cavalcanti,Vila Matilde,2500,2736,120,2,2,0,False,2q_condo,20.83
894572737,CasaCondominio,Rua Tamataí,Vila California,1880,2102,60,2,2,0,False,2q_condo,31.33
893729306,CasaCondominio,Rua Doutor João Batista Bernardes de Lima,Chácara Inglesa,1700,1908,30,2,1,1,False,2q_condo,56.67
894103293,CasaCondominio,Rua Arlindo Pasqualini,Jardim Leonor Mendes de Barros,4300,4783,51,2,3,2,True,2q_condo,84.31
894812113,CasaCondominio,Rua Conde de Irajá,Vila Mariana,7450,8725,122,2,3,1,False,2q_condo,61.07
894622941,CasaCondominio,Rua Mestre Cosme Fernandes,Vila dos Remedios,3000,3127,65,2,1,1,False,2q_condo,46.15
894146941,CasaCondominio,Rua Marinheiro,Tucuruvi,5000,5342,62,2,3,1,False,2q_condo,80.65
895439738,CasaCondominio,Rua Professora Wilma de Oliveira Vieira,Casa Verde Média,3850,4412,80,2,3,2,True,2q_condo,48.12
895522703,CasaCondominio,Rua Jotacá,Vila Picinin,1800,1893,50,2,1,0,False,2q_condo,36.0
893741385,CasaCondominio,Rua Cândia,Chácara Califórnia,3480,3808,92,2,4,1,False,2q_condo,37.83
893544757,CasaCondominio,Avenida Tucumã,Vila Buenos Aires,1890,2258,76,2,2,1,False,2q_condo,24.87
895070316,CasaCondominio,Rua Raimundo Mattiuzzo,Vila Araguaia,3500,3718,69,2,2,1,False,2q_condo,50.72
895641432,CasaCondominio,Travessa Barra do Barão,Jardim Filhos da Terra,1400,1460,135,2,1,0,False,2q_condo,10.37
894551649,CasaCondominio,Rua Ângelo Agostini,São Lucas,2897,3284,70,2,3,1,False,2q_condo,41.39
894859441,CasaCondominio,Rua Padre Mariano Ronchi,Vila Pereira Cerca,2291,2586,64,2,2,1,False,2q_condo,35.8
893085266,CasaCondominio,Rua do Manifesto,Ipiranga,1910,2223,50,2,1,0,False,2q_condo,38.2
894960323,CasaCondominio,Rua Padre Mariano Ronchi,Vila Pereira Cerca,2400,2700,64,2,1,1,False,2q_condo,37.5
895577296,CasaCondominio,Avenida Luca,Chácara Mafalda,2000,2180,43,2,1,0,False,2q_condo,46.51
895426249,CasaCondominio,Rua Ministro Ferreira Alves,Pompeia,8500,9176,94,2,2,1,False,2q_condo,90.43
895564834,CasaCondominio,Rua Ricardo,Vila Dom Pedro Ii,2300,2574,49,2,1,1,False,2q_condo,46.94
895302211,CasaCondominio,Rua Alcacer-kehir,Tatuapé,2990,3226,126,2,2,3,False,2q_condo,23.73
894295281,CasaCondominio,Rua Hermann Teles Ribeiro,Vila Invernada,2600,3024,45,2,3,2,False,2q_condo,57.78
895353962,CasaCondominio,Rua Terra Roxa,Cidade Mãe do Céu,2530,2637,95,2,1,0,False,2q_condo,26.63
895628987,CasaCondominio,Rua Teixeira Mendes,Cambuci,2500,2656,65,2,1,0,False,2q_condo,38.46
895157027,CasaCondominio,Rua Antônia Soveral,Chácara Santo Antônio (zona Leste),4000,4170,150,2,3,2,True,2q_condo,26.67
893655611,CasaCondominio,Rua Água Preta,Vila Nova Cachoeirinha,2270,2427,72,2,1,1,False,2q_condo,31.53
893439947,CasaCondominio,Rua Atuaí,Vila Esperança,2600,2871,65,2,2,1,False,2q_condo,40.0
894576000,CasaCondominio,Rua Sebastião José Francisco,Vila Buenos Aires,1910,2223,67,2,3,1,False,2q_condo,28.51
895291377,CasaCondominio,Rua Maria Carlota,Vila Esperança,3900,4372,116,2,4,2,False,2q_condo,33.62
895574733,CasaCondominio,Rua Desembargador Lauro de Souza Alves,Conjunto Residencial Vista Verde,2750,3446,92,2,2,2,False,2q_condo,29.89
894777800,CasaCondominio,Rua José Gonçalves Pereira,Vila Nova Conceição,4400,5061,80,2,2,1,False,2q_condo,55.0
895595235,CasaCondominio,Rua General Lauro Cavalcanti de Farias,Jardim Mangalot,2400,2502,80,2,1,1,False,2q_condo,30.0
894914136,CasaCondominio,Avenida Ceci,Planalto Paulista,2230,2390,75,2,1,0,False,2q_condo,29.73
894045174,CasaCondominio,Rua Quedas,Vila Isolina Mazzei,2600,2883,60,2,2,1,False,2q_condo,43.33
895505183,CasaCondominio,Rua Fidélis Papini,Vila Prudente,5000,5414,62,2,3,2,False,2q_condo,80.65
893648116,CasaCondominio,Rua Mariano Procópio,Vila Monumento,1760,1897,70,2,1,0,False,2q_condo,25.14
895531046,CasaCondominio,Rua Dona Luísa Scarpini,Vila Dom Pedro Ii,2800,3199,80,2,2,1,False,2q_condo,35.0
894843955,CasaCondominio,Rua Benvinda Catarina de Jesus,Imirim,1716,1869,65,2,1,0,False,2q_condo,26.4
892862633,CasaCondominio,Rua Alves de Almeida,Chácara Belenzinho,2200,2443,60,2,2,1,False,2q_condo,36.67
895585721,CasaCondominio,Avenida São Miguel,Vila Marieta,1800,2078,60,2,2,0,False,2q_condo,30.0
894553699,CasaCondominio,Rua Conde de Irajá,Vila Mariana,7500,8778,123,2,2,1,False,2q_condo,60.98
895427785,CasaCondominio,Rua Serra Redonda,Jardim Guairaca,2370,3057,62,2,2,1,True,2q_condo,38.23
895213602,CasaCondominio,Rua Hamilton Prado,Chácara Belenzinho,1400,1811,42,2,1,0,False,2q_condo,33.33
895638776,CasaCondominio,Rua Moliterno,Penha de França,1500,1614,38,2,1,0,False,2q_condo,39.47
893011794,CasaCondominio,Rua Jardim das Margaridas,Vila Buenos Aires,1899,2247,120,2,3,1,False,2q_condo,15.82
894183134,CasaCondominio,Rua Joaquim Marra,Vila Matilde,2500,2916,75,2,2,2,False,2q_condo,33.33
895638778,CasaCondominio,Rua Moliterno,Penha de França,1500,1614,38,2,1,0,False,2q_condo,39.47
895580456,CasaCondominio,Rua José Gonçalves Pereira,Vila Nova Conceição,4700,5324,100,2,2,1,False,2q_condo,47.0
895417129,CasaCondominio,Rua Lefosse,Vila Invernada,2760,3155,119,2,3,2,False,2q_condo,23.19
895583414,CasaCondominio,Rua Tucuna,Pompeia,3500,4297,88,2,1,1,False,2q_condo,39.77
895531024,CasaCondominio,Rua Dona Luísa Scarpini,Vila Dom Pedro Ii,3000,3407,80,2,2,1,False,2q_condo,37.5
893297002,CasaCondominio,Rua Coronel Bento José de Carvalho,Vila Matilde,4000,4585,104,2,2,2,True,2q_condo,38.46
894290114,CasaCondominio,Rua Tamboril,Parada Inglesa,2000,3885,45,2,1,0,False,2q_condo,44.44
895531082,CasaCondominio,Rua Doutor Pelágio Marques,Vila Matilde,3900,4316,110,2,2,1,False,2q_condo,35.45
894440526,CasaCondominio,Rua Camillo Nader,Vila Morumbi,3410,5855,110,2,2,2,False,2q_condo,31.0
895290708,CasaCondominio,Avenida Ibiúna,Vila Aricanduva,2500,2790,90,2,2,1,False,2q_condo,27.78
894108901,CasaCondominio,Rua Ligiana,Vila Santa Clara,2420,2858,70,2,2,1,False,2q_condo,34.57
895073998,CasaCondominio,Rua Nabuco de Araújo,Vila Mariza Mazzei,2000,2363,42,2,1,1,False,2q_condo,47.62
894004058,CasaCondominio,Rua Tijuca Paulista,Santana,1900,2031,70,2,2,1,False,2q_condo,27.14
894628637,CasaCondominio,Rua Macedônia,Vila Nina,2500,2866,100,2,2,2,False,2q_condo,25.0
893243882,CasaCondominio,Rua Filipe Galvão,Vila Granada,1890,2346,60,2,2,1,False,2q_condo,31.5
895336240,CasaCondominio,Rua Paulina,Chácara Mafalda,2750,3067,51,2,2,1,False,2q_condo,53.92
894539314,CasaCondominio,Rua Kaneda,Jardim Japão,3700,4082,157,2,2,2,False,2q_condo,23.57
895607500,CasaCondominio,Rua Mercedes Lopes,Vila Santana,2580,2901,90,2,3,1,False,2q_condo,28.67
893020934,CasaCondominio,Rua Moliterno,Penha de França,2500,2850,63,2,2,1,False,2q_condo,39.68
893709888,CasaCondominio,Rua Otília,Penha de França,2370,2676,75,2,2,2,False,2q_condo,31.6
895531036,CasaCondominio,Rua Dona Luísa Scarpini,Vila Dom Pedro Ii,3000,3407,80,2,2,1,False,2q_condo,37.5
895366016,CasaCondominio,Rua Mário Whately,Alto da Lapa,3000,3236,85,2,1,1,False,2q_condo,35.29
895531018,CasaCondominio,Rua Dona Luísa Scarpini,Vila Dom Pedro Ii,3000,3407,80,2,2,1,False,2q_condo,37.5
895531040,CasaCondominio,Rua Dona Luísa Scarpini,Vila Dom Pedro Ii,3000,3407,80,2,2,1,False,2q_condo,37.5
895129463,CasaCondominio,Estrada do Campo Limpo,Vila Pirajussara,3200,4186,100,2,2,2,False,2q_condo,32.0
894304017,CasaCondominio,Rua Engenheiro Pegado,Vila Carrao,1736,1897,40,2,1,0,False,2q_condo,43.4
895577116,CasaCondominio,Rua da Economia,Vila Nova Savoia,2300,2398,62,2,3,1,False,2q_condo,37.1
894348454,CasaCondominio,Avenida Marechal Eurico Gaspar Dutra,Santana,3200,3735,45,2,1,0,True,2q_condo,71.11
893524221,CasaCondominio,Rua Saboo,Vila Santa Isabel,2004,2495,60,2,1,1,False,2q_condo,33.4
893626390,CasaCondominio,Rua Judith Zumkeller,Parque Mandaqui,3300,3555,56,2,3,2,True,2q_condo,58.93
893601702,CasaCondominio,Rua Oscar de Moura Lacerda,Jardim Rossin,1270,1453,55,2,1,0,False,2q_condo,23.09
894465487,CasaCondominio,Rua José Manuel da Fonseca Júnior,Vila Matilde,2380,2561,111,2,2,1,True,2q_condo,21.44
895290705,CasaCondominio,Avenida Ibiúna,Vila Aricanduva,2500,2790,90,2,3,1,False,2q_condo,27.78
895290709,CasaCondominio,Avenida Ibiúna,Vila Aricanduva,2500,2790,90,2,2,1,False,2q_condo,27.78
895315931,CasaCondominio,Rua Mamud Rahd,Tremembé,2250,2430,51,2,1,1,False,2q_condo,44.12
894400721,CasaCondominio,Rua Doutor Virgílio Machado,Vila Pierina,1900,2323,65,2,3,1,False,2q_condo,29.23
895504049,CasaCondominio,Rua Evaristo da Veiga,Brás,2800,2919,98,2,1,0,False,2q_condo,28.57
895444293,CasaCondominio,Rua Vieira Pinto,Vila Aricanduva,3340,3482,70,2,2,4,False,2q_condo,47.71
894760328,CasaCondominio,Rua Dom Bento Pickel,Casa Verde Alta,2500,2867,70,2,1,1,False,2q_condo,35.71
895598119,CasaCondominio,Rua Albertina Viêira da Silva Gordo,Vila Aurora (zona Norte),2600,2710,57,2,1,2,False,2q_condo,45.61
894876305,CasaCondominio,Rua Entre-rios,Vila Buenos Aires,1850,2128,57,2,2,1,True,2q_condo,32.46
895616911,CasaCondominio,Rua Lomas Valentinas,Vila da Saúde,2620,2731,75,2,1,1,False,2q_condo,34.93
894868499,CasaCondominio,Rua Marques de Carvalho,Cidade Mãe do Céu,1976,2160,90,2,2,0,False,2q_condo,21.96
895559324,CasaCondominio,Rua Heloísa Camargo,Vila Esperança,2300,2398,80,2,1,1,False,2q_condo,28.75
893300573,CasaCondominio,Rua José Carlos Rodrigues,Vila Continental,2340,2669,131,2,2,2,False,2q_condo,17.86
895608943,CasaCondominio,Rua Marquês Maricá,Ipiranga,2200,2482,55,2,1,1,False,2q_condo,40.0
895255731,CasaCondominio,Rua Vitório Mazzei,Vila Isolina Mazzei,1890,2319,41,2,1,0,False,2q_condo,46.1
895606459,CasaCondominio,Rua Joaquim Ribeiro,Sítio Morro Grande,1700,2273,55,2,1,1,False,2q_condo,30.91
893325644,CasaCondominio,Rua Cândia,Chácara Califórnia,5500,5857,95,2,2,1,False,2q_condo,57.89
895060813,CasaCondominio,Rua Ricardo Vilela,Penha de França,5000,5337,55,2,1,1,False,2q_condo,90.91
895590376,CasaCondominio,Rua Dona Joaquina de Jesus,Vila Isolina Mazzei,3000,3346,72,2,1,1,False,2q_condo,41.67
895619513,CasaCondominio,Rua Jotacá,Vila Picinin,1600,1670,40,2,1,0,False,2q_condo,40.0
894350440,CasaCondominio,Rua Conde de Irajá,Vila Mariana,7000,8297,122,2,2,2,False,2q_condo,57.38
895429587,CasaCondominio,Rua General Sócrates,Guaiauna,2910,3284,68,2,2,1,False,2q_condo,42.79
893465148,CasaCondominio,Rua dos Financeiros,Vila Bancária,1900,2461,80,2,1,1,False,2q_condo,23.75
895481228,CasaCondominio,Rua Ângelo Agostini,São Lucas,2720,3099,70,2,3,1,False,2q_condo,38.86
893443590,CasaCondominio,Rua César Batista,Vila Guarani (zona Sul),3500,3767,60,2,2,2,False,2q_condo,58.33
893763442,CasaCondominio,Rua Mirandinha,Penha de França,2200,2293,70,2,1,0,False,2q_condo,31.43
895531028,CasaCondominio,Rua Dona Luísa Scarpini,Vila Dom Pedro Ii,3000,3407,80,2,2,1,False,2q_condo,37.5
893107411,CasaCondominio,Rua Ibitirama,Vila Prudente,2347,2576,89,2,1,0,False,2q_condo,26.37
895638777,CasaCondominio,Rua Moliterno,Penha de França,1500,1614,38,2,1,0,False,2q_condo,39.47
894187109,CasaCondominio,Rua Padre Leonel Franca,Vila Prudente,1980,2454,47,2,1,0,False,2q_condo,42.13
893450064,CasaCondominio,Rua Antônia Teresa de Paula Matias,Jardim Danfer,1799,2034,65,2,3,1,False,2q_condo,27.68
893048683,CasaCondominio,Avenida Jules Rimet,Jardim Leonor,4500,6372,120,2,2,1,False,2q_condo,37.5
895607029,CasaCondominio,Avenida Marcondes de Brito,Chácara Seis de Outubro,2900,3254,67,2,2,2,False,2q_condo,43.28
893618948,CasaCondominio,Rua Tomaz da Mota,Jardim Pinheiros,2130,2432,50,2,1,1,False,2q_condo,42.6
895410765,CasaCondominio,Rua Betari,Penha de França,4500,4791,112,2,2,2,False,2q_condo,40.18
895436597,CasaCondominio,Rua Cabrália,Vila Carrão,2700,3223,65,2,3,2,False,2q_condo,41.54
895165264,CasaCondominio,Rua Refinaria Mataripe,Vila Antonieta,4500,5072,108,2,2,2,False,2q_condo,41.67
894740722,CasaCondominio,Rua Doze de Outubro,Lapa,3400,3735,75,2,2,1,False,2q_condo,45.33
895478528,CasaCondominio,Rua Aurora,Vila Moreira,2140,2431,93,2,2,1,False,2q_condo,23.01
894908637,CasaCondominio,Rua Aurora,Vila Moreira,2100,2389,95,2,3,1,False,2q_condo,22.11
895478529,CasaCondominio,Rua Aurora,Vila Moreira,2140,2431,95,2,2,1,False,2q_condo,22.53
893625142,CasaCondominio,Rua Arujá,Vila Curuçá,2800,3068,80,2,2,2,False,2q_condo,35.0
893518349,CasaCondominio,Rua das Maravilhas,Jardim das Maravilhas,1822,2020,80,2,2,1,False,2q_condo,22.77
895291020,Apartamento,Rua Doutor Renato Paes de Barros,Itaim Bibi,9900,13587,187,3,3,1,False,3q_apto,52.94
895398944,Apartamento,Rua Caraíbas 743 - Pompeia São Paulo - Sp Brasil,Pompeia,9250,15580,237,3,2,4,False,3q_apto,39.03
895321105,Apartamento,Avenida Nova Cantareira,Tucuruvi,11980,14309,129,3,5,2,True,3q_apto,92.87
895490041,Apartamento,Avenida Doutor Guilherme Dumont Vilares,Jardim Londrina,6000,8632,300,3,4,3,False,3q_apto,20.0
895493738,Apartamento,Rua Teodoro Sampaio,Pinheiros,4060,5721,110,3,1,1,False,3q_apto,36.91
895523939,Apartamento,Rua Argonautas,Vila Formosa,5900,8243,130,3,3,4,True,3q_apto,45.38
895418466,Apartamento,Rua José de Oliveira Coelho,Vila Andrade,3900,6840,132,3,2,3,False,3q_apto,29.55
895552420,Apartamento,Avenida Itacira,Planalto Paulista,7500,8970,80,3,3,1,True,3q_apto,93.75
895446513,Apartamento,Avenida Direitos Humanos,Lauzane Paulista,7000,9154,110,3,2,2,True,3q_apto,63.64
895607530,Apartamento,Rua Professor Celso Quirino dos Santos,Butantã,2930,3978,63,3,2,1,False,3q_apto,46.51
895456537,Apartamento,Rua Manuel da Nóbrega,Paraíso,4900,7294,157,3,3,1,True,3q_apto,31.21
895271889,Apartamento,Rua Caiubí,Perdizes,5400,6993,91,3,1,1,False,3q_apto,59.34
895028763,Apartamento,Rua Artur Prado,Liberdade,3980,6106,101,3,1,1,False,3q_apto,39.41
895257874,Apartamento,Avenida Padres Olivetanos,Vila Esperança,4000,5224,80,3,2,1,False,3q_apto,50.0
895330491,Apartamento,Rua Ouro Branco,Jardim Paulista,6000,8663,87,3,3,2,True,3q_apto,68.97
893469661,Apartamento,Rua Charles Spencer Chaplin,Vila Andrade,3000,7743,180,3,3,3,True,3q_apto,16.67
895284071,Apartamento,Rua do Símbolo,Jardim Ampliacao,3680,4822,100,3,3,2,False,3q_apto,36.8
894949299,Apartamento,Rua Bahia,Higienópolis,9060,17160,205,3,5,3,True,3q_apto,44.2
895552225,Apartamento,Rua Vergueiro,Vila Mariana,5500,7267,95,3,3,2,True,3q_apto,57.89
894255704,Apartamento,Rua Paulo Orozimbo,Aclimação,5910,8756,130,3,2,0,False,3q_apto,45.46
895623955,Apartamento,Rua Desembargador do Vale,Perdizes,4400,6886,105,3,3,2,True,3q_apto,41.9
895584420,Apartamento,Avenida Cotovia,Indianópolis,6300,8631,97,3,2,2,False,3q_apto,64.95
892895966,Apartamento,Rua Ibitirama,Vila Prudente,2900,3480,65,3,2,1,False,3q_apto,44.62
894740216,Apartamento,Rua Agnaldo Manuel dos Santos,Jardim Vila Mariana,15000,24329,265,3,3,5,False,3q_apto,56.6
894926856,Apartamento,Rua Serra de Botucatu,Chácara Califórnia,2670,3417,63,3,1,1,False,3q_apto,42.38
895474862,Apartamento,Rua Deputado João Sussumu Hirata,Vila Andrade,5500,7102,71,3,2,2,True,3q_apto,77.46
895213957,Apartamento,Rua Zacarias de Gois,Parque Colonial,18500,24785,216,3,5,4,True,3q_apto,85.65
895604174,Apartamento,Rua José Gonçalves Gomide,Vila Guilherme,4100,5563,78,3,2,2,False,3q_apto,52.56
895393219,Apartamento,Rua Ambrizette,Jardim Fonte do Morumbi,11000,15024,156,3,3,3,False,3q_apto,70.51
895587462,Apartamento,Rua João Lourenço,Vila Nova Conceição,6000,7287,90,3,3,1,False,3q_apto,66.67
895442223,Apartamento,Rua Luís Martins,Lapa,6400,9456,167,3,3,3,False,3q_apto,38.32
895550532,Apartamento,Rua Morgado de Mateus,Vila Mariana,29000,38634,421,3,5,5,True,3q_apto,68.88
893104240,Apartamento,Rua Alexandre Dumas,Chácara Santo Antônio (zona Sul),4750,6709,93,3,1,1,False,3q_apto,51.08
893976737,Apartamento,Rua Antônio Domingues de Carvalho,Parada Inglesa,3600,4801,76,3,2,2,True,3q_apto,47.37
892805683,Apartamento,Rua Afonso de Freitas,Paraíso,5800,7805,100,3,2,1,False,3q_apto,58.0
895591141,Apartamento,Rua Doutor Mário de Moura E Albuquerque,Jardim Monte Kemel,10000,14164,206,3,4,3,True,3q_apto,48.54
892802541,Apartamento,Rua Doutor Augusto de Miranda,Vila Pompéia,5100,7595,98,3,1,1,False,3q_apto,52.04
894464048,Apartamento,Rua Apiacás,Perdizes,5600,7329,97,3,3,2,True,3q_apto,57.73
894358867,Apartamento,Rua Fernando Falcão,Mooca,3162,3534,80,3,2,0,True,3q_apto,39.52
895458792,Apartamento,Rua Luís Góis,Mirandópolis,17000,19756,210,3,4,2,True,3q_apto,80.95
895125371,Apartamento,Rua Carlos Alberto Vanzolini,Vila dos Remédios,3100,3954,64,3,2,1,False,3q_apto,48.44
892857747,Apartamento,Rua Senador César Lacerda Vergueiro,Sumarezinho,7000,9655,124,3,2,2,False,3q_apto,56.45
895526754,Apartamento,Avenida Raimundo Pereira de Magalhães,Jardim Iris,6160,7937,80,3,2,2,True,3q_apto,77.0
895518290,Apartamento,Rua Indiana,Brooklin,11800,14992,100,3,3,2,False,3q_apto,118.0
895532639,Apartamento,Rua Cojuba,Itaim Bibi,17000,24040,145,3,4,4,False,3q_apto,117.24
895522647,Apartamento,Alameda Itu,Jardim Paulista,15000,18575,141,3,2,2,True,3q_apto,106.38
895638934,Apartamento,Rua Mário Amaral,Paraíso,8000,10443,90,3,2,1,False,3q_apto,88.89
894467981,Apartamento,Rua Campante,Vila Independência,3420,4628,66,3,2,2,False,3q_apto,51.82
895401095,Apartamento,Rua 29 de Outubro,Vila Matilde,2710,4126,73,3,2,1,False,3q_apto,37.12
895608975,Apartamento,Rua Pantojo,Água Rasa,4370,6298,98,3,3,2,False,3q_apto,44.59
895463604,Apartamento,Rua Heitor Peixoto,Vila Monumento,7500,10274,115,3,3,2,True,3q_apto,65.22
895610078,Apartamento,Rua Raul Pompéia,Vl Pompeia,7000,9534,110,3,3,3,False,3q_apto,63.64
895437405,Apartamento,Avenida Bem-te-vi,Indianópolis,26000,30078,145,3,3,2,False,3q_apto,179.31
895439186,Apartamento,Rua Oliveira Alves,Ipiranga,5500,6683,111,3,3,1,True,3q_apto,49.55
895531499,Apartamento,Rua Itapicuru,Perdizes,15000,20129,198,3,4,3,False,3q_apto,75.76
893692838,Apartamento,Rua São Pedro Fourier,Vila Suzana,10000,13870,250,3,3,4,False,3q_apto,40.0
895185772,Apartamento,Rua Antônio Aggio,Jardim Ampliacao,7000,11470,172,3,3,2,False,3q_apto,40.7
894437002,Apartamento,Rua Leonardo Cerveira Varandas,Morumbi,7920,11126,128,3,3,3,False,3q_apto,61.88
894164505,Apartamento,Rua Pantojo,Vila Regente Feijó,10000,13354,343,3,3,3,False,3q_apto,29.15
895269785,Apartamento,Rua Alves Guimarães,Pinheiros,7200,8974,55,3,2,1,True,3q_apto,130.91
895540097,Apartamento,Rua Jacques Félix,Vila Nova Conceição,22000,26880,120,3,3,2,False,3q_apto,183.33
895361818,Apartamento,Rua Pereira da Nóbrega,Vila Monumento,6100,10094,210,3,3,3,True,3q_apto,29.05
893327546,Apartamento,Rua Oscar Freire,Pinheiros,7200,10109,106,3,2,1,True,3q_apto,67.92
895578597,Apartamento,Rua Ipiranga,Jardim Aeroporto,2790,4250,70,3,1,1,False,3q_apto,39.86
895398811,Apartamento,Rua Tabapuã,Itaim Bibi,5715,9210,134,3,3,1,True,3q_apto,42.65
895283520,Apartamento,Avenida Marquês de São Vicente,Água Branca,8500,10396,103,3,2,2,False,3q_apto,82.52
893479751,Apartamento,Rua Nelson Gama de Oliveira,Vila Andrade,8700,11775,150,3,4,3,True,3q_apto,58.0
893363879,Apartamento,Rua Curupá,Vila Formosa,4200,5362,70,3,2,1,False,3q_apto,60.0
895595292,Apartamento,Rua Francisco Marcondes Vieira,Morumbi,8000,10595,140,3,4,2,True,3q_apto,57.14
895509483,Apartamento,Rua Pernambuco,Higienópolis,8900,16228,220,3,5,2,False,3q_apto,40.45
892912740,Apartamento,Alameda Lorena,Jardim Paulista,5500,7131,101,3,3,1,False,3q_apto,54.46
895559977,Apartamento,Rua João Antônio de Oliveira,Mooca,4000,6035,78,3,2,2,False,3q_apto,51.28
895540368,Apartamento,Rua Jacurici,Itaim Bibi,19500,25837,240,3,2,2,True,3q_apto,81.25
894598496,Apartamento,Rua Vicenza,Vila Dom Pedro Ii,3440,4373,67,3,2,1,False,3q_apto,51.34
895582782,Apartamento,Rua Cincinato Braga,Bela Vista,6500,9074,130,3,3,1,False,3q_apto,50.0
894437052,Apartamento,Rua Manoel da Nóbrega,Paraíso,5600,8291,154,3,3,0,False,3q_apto,36.36
895525816,Apartamento,Rua do Rocio,Vila Olímpia,15000,18009,111,3,4,2,True,3q_apto,135.14
895313385,Apartamento,Rua Catarina Braida - Mooca São Paulo - Sp Brasil,Mooca,17000,20723,178,3,5,3,True,3q_apto,95.51
895596055,Apartamento,Rua José Antônio Coelho,Vila Mariana,8500,11138,111,3,4,3,True,3q_apto,76.58
895367414,Apartamento,Rua Doutor Gabriel dos Santos,Santa Cecilia,6500,9372,110,3,3,2,True,3q_apto,59.09
895607798,Apartamento,Rua dos Trilhos,Mooca,2820,3921,63,3,1,1,False,3q_apto,44.76
895564337,Apartamento,Rua Ernesto de Oliveira,Jardim Vila Mariana,8000,11090,128,3,4,2,True,3q_apto,62.5
895457778,Apartamento,Rua Alves Guimarães,Pinheiros,18300,22780,155,3,4,2,True,3q_apto,118.06
895597104,Apartamento,Rua Fábio Lopes dos Santos Luz,Vila Andrade,10038,12204,95,3,2,2,False,3q_apto,105.66
895271904,Apartamento,Rua Pedroso Alvarenga,Itaim Bibi,4000,5767,80,3,1,0,False,3q_apto,50.0
895513913,Apartamento,Rua Conceição de Monte Alegre,Cidade Monções,9300,12315,93,3,3,2,True,3q_apto,100.0
892778776,Apartamento,Avenida Portugal,Brooklin,12660,15048,270,3,5,3,True,3q_apto,46.89
895429629,Apartamento,Rua Itapaiúna,Jardim Morumbi,14800,19681,160,3,4,3,True,3q_apto,92.5
893242537,Apartamento,Rua Antônio Júlio dos Santos,Fazenda Morumbi,3003,4505,110,3,5,2,False,3q_apto,27.3
893020232,Apartamento,Rua Dona Luiza Tolle,Santana,12000,17611,205,3,6,4,False,3q_apto,58.54
894647181,Apartamento,Rua Antônio de Barros,Vila Carrão,10000,12539,135,3,3,3,True,3q_apto,74.07
895621902,Apartamento,Rua Doutor José Áureo Bustamante,Santo Amaro,14000,17765,138,3,4,3,True,3q_apto,101.45
894232463,Apartamento,Rua João Rudge,Casa Verde,5000,6085,78,3,3,2,False,3q_apto,64.1
895589848,Apartamento,Rua Manuel da Nóbrega,Paraíso,9000,12131,141,3,2,1,False,3q_apto,63.83
895097131,Apartamento,Avenida Ministro Petrônio Portela,Vila Amélia,4100,4988,81,3,2,1,False,3q_apto,50.62
894932042,Apartamento,Rua Júlio Garita,Parque Bairro Morumbi,5500,8537,160,3,4,3,False,3q_apto,34.38
895267061,Apartamento,Rua Santa Justina,Vila Olímpia,8900,11318,97,3,3,1,False,3q_apto,91.75
892941891,Apartamento,Avenida Professor Francisco Morato,Vila Sônia ,4300,5135,82,3,3,1,True,3q_apto,52.44
892957323,Apartamento,Rua Doutor Fausto Ferraz,Bela Vista,6900,8964,115,3,3,1,False,3q_apto,60.0
894740382,Apartamento,Rua 21 de Abril,Brás,2640,3739,155,3,2,0,False,3q_apto,17.03
894949769,Apartamento,Rua Matias Roxo,Vila Leopoldina,19080,22003,190,3,3,3,False,3q_apto,100.42
894865031,Apartamento,Rua Lydia Ferrari Magnoli,Jardim Avelino,3940,5792,140,3,4,2,False,3q_apto,28.14
892788486,Apartamento,Rua Casa do Ator,Vila Olímpia,8000,10288,130,3,2,1,True,3q_apto,61.54
895023099,Apartamento,Rua Carneiro da Cunha,Vila da Saúde,9000,9948,95,3,3,1,False,3q_apto,94.74
895550892,Apartamento,Rua Manuel da Nóbrega,Paraíso,9820,12589,150,3,2,2,True,3q_apto,65.47
893558100,Apartamento,Avenida Doutor Guilherme Dumont Vilares,Jardim Londrina,8500,11503,155,3,5,3,True,3q_apto,54.84
892960257,Apartamento,Rua Eunice Weaver,Jardim Anália Franco,12800,17523,181,3,5,4,True,3q_apto,70.72
894361281,Apartamento,Rua Frederico Guarinon,Jardim Ampliação,10000,12693,116,3,3,2,True,3q_apto,86.21
894244123,Apartamento,Avenida Giovanni Gronchi,Vila Andrade,2360,3951,68,3,2,2,False,3q_apto,34.71
894208222,Apartamento,Rua Eleonora Cintra,Jardim Anália Franco,7000,12896,210,3,5,3,True,3q_apto,33.33
895453348,Apartamento,Rua Joaquim Távora,Vila Mariana,18000,21049,140,3,3,2,False,3q_apto,128.57
895257724,Apartamento,Rua Antônio de Barros,Chácara Santo Antônio (zona Leste),5100,7634,122,3,4,1,False,3q_apto,41.8
893312743,Apartamento,Rua Clélia,Água Branca,3500,5266,100,3,2,1,False,3q_apto,35.0
892964168,Apartamento,Estrada das Lágrimas,São João Clímaco,3000,3810,84,3,2,1,False,3q_apto,35.71
895493887,Apartamento,Rua José Alves Cunha Lima,Vila Butantã,2780,4116,67,3,1,1,False,3q_apto,41.49
895459974,Apartamento,Rua Damiana da Cunha,Santa Teresinha,7800,9836,90,3,1,2,True,3q_apto,86.67
894341441,Apartamento,Avenida Vila Ema,Vila Ema,2700,3406,64,3,1,1,False,3q_apto,42.19
895515875,Apartamento,Rua Conselheiro Pedro Luís,Santana,15162,19914,189,3,4,3,False,3q_apto,80.22
895098729,Apartamento,Rua Juventus,Parque da Mooca,5426,7951,160,3,4,1,False,3q_apto,33.91
895060798,Apartamento,Rua Cônego Ladeira,Vila Mazzei,7028,8892,120,3,3,1,False,3q_apto,58.57
894936805,Apartamento,Rua Marquês de Olinda,Vila Dom Pedro I,8500,10913,120,3,4,2,False,3q_apto,70.83
894558051,Apartamento,Rua Teodoro de Beaurepaire,Vila Dom Pedro I,2800,4322,80,3,2,2,False,3q_apto,35.0
893708932,Apartamento,Avenida Sapopemba,Sapopemba,3262,4215,120,3,1,1,False,3q_apto,27.18
895222947,Apartamento,Rua Bom Sucesso,Cidade Mãe do Céu,11000,13572,111,3,4,2,True,3q_apto,99.1
895401087,Apartamento,Alameda Campinas,Jardim Paulista,9947,13506,190,3,3,1,False,3q_apto,52.35
895142073,Apartamento,Rua Senador César Lacerda Vergueiro,Sumarezinho,21000,24144,144,3,3,2,False,3q_apto,145.83
892825880,Apartamento,Rua Santo Irineu,Bosque da Saúde,4500,7251,96,3,3,2,True,3q_apto,46.88
892791901,Apartamento,Rua Manoel da Nóbrega,Paraíso,5600,8291,157,3,3,0,False,3q_apto,35.67
895017135,Apartamento,Rua Gregório Serrão,Vila Mariana,12500,15181,105,3,3,2,False,3q_apto,119.05
893697103,Apartamento,Rua São Benedito,Santo Amaro,6990,9925,160,3,4,2,False,3q_apto,43.69
893213075,Apartamento,Avenida Santa Inês,Jardim Sonia,3130,4231,90,3,2,3,False,3q_apto,34.78
892957706,Apartamento,Rua Argonautas,Vila Formosa,4350,7194,130,3,4,3,False,3q_apto,33.46
895493119,Apartamento,Rua João Ramalho,Perdizes,7000,9412,130,3,3,1,False,3q_apto,53.85
895453402,Apartamento,Rua Francisco Marcondes Vieira,Jardim Lar Sao Paulo,7800,10843,137,3,2,3,False,3q_apto,56.93
895590348,Apartamento,Rua José da Silva Ribeiro,Vila Andrade,3900,6027,83,3,3,2,True,3q_apto,46.99
895479253,Apartamento,Rua Fábio Lopes dos Santos Luz,Vila Andrade,11000,14887,163,3,5,3,True,3q_apto,67.48
893540747,Apartamento,Avenida Nova Cantareira,Tucuruvi,2496,3652,125,3,2,1,False,3q_apto,19.97
895534813,Apartamento,Rua Ipanema,Mooca,3140,3908,63,3,1,1,False,3q_apto,49.84
892812912,Apartamento,Rua Napoleão de Barros,Vila Clementino,3720,4875,85,3,2,2,False,3q_apto,43.76
893871406,Apartamento,Rua Nova dos Portugueses,Chora Menino,8000,10234,131,3,3,3,False,3q_apto,61.07
893572370,Apartamento,Rua Leonor Barbosa Rodrigues,Vila Barbosa,2600,3881,80,3,2,2,True,3q_apto,32.5
893241873,Apartamento,Rua Pascal,Campo Belo,5500,7907,95,3,2,1,True,3q_apto,57.89
894702298,Apartamento,Avenida Miruna,Indianópolis,15000,17658,102,3,2,2,False,3q_apto,147.06
895078525,Apartamento,Rua da Meação,Vila Regente Feijó,20390,26877,370,3,4,6,True,3q_apto,55.11
894936452,Apartamento,Rua Nebraska,Brooklin Novo,8000,12901,207,3,3,2,False,3q_apto,38.65
895043963,Apartamento,Rua José da Silva Ribeiro,Vila Andrade,7720,10951,114,3,4,4,False,3q_apto,67.72
895081104,Apartamento,Rua João Ramalho,Perdizes,7000,9690,147,3,2,3,False,3q_apto,47.62
893204688,Apartamento,Rua Salete,Santana,9990,12484,123,3,3,2,False,3q_apto,81.22
894744629,Apartamento,Avenida Padre Antônio José dos Santos,Cidade Monções,8990,12768,172,3,3,2,True,3q_apto,52.27
894664896,Apartamento,Rua Mário Augusto do Carmo,Jardim Avelino,5980,8407,156,3,4,3,True,3q_apto,38.33
895244206,Apartamento,Rua Alexandre Benois,Vila Andrade,4060,6107,85,3,2,2,False,3q_apto,47.76
895276800,Apartamento,Avenida Agami,Indianópolis,16250,19940,150,3,3,2,False,3q_apto,108.33
894855008,Apartamento,Rua do Símbolo,Jardim Ampliação,3800,6095,119,3,1,3,False,3q_apto,31.93
895190691,Apartamento,Rua Ministro Gabriel de Rezende Passos,Indianópolis,15500,22373,242,3,2,4,False,3q_apto,64.05
893953685,Apartamento,Avenida Aratãs,Indianópolis,6590,9471,188,3,5,2,False,3q_apto,35.05
893100041,Apartamento,Rua Barão Bananal,Vila Pompéia,5500,8190,102,3,4,3,False,3q_apto,53.92
894923903,Apartamento,Avenida Roque Petroni Júnior,Jardim das Acacias,20000,23742,165,3,4,3,False,3q_apto,121.21
894137711,Apartamento,Avenida Barão de Monte Mor,Real Parque,4500,8194,127,3,4,3,False,3q_apto,35.43
895175213,Apartamento,Rua João Cachoeira,Vila Nova Conceição,21000,25352,134,3,3,2,False,3q_apto,156.72
895178040,Apartamento,Rua Teodoro Sampaio,Pinheiros,4200,6546,114,3,2,2,False,3q_apto,36.84
895228104,Apartamento,Rua Bacaetava,Vila Gertrudes,10300,13906,126,3,5,5,False,3q_apto,81.75
895242430,Apartamento,Rua Rego Barros,Jardim Vila Formosa,3100,3937,68,3,1,1,False,3q_apto,45.59
894578167,Apartamento,Rua Tenente Gelás,Tatuapé,6000,7721,97,3,2,2,False,3q_apto,61.86
895192099,Apartamento,Rua Volta Redonda,Campo Belo,16000,20417,180,3,4,3,False,3q_apto,88.89
894007159,Apartamento,Avenida da Invernada,Vila Congonhas,3900,5265,78,3,2,1,False,3q_apto,50.0
895266286,Apartamento,R. Cardoso de Almeida 978 - Perdizes São Paulo - Sp 05013-001 Brasil,Perdizes,5000,7268,127,3,2,1,True,3q_apto,39.37
893499547,Apartamento,Rua Gil Eanes,Brooklin Novo,7000,9645,118,3,1,2,False,3q_apto,59.32
895242834,Apartamento,Rua Antônio de Oliveira,Chácara Santo Antônio (zona Sul),25000,31264,196,3,5,3,False,3q_apto,127.55
895457650,Apartamento,Rua Visconde de Parnaíba,Brás,5500,7242,107,3,2,2,True,3q_apto,51.4
895461434,Apartamento,Rua Umbó,Vila Moreira,5000,7043,180,3,4,3,True,3q_apto,27.78
894970466,Apartamento,Rua Edmundo Juventino Fuentes,Parque Tomas Saraiva,2500,3796,147,3,3,1,False,3q_apto,17.01
895097065,Apartamento,Alameda Franca,Jardim Paulista,7880,11454,120,3,3,1,True,3q_apto,65.67
894550526,Apartamento,Rua Coronel Gustavo Santiago,Vila Zilda,16000,19184,248,3,4,3,False,3q_apto,64.52
895112340,Apartamento,Alameda Ministro Rocha Azevedo,Cerqueira César,10000,15920,250,3,2,3,False,3q_apto,40.0
895161719,Apartamento,Rua Rodovalho Junior,Penha de França,2358,3787,70,3,1,1,False,3q_apto,33.69
895154378,Apartamento,Avenida José Galante,Vila Suzana,5800,9504,160,3,3,3,True,3q_apto,36.25
895322006,Apartamento,Rua José de Oliveira Coelho,Vila Andrade,8500,10978,132,3,3,2,False,3q_apto,64.39
892843729,Apartamento,Rua Manifesto,Ipiranga,4000,4704,83,3,3,1,True,3q_apto,48.19
895515850,Apartamento,Avenida Nova Cantareira,Tucuruvi,8500,10212,129,3,4,2,False,3q_apto,65.89
895494698,Apartamento,Marginal Pinheiros,Real Parque,18250,23938,186,3,4,3,False,3q_apto,98.12
895521617,Apartamento,Rua Ana Salete,Vila Aurora (zona Norte),2700,4473,97,3,3,3,False,3q_apto,27.84
893210967,Apartamento,Rua Pedroso Alvarenga,Itaim Bibi,7570,12379,226,3,2,0,False,3q_apto,33.5
893135844,Apartamento,Rua Leonardo Cerveira Varandas,Paraíso do Morumbi,9500,12767,128,3,4,3,False,3q_apto,74.22
893605208,Apartamento,Rua Parma,Vila Gustavo,4400,6409,130,3,3,2,True,3q_apto,33.85
895343271,Apartamento,Rua Doutor Homem de Melo,Perdizes,14000,16299,89,3,3,2,True,3q_apto,157.3
895337769,Apartamento,Rua do Símbolo,Morumbi,6270,9104,170,3,5,3,True,3q_apto,36.88
895493932,Apartamento,Avenida do Oratório,Vila Independencia,8400,10074,122,3,4,2,True,3q_apto,68.85
895610525,Apartamento,Rua André Mendes,Jardim da Saúde,4200,6132,100,3,3,2,False,3q_apto,42.0
892802928,Apartamento,Rua Doutor Oscar Monteiro de Barros,Vila Suzana,2579,5628,125,3,5,3,False,3q_apto,20.63
895536628,Apartamento,Rua Princesa Isabel,Brooklin,14500,19726,245,3,4,4,False,3q_apto,59.18
895619523,Apartamento,Rua Templários,Vila Formosa,7610,9282,104,3,3,3,True,3q_apto,73.17
895132246,Apartamento,Rua João Simões de Souza,Parque Reboucas,3800,4840,73,3,3,2,False,3q_apto,52.05
895451815,Apartamento,Rua Capote Valente,Pinheiros,6490,9491,138,3,3,1,False,3q_apto,47.03
894347672,Apartamento,Rua Gastão da Cunha,Vila Paulista,2600,4379,98,3,2,2,False,3q_apto,26.53
895538630,Apartamento,Rua Fradique Coutinho,Pinheiros,11000,14500,130,3,4,3,False,3q_apto,84.62
895340048,Apartamento,Rua José Barreto dos Santos,Vila Mangalot,2550,3746,70,3,2,1,False,3q_apto,36.43
894378917,Apartamento,Rua Pedrália,Vila Gumercindo,5250,6662,86,3,3,2,False,3q_apto,61.05
895589970,Apartamento,R. Pantojo 883 - Vila Reg. Feijó São Paulo - Sp 03343-000 Brasil,Vila Regente Feijó,3560,5409,90,3,2,2,False,3q_apto,39.56
895580172,Apartamento,Rua Henrique Sertório,Tatuapé,8500,10370,130,3,3,2,False,3q_apto,65.38
895529761,Apartamento,Rua Pedro,Tremembé,10500,14624,140,3,2,3,False,3q_apto,75.0
895504594,Apartamento,Avenida General Charles de Gaulle,Parque Sao Domingos,9800,11237,100,3,3,2,False,3q_apto,98.0
895480316,Apartamento,Praça Xavier da Silveira,Vila Lucia Elvira,10500,12405,104,3,4,2,True,3q_apto,100.96
895500984,Apartamento,Rua João Lourenço,Vila Nova Conceição,8973,11565,102,3,2,1,True,3q_apto,87.97
895604169,Apartamento,Rua Joaquim Guarani,Jardim das Acacias,20500,26790,181,3,5,3,False,3q_apto,113.26
894610532,Apartamento,Rua Nova York,Cidade Monções,6200,9565,120,3,3,2,True,3q_apto,51.67
893249709,Apartamento,Rua Itapimirum,Vila Andrade,8000,12225,260,3,5,4,False,3q_apto,30.77
895571750,Apartamento,Rua Visconde de Itaboraí,Vila Azevedo,4800,6257,93,3,3,1,True,3q_apto,51.61
895399085,Apartamento,Avenida Melchert,Chácara Seis de Outubro,4650,5639,68,3,2,1,False,3q_apto,68.38
895394102,Apartamento,Rua Orlando Calisto,Parque Independencia,5740,7428,180,3,3,2,False,3q_apto,31.89
895429297,Apartamento,Rua Damiana da Cunha,Santa Teresinha,4080,5255,80,3,2,1,False,3q_apto,51.0
895627507,Apartamento,Rua Jesuíno Arruda,Itaim Bibi,7000,9937,103,3,2,1,False,3q_apto,67.96
895420947,Apartamento,Rua Celso de Azevedo Marques,Parque da Mooca,5400,7328,132,3,2,1,False,3q_apto,40.91
895591545,Apartamento,Rua Heitor Penteado,Vila Anglo Brasileira,3980,6139,100,3,3,1,False,3q_apto,39.8
894600540,Apartamento,Rua Doutor Albuquerque Lins,Santa Cecília,6000,8576,110,3,4,1,False,3q_apto,54.55
894560947,Apartamento,Rua Coriolano,Vila Romana,10700,13113,105,3,2,2,True,3q_apto,101.9
895577376,Apartamento,Rua Padre Adelino,Quarta Parada,7950,9236,96,3,2,1,False,3q_apto,82.81
895449496,Apartamento,Rua Lord Cockrane,Ipiranga,7350,9201,108,3,3,2,True,3q_apto,68.06
892837372,Apartamento,Praça João Correa Lemos,Vila São Vicente,7500,7790,148,3,4,3,False,3q_apto,50.68
895621640,Apartamento,Estrada Carlos Queiroz Telles,Vila Andrade,25000,34374,368,3,3,6,True,3q_apto,67.93
895616904,Apartamento,Rua Desembargador Dalmo do Valle Nogueira,Parque Bairro Morumbi,8900,12368,180,3,2,2,True,3q_apto,49.44
895600651,Apartamento,Rua Indiana,Brooklin,12100,15750,123,3,3,2,True,3q_apto,98.37
895366596,Apartamento,Rua José Maria Lisboa,Jardim Paulista,12000,16134,214,3,4,1,False,3q_apto,56.07
895589650,Apartamento,Rua Cláudio,Vila Romana,6750,8830,88,3,2,2,False,3q_apto,76.7
895534174,Apartamento,Avenida Nova Cantareira,Tucuruvi,10000,11953,155,3,3,2,False,3q_apto,64.52
893796261,Apartamento,Rua São Carlos do Pinhal,Bela Vista,7600,10646,172,3,2,1,True,3q_apto,44.19
894429973,Apartamento,Rua Baronesa de Itu,Santa Cecilia,11640,19638,241,3,4,3,False,3q_apto,48.3
894634292,Apartamento,Rua Barão de Melgaço,Real Parque,4840,8534,127,3,3,2,False,3q_apto,38.11
894148694,Apartamento,Rua Carolina Soares,Vila Diva,3800,4868,96,3,1,1,False,3q_apto,39.58
895424510,Apartamento,Rua Leandro Teixeira,Morumbi,1680,2645,65,3,1,1,False,3q_apto,25.85
895643097,Apartamento,Avenida Engenheiro Heitor Antônio Eiras Garcia,Jardim Esmeralda,2600,3550,55,3,1,1,True,3q_apto,47.27
895537334,Apartamento,Rua José Gonçalves Gomide,Vila Guilherme,4200,5615,77,3,2,2,False,3q_apto,54.55
893242626,Apartamento,Rua Guaranésia,Vila Maria,3550,5091,82,3,2,1,True,3q_apto,43.29
895599274,Apartamento,Rua Urimonduba,Itaim Bibi,9000,10908,120,3,2,1,True,3q_apto,75.0
895594091,Apartamento,Rua Sara Bernhard,Vila Claudia,2300,3289,89,3,1,1,False,3q_apto,25.84
895636147,Apartamento,Rua Alcantarilla,Vila Andrade,4500,7039,131,3,4,2,True,3q_apto,34.35
894624851,Apartamento,Rua Tuiuti,Tatuapé,11500,13654,106,3,2,2,True,3q_apto,108.49
893384183,Apartamento,Rua Joaquim Antunes,Pinheiros,4850,7705,120,3,3,1,False,3q_apto,40.42
894673276,Apartamento,Avenida do Oratório,Parque São Lucas,3150,3968,75,3,2,2,False,3q_apto,42.0
895407024,Apartamento,Rua Lorenzo Valla,Vila Mariana,7000,10204,124,3,2,2,True,3q_apto,56.45
895605184,Apartamento,Rua Pedro Avancine,Jardim Panorama,12000,16713,158,3,4,2,False,3q_apto,75.95
893180237,Apartamento,Rua Alba,Parque Jabaquara,3250,3976,65,3,1,1,True,3q_apto,50.0
895059273,Apartamento,Rua da Consolação,Jardins,9500,13057,150,3,3,1,False,3q_apto,63.33
895604339,Apartamento,Avenida Joaquina Ramalho,Vila Guilherme,3200,3989,60,3,2,1,False,3q_apto,53.33
893688153,Apartamento,Alameda dos Jurupis,Indianópolis,6760,9668,115,3,3,2,True,3q_apto,58.78
892987579,Apartamento,Rua Indiana,Brooklin Paulista,3720,6082,100,3,2,0,False,3q_apto,37.2
894324462,Apartamento,Rua Estado de Israel,Vila Clementino,3876,5337,89,3,2,1,False,3q_apto,43.55
895530975,Apartamento,Rua Granja Julieta,Granja Julieta,6200,9123,150,3,2,2,False,3q_apto,41.33
895539289,Apartamento,Rua Doutor César,Santana,23000,27399,243,3,4,2,False,3q_apto,94.65
895562533,Apartamento,Rua Doutor Miranda de Azevedo,Pompeia,4500,6906,107,3,2,2,True,3q_apto,42.06
894931784,Apartamento,Rua Paraguaçu,Perdizes,8000,12009,220,3,4,4,True,3q_apto,36.36
895275650,Apartamento,Avenida Deputado Rubéns Granja,Vila Vermelha,2700,3405,60,3,2,1,False,3q_apto,45.0
895612424,Apartamento,Rua Antônio Felício,Itaim Bibi,7400,9888,130,3,2,1,False,3q_apto,56.92
895636419,Apartamento,Rua José Álvares Maciel,Butantã,3400,4177,80,3,1,1,True,3q_apto,42.5
895579897,Apartamento,Rua João Simões de Souza,Parque Reboucas,5000,6296,84,3,2,2,False,3q_apto,59.52
895639632,Apartamento,Avenida Cásper Líbero,Santa Ifigênia,4800,6348,137,3,3,0,True,3q_apto,35.04
895536617,Apartamento,Rua Doutor Rafael Correia,Água Branca,9830,12009,104,3,4,2,False,3q_apto,94.52
894595550,Apartamento,Rua Cidade de Rio Pardo,Vila Andrade,7900,10174,138,3,2,2,False,3q_apto,57.25
895635858,Apartamento,Rua Bacaetava,Vila Gertrudes,12500,15832,127,3,5,2,True,3q_apto,98.43
893187048,Apartamento,Rua Agostinho Gomes,Ipiranga,5910,8987,130,3,3,3,False,3q_apto,45.46
892829195,Apartamento,Rua Almaden,Vila Andrade,3000,3986,70,3,1,2,False,3q_apto,42.86
893538575,Apartamento,Avenida Paes de Barros,Mooca,4100,9198,180,3,4,4,False,3q_apto,22.78
893980373,Apartamento,Rua Tuiuti,Tatuapé,10000,12335,164,3,5,3,False,3q_apto,60.98
894853941,Apartamento,Rua Alvorada,Vila Olímpia,7900,11158,115,3,2,2,False,3q_apto,68.7
894085165,Apartamento,Rua Paulo Maldi,Tucuruvi,2710,4952,93,3,3,2,False,3q_apto,29.14
893139005,Apartamento,Rua João Ramalho,Perdizes,4500,7607,160,3,3,1,False,3q_apto,28.12
894850112,Apartamento,Rua do Símbolo,Jardim Ampliacao,3410,4937,100,3,3,2,False,3q_apto,34.1
895257527,Apartamento,Avenida Juriti,Vila Uberabinha,4000,7575,90,3,2,2,False,3q_apto,44.44
894520755,Apartamento,Rua Apucarana,Tatuapé,3760,4705,90,3,2,1,False,3q_apto,41.78
893280120,Apartamento,Rua Pelotas,Vila Mariana,6000,7909,100,3,2,1,False,3q_apto,60.0
895639611,Apartamento,Rua Peixoto Gomide,Jardim Paulista,20000,27412,220,3,2,2,False,3q_apto,90.91
893658791,Apartamento,Rua Mourato Coelho,Pinheiros,7860,9219,91,3,2,1,False,3q_apto,86.37
895590262,Apartamento,Rua Tabapuã,Itaim Bibi,17500,21034,148,3,3,1,False,3q_apto,118.24
894810763,Apartamento,Rua Doutor Miranda de Azevedo,Pompeia,5000,7183,100,3,2,2,False,3q_apto,50.0
895614174,Apartamento,Rua Cônego Eugênio Leite,Pinheiros,8700,11011,105,3,4,2,False,3q_apto,82.86
893923188,Apartamento,Rua André Mendes,Jardim da Saúde,4520,7194,121,3,3,3,False,3q_apto,37.36
893575744,Apartamento,Rua Doralisa,Vila Carrao,2740,3524,60,3,1,1,True,3q_apto,45.67
895538989,Apartamento,Avenida Mandaqui,Limão,2500,3361,60,3,2,1,False,3q_apto,41.67
895577866,Apartamento,Alameda Fernão Cardim,Jardim Paulista,6930,9927,130,3,2,2,False,3q_apto,53.31
894623026,Apartamento,Avenida Cassandoca,Mooca,2320,2861,90,3,2,1,False,3q_apto,25.78
893706627,Apartamento,Rua Areião,Chácara Santo Antônio (zona Leste),3300,4279,70,3,2,2,False,3q_apto,47.14
893384739,Apartamento,Rua Manuel Cherem,Vila Paulista,3447,4311,70,3,2,1,False,3q_apto,49.24
892850624,Apartamento,Rua Aleixo Garcia,Vila Olímpia,4700,6691,86,3,2,1,False,3q_apto,54.65
894315501,Apartamento,Avenida Bosque da Saúde,Saúde,4160,5454,83,3,2,2,False,3q_apto,50.12
893120851,Apartamento,Rua Faustino Paganini,Chácara Cruzeiro do Sul,2952,3828,100,3,2,1,False,3q_apto,29.52
893324443,Apartamento,Avenida Lacerda Franco,Cambuci,1967,3112,85,3,2,0,True,3q_apto,23.14
892805531,Apartamento,Rua Estado de Israel,Vila Clementino,7000,9970,127,3,4,2,False,3q_apto,55.12
893445318,Apartamento,Rua Doutor Virgílio de Carvalho Pinto,Pinheiros,9610,12136,110,3,2,2,True,3q_apto,87.36
893468781,Apartamento,Rua Fábio Lopes dos Santos Luz,Vila Andrade,4330,7003,121,3,3,2,False,3q_apto,35.79
893000369,Apartamento,Rua Conselheiro Moreira de Barros,Santana,3500,5385,126,3,2,2,False,3q_apto,27.78
892812217,Apartamento,Avenida Professor Alexandre Correa,Vila Andrade,11000,15702,211,3,4,4,False,3q_apto,52.13
895529599,Apartamento,Rua Rosa Gaeta Lazará,Brooklin,9500,12167,94,3,3,2,True,3q_apto,101.06
894706477,Apartamento,Rua do Símbolo,Jardim Ampliacao,3800,5973,119,3,2,1,False,3q_apto,31.93
894457198,Apartamento,Rua Doutor Alberto Torres,Perdizes,3305,6774,93,3,3,2,False,3q_apto,35.54
895532914,Apartamento,Rua Alberto Savoy,Lauzane Paulista,3200,4500,74,3,2,1,True,3q_apto,43.24
894344597,Apartamento,Rua Gomes de Carvalho,Vila Olímpia,4050,5372,70,3,2,1,False,3q_apto,57.86
893160166,Apartamento,Rua Doutor Plínio Barreto,Bela Vista,5500,6794,64,3,2,2,True,3q_apto,85.94
894703730,Apartamento,Alameda dos Anapurus,Indianópolis,4850,7340,110,3,2,1,False,3q_apto,44.09
895271125,Apartamento,Jardim das Bandeiras São Paulo - Sp 05434-090 Brasil,Jardim das Bandeiras,4300,6025,140,3,4,1,False,3q_apto,30.71
892985211,Apartamento,Damiana da Cunha,Santana,8000,10998,164,3,3,3,False,3q_apto,48.78
895318037,Apartamento,Rua Leonardo Cerveira Varandas,Morumbi,15000,19796,280,3,3,5,False,3q_apto,53.57
895451956,Apartamento,Rua Curupá,Vila Formosa,4500,5654,70,3,2,1,False,3q_apto,64.29
895270292,Apartamento,Rua Professor João Arruda,Perdizes,6000,8157,127,3,3,2,False,3q_apto,47.24
893312633,Apartamento,Rua Ibiraçu,Vila Madalena,3810,5707,68,3,1,1,True,3q_apto,56.03
893219201,Apartamento,Rua Inácio Luís da Costa,Parque São Domingos,1246,1894,80,3,2,0,False,3q_apto,15.57
895310360,Apartamento,Rua do Ângulo,Jardim Ampliacao,4000,6363,120,3,2,2,False,3q_apto,33.33
893011680,Apartamento,Rua Bom Pastor,Ipiranga,3661,4584,75,3,1,1,True,3q_apto,48.81
895614710,Apartamento,Rua Leopoldo Couto Magalhães Júnior,Itaim Bibi,11246,15458,140,3,2,2,False,3q_apto,80.33
895505215,Apartamento,Avenida Doutora Ruth Cardoso,Pinheiros,4800,6556,93,3,2,1,False,3q_apto,51.61
895585330,Apartamento,Rua Dr. Ângelo Vita,Vila Zilda,2500,3796,58,3,1,1,False,3q_apto,43.1
895613103,Apartamento,Avenida Eliseu de Almeida,Instituto de Previdencia,6000,6946,68,3,3,1,False,3q_apto,88.24
894566242,Apartamento,Avenida Giovanni Gronchi,Vila Andrade,3400,5157,72,3,1,2,False,3q_apto,47.22
894141604,Apartamento,Rua Vergueiro,Vila Mariana,5840,7778,105,3,3,2,False,3q_apto,55.62
893560171,Apartamento,Rua Pedroso Alvarenga,Itaim Bibi,8000,11129,110,3,2,1,True,3q_apto,72.73
893761523,Apartamento,Rua Intendência,Brás,3250,3948,65,3,2,1,False,3q_apto,50.0
893503249,Apartamento,Rua Pasquale Gallupi,Paraisópolis,2050,2719,70,3,1,1,True,3q_apto,29.29
894551953,Apartamento,Rua Campo Largo,Vila Bertioga,4947,6598,78,3,2,2,False,3q_apto,63.42
895576053,Apartamento,Praça Itálico Ancona Lopez,Freguesia do Ó,2700,3209,100,3,2,1,False,3q_apto,27.0
893005577,Apartamento,Rua Tuiuti,Tatuapé,2700,3999,75,3,2,1,False,3q_apto,36.0
895316935,Apartamento,Rua Dom Mateus,Vila Monumento,2600,4140,73,3,2,1,False,3q_apto,35.62
892888047,Apartamento,Rua Pontins,Santana,7000,11251,205,3,6,3,True,3q_apto,34.15
895182731,Apartamento,Rua Casa do Ator,Vila Olímpia,5800,8051,81,3,2,2,False,3q_apto,71.6
895569573,Apartamento,Avenida Higienópolis,Consolação,29000,40085,312,3,4,3,False,3q_apto,92.95
894531939,Apartamento,Rua Carlos Weber,Vila Leopoldina,11500,14327,200,3,5,3,True,3q_apto,57.5
893248537,Apartamento,Rua Agente Gomes,Jardim São Paulo(zona Norte),3140,5118,112,3,1,2,False,3q_apto,28.04
893908901,Apartamento,Rua Capote Valente,Pinheiros,7500,10726,127,3,3,1,False,3q_apto,59.06
895445240,Apartamento,Rua Cônego Amaral Mello,Casa Verde,25000,30749,350,3,5,4,True,3q_apto,71.43
895461431,Apartamento,Avenida Celso Garcia,Tatuapé,10000,11674,102,3,3,2,True,3q_apto,98.04
895473675,Apartamento,Avenida Major Sylvio de Magalhães Padilha,Jardim Fonte do Morumbi,15000,18579,140,3,3,2,False,3q_apto,107.14
895436936,Apartamento,Alameda Campinas,Jardim Paulista,10000,13569,170,3,4,2,True,3q_apto,58.82
894488193,Apartamento,Rua Cônego Januário,Ipiranga,6590,8081,94,3,2,1,False,3q_apto,70.11
895438938,Apartamento,Rua Antônio de Oliveira,Chácara Santo Antônio (zona Sul),24000,30593,196,3,4,3,False,3q_apto,122.45
895450823,Apartamento,Rua Piauí,Higienópolis,12000,24153,284,3,4,2,False,3q_apto,42.25
895602992,Apartamento,Rua Alvorada,Vila Olímpia,20000,24427,134,3,5,3,True,3q_apto,149.25
895588093,Apartamento,Rua Anhembi,Jardim Caravelas,6000,7524,109,3,4,2,False,3q_apto,55.05
892798922,Apartamento,Alameda Barão Limeira,Campos Elíseos,4700,6803,126,3,2,1,False,3q_apto,37.3
895626702,Apartamento,Rua Joaquim Ferreira,Água Branca,7000,10329,107,3,2,2,False,3q_apto,65.42
893129157,Apartamento,Rua Amaro Bezerra Cavalcanti,Vila Matilde,2700,3767,70,3,2,2,False,3q_apto,38.57
895477552,Apartamento,Rua Juventus,Mooca,2800,4431,83,3,2,1,True,3q_apto,33.73
895598037,Apartamento,Rua Engenheiro Guilherme Cristiano Frender,Vila Antonieta,2400,3303,70,3,2,2,False,3q_apto,34.29
895604621,Apartamento,Rua Luís Coelho,Consolação,8720,11961,169,3,2,1,False,3q_apto,51.6
894879372,Apartamento,Rua Califórnia,Cidade Monções,11175,17840,216,3,5,3,True,3q_apto,51.74
892819322,Apartamento,Rua Gandavo,Vila Clementino,5800,7978,107,3,3,1,False,3q_apto,54.21
895474685,Apartamento,Rua Biguaçu,Vila Carrão,6000,8245,103,3,2,2,True,3q_apto,58.25
892974437,Apartamento,Rua Doutor Oscar Monteiro de Barros,Vila Suzana,11000,15983,250,3,3,3,True,3q_apto,44.0
893093218,Apartamento,Rua Antenor Guirlanda,Casa Verde ,2190,3085,61,3,1,1,False,3q_apto,35.9
893216084,Apartamento,Rua Frei Caneca,Consolação,6000,8606,115,3,5,2,False,3q_apto,52.17
895477250,Apartamento,Rua Gil Eanes,Brooklin Novo,5700,8639,110,3,3,2,False,3q_apto,51.82
895043201,Apartamento,Rua Cayowaá,Sumaré,5000,6876,100,3,3,1,True,3q_apto,50.0
895265401,Apartamento,Rua João Simões de Souza,Parque Reboucas,10500,13320,220,3,4,3,False,3q_apto,47.73
895539478,Apartamento,Rua Iperoig,Perdizes,8000,10206,100,3,2,1,True,3q_apto,80.0
895321206,Apartamento,Rua Doutor Eduardo de Souza Aranha,Vila Nova Conceição,25000,30064,147,3,4,2,True,3q_apto,170.07
893782948,Apartamento,Rua Fernando de Albuquerque,Consolação,6000,7839,160,3,3,1,False,3q_apto,37.5
895303640,Apartamento,Rua Leonardo Cerveira Varandas,Morumbi,15000,18525,288,3,3,5,False,3q_apto,52.08
894806886,Apartamento,Rua Joaquim Ferreira,Água Branca,7720,13746,264,3,5,3,False,3q_apto,29.24
895604878,Apartamento,Rua Cayowaá,Perdizes,3300,5097,86,3,2,1,False,3q_apto,38.37
895619314,Apartamento,Rua Gregório Serrão,Vila Mariana,4500,6041,116,3,2,1,False,3q_apto,38.79
895557359,Apartamento,Rua Antonieta de Morais,Vila Matilde,4500,5708,67,3,1,1,True,3q_apto,67.16
893454761,Apartamento,Rua Tijuco Preto,Tatuapé,5000,6874,95,3,2,2,False,3q_apto,52.63
894249930,Apartamento,Rua do Símbolo,Jardim Ampliacao,4650,6145,96,3,3,2,True,3q_apto,48.44
894641578,Apartamento,Rua Francisca Júlia,Santana,6750,11358,235,3,3,3,False,3q_apto,28.72
895577796,Apartamento,Rua Croata,Lapa,6800,9835,136,3,3,2,False,3q_apto,50.0
895523030,Apartamento,Rua Helena,Vila Olímpia,5300,7128,74,3,1,1,True,3q_apto,71.62
895474867,Apartamento,Rua Califórnia,Cidade Monções,16000,24067,216,3,5,3,True,3q_apto,74.07
895546014,Apartamento,Rua Treze de Maio,Bela Vista,5000,7794,158,3,3,2,True,3q_apto,31.65
895580204,Apartamento,Rua Vinte E Oito de Setembro,Vila Dom Pedro I,15000,18007,160,3,4,2,True,3q_apto,93.75
894749221,Apartamento,Rua Helena,Vila Olímpia,7800,10618,120,3,3,1,False,3q_apto,65.0
894924583,Apartamento,Avenida Leôncio de Magalhães,Jardim Sao Paulo(Zona Norte),3500,4345,106,3,2,1,True,3q_apto,33.02
895597268,Apartamento,Rua Falchi Gianini,Vila Prudente,4200,6061,121,3,2,2,False,3q_apto,34.71
894731748,Apartamento,Rua Vicente Romano,Parque da Mooca,7820,11266,116,3,3,2,False,3q_apto,67.41
895509804,Apartamento,Rua Iaiá,Itaim Bibi,9500,11639,90,3,3,2,True,3q_apto,105.56
894710604,Apartamento,Rua Maria Figueiredo,Paraíso,13000,19185,238,3,4,3,False,3q_apto,54.62
895618592,Apartamento,Rua Coronel Francisco Inácio,Vila Moinho Velho,2800,3733,62,3,2,1,True,3q_apto,45.16
895606833,Apartamento,Rua Abílio Borin,Jardim Caravelas,7200,9178,105,3,3,2,True,3q_apto,68.57
894867335,Apartamento,Avenida General Olímpio da Silveira,Barra Funda,2354,3544,125,3,2,0,False,3q_apto,18.83
892837106,Apartamento,Rua Arnoldo Baldoino Welter,Vila Guarani (z Sul),3200,4691,73,3,2,1,False,3q_apto,43.84
893240565,Apartamento,Estrada do Campo Limpo,Pirajussara,3500,4185,60,3,2,1,True,3q_apto,58.33
895505239,Apartamento,Rua Doutor Fausto Ferraz,Paraíso,4490,6511,152,3,2,1,False,3q_apto,29.54
895246418,Apartamento,Rua Wanda Martin,Vila Amélia,4500,6531,195,3,2,2,True,3q_apto,23.08
895469860,Apartamento,Rua Bela Cintra,Jardim Paulista,4600,6336,67,3,2,1,False,3q_apto,68.66
894674094,Apartamento,Rua José de Oliveira Coelho,Vila Andrade,5590,8780,190,3,3,3,False,3q_apto,29.42
894595251,Apartamento,Rua Forte William,Vila Andrade,25000,31650,340,3,6,6,True,3q_apto,73.53
894547124,Apartamento,Avenida Chibarás,Moema,7000,12595,210,3,4,4,True,3q_apto,33.33
894827038,Apartamento,Rua Conselheiro Cotegipe,Belenzinho,4200,5125,71,3,2,1,False,3q_apto,59.15
894862704,Apartamento,Rua Professor João de Oliveira Torres,Jardim Analia Franco,8550,17618,300,3,5,6,True,3q_apto,28.5
894414067,Apartamento,Rua Voluntários da Pátria,Santana,2800,4278,110,3,3,2,False,3q_apto,25.45
895639196,Apartamento,Rua Afonso Braz,Vila Nova Conceição,14000,16765,127,3,2,2,True,3q_apto,110.24
893496368,Apartamento,Rua Engenheiro Edgar Egídio de Souza,Santa Cecilia,7000,15200,290,3,4,2,False,3q_apto,24.14
895628831,Apartamento,Rua do Oratório,Mooca,6100,7610,90,3,3,1,True,3q_apto,67.78
895594544,Apartamento,Rua Itapeti,Tatuapé,23500,27755,209,3,5,5,False,3q_apto,112.44
892810846,Apartamento,Rua Senador César Lacerda Vergueiro,Sumarezinho,5137,6596,101,3,2,1,False,3q_apto,50.86
895171947,Apartamento,Avenida Regente Feijó,Jardim Analia Franco,4400,5915,70,3,2,1,False,3q_apto,62.86
895469944,Apartamento,Rua Visconde de Nacar,Real Parque,5500,8579,150,3,3,3,True,3q_apto,36.67
892841793,Apartamento,Rua Antônio Pereira de Sousa,Santana,5000,7452,180,3,3,2,True,3q_apto,27.78
895314673,Apartamento,Rua Engenheiro José Sá Rocha,Vila Mariana,12700,15723,131,3,3,2,False,3q_apto,96.95
895476854,Apartamento,Rua dos Brasões,Santo Amaro,8900,14584,270,3,2,4,True,3q_apto,32.96
894476253,Apartamento,Praça Barros Cabral,Vila Formosa,22000,26276,350,3,3,3,False,3q_apto,62.86
893713998,Apartamento,Rua Cincinato Braga,Bela Vista,15000,18212,160,3,3,2,True,3q_apto,93.75
895298231,Apartamento,Avenida Jandira,Indianópolis,14000,18600,126,3,3,2,True,3q_apto,111.11
895387523,Apartamento,Alameda Franca,Jardim Paulista,9300,11583,140,3,2,1,False,3q_apto,66.43
895408525,Apartamento,Rua Tupiguaes,Santana,3800,6235,93,3,3,2,False,3q_apto,40.86
895550115,Apartamento,Rua Doutor Tomás Carvalhal,Paraíso,22000,25663,138,3,4,3,True,3q_apto,159.42
895474602,Apartamento,Rua Bartolomeu Feio,Vila Cordeiro,5500,7242,90,3,3,1,True,3q_apto,61.11
895488094,Apartamento,Alameda dos Anapurus,Indianópolis,8300,12206,157,3,2,2,True,3q_apto,52.87
893341196,Apartamento,Avenida Rebouças,Pinheiros,4488,6084,132,3,2,1,False,3q_apto,34.0
895610590,Apartamento,Rua Teixeira de Melo,Tatuapé,5000,6363,64,3,2,1,True,3q_apto,78.12
895606116,Apartamento,Rua Padre Machado,Bosque da Saúde,3530,4993,125,3,2,0,False,3q_apto,28.24
894902468,Apartamento,Rua Eça de Queiroz,Vila Mariana,17000,20790,170,3,5,2,True,3q_apto,100.0
895613810,Apartamento,Avenida Higienópolis,Higienópolis,6000,10494,120,3,2,1,True,3q_apto,50.0
894207245,Apartamento,Rua Santo Irineu,Bosque da Saúde,3110,5392,86,3,2,2,False,3q_apto,36.16
893623580,Apartamento,Avenida Brigadeiro Luís Antônio,Jardim Paulista,6180,8133,141,3,2,1,False,3q_apto,43.83
895524426,Apartamento,Rua Conceição Marcondes Silva,Vila Congonhas,17000,20508,167,3,4,3,True,3q_apto,101.8
895548206,Apartamento,Rua Capitão Manuel Novaes,Santana,6880,9247,115,3,4,2,True,3q_apto,59.83
895456146,Apartamento,Rua Carvalho de Freitas,Vila Andrade,7300,8952,109,3,3,2,False,3q_apto,66.97
894817189,Apartamento,Alameda dos Tupiniquins,Planalto Paulista,9500,15954,374,3,4,3,False,3q_apto,25.4
895471620,Apartamento,Rua Itapicuru,Perdizes,8000,13388,238,3,3,2,True,3q_apto,33.61
892891552,Apartamento,Alameda Boninas,Mirandópolis,15000,18454,300,3,4,4,False,3q_apto,50.0
895039364,Apartamento,Rua Flórida,Cidade Monções,11500,14118,180,3,3,2,True,3q_apto,63.89
895428263,Apartamento,R Itapaiuna,Vila Andrade,14000,18740,160,3,5,3,True,3q_apto,87.5
895560242,Apartamento,Rua Heitor Penteado,Sumarezinho,5376,7584,150,3,3,2,False,3q_apto,35.84
893015477,Apartamento,Rua Peixoto Gomide,Jardim Paulista,5490,8211,90,3,2,1,True,3q_apto,61.0
893269951,Apartamento,Rua Presidente Prudente,Jardim Paulista,10000,12178,160,3,2,0,False,3q_apto,62.5
893589235,Apartamento,Rua Artur Prado,Bela Vista,7500,9050,120,3,1,0,False,3q_apto,62.5
895119849,Apartamento,Rua Eunice Weaver,Jardim Analia Franco,25000,30964,201,3,5,0,False,3q_apto,124.38
894776185,Apartamento,Rua Lisboa,Cerqueira César,3000,4913,103,3,3,1,False,3q_apto,29.13
895456787,Apartamento,Rua José Maria Lisboa,Jardim Paulista,25000,32631,186,3,3,3,True,3q_apto,134.41
893096973,Apartamento,Rua Bernardo dos Santos,Jardim Olympia,5000,6443,100,3,3,2,False,3q_apto,50.0
895331389,Apartamento,Rua Adalberto Kemeny,Barra Funda,10500,11805,110,3,1,1,True,3q_apto,95.45
895600450,Apartamento,Avenida Brigadeiro Luís Antônio,Bela Vista,4000,5605,71,3,2,1,False,3q_apto,56.34
893093068,Apartamento,Rua Cunha Horta,Vila Buarque,3734,4548,120,3,3,0,True,3q_apto,31.12
893269535,Apartamento,Rua Francisca de Paula,Vila Carrão,2450,3519,76,3,2,1,False,3q_apto,32.24
895608510,Apartamento,Avenida Angélica,Consolação,7000,8977,130,3,3,1,False,3q_apto,53.85
895525146,Apartamento,Avenida Francisco Matarazzo,Água Branca,13500,16581,170,3,5,3,True,3q_apto,79.41
895395923,Apartamento,Alameda Lorena,Cerqueira César,32000,37441,210,3,4,2,True,3q_apto,152.38
893726472,Apartamento,Rua Capitão Prudente,Pinheiros,7000,8380,86,3,2,0,False,3q_apto,81.4
893199903,Apartamento,Rua Carlos Weber,Vila Leopoldina,4500,6058,88,3,2,1,False,3q_apto,51.14
895404726,Apartamento,Alameda dos Nhambiquaras,Moema,6350,8493,115,3,1,1,False,3q_apto,55.22
893178704,Apartamento,Avenida Rouxinol - Até 579580,Indianópolis,5400,7384,117,3,2,1,False,3q_apto,46.15
895305237,Apartamento,Rua Itapicuru,Perdizes,4500,7302,120,3,4,2,True,3q_apto,37.5
894728166,Apartamento,Avenida Bosque da Saúde,Vila da Saúde,6500,7913,90,3,2,2,False,3q_apto,72.22
895564210,Apartamento,Rua da Mooca,Mooca,3400,4141,55,3,2,1,False,3q_apto,61.82
895414479,Apartamento,Alameda dos Aicás,Indianópolis,4780,7106,118,3,2,1,False,3q_apto,40.51
895558668,Apartamento,Avenida Giovanni Gronchi,Vila Andrade,2990,3698,66,3,2,1,False,3q_apto,45.3
895535182,Apartamento,Rua Citrolândia,Jardim Umarizal,1740,2208,72,3,1,1,False,3q_apto,24.17
895593028,Apartamento,Rua Jorge Americano,Lapa,3000,4816,52,3,2,1,False,3q_apto,57.69
892809180,Apartamento,Rua Cardoso de Almeida,Perdizes,4440,7165,133,3,2,1,False,3q_apto,33.38
895627328,Apartamento,Rua Doutor Clóvis de Oliveira,Vila Progredior,4100,5118,75,3,2,1,True,3q_apto,54.67
895586586,Apartamento,Rua Clodomiro Amazonas,Vila Nova Conceição,4600,7053,83,3,1,2,True,3q_apto,55.42
894650776,Apartamento,Rua Sebastião Barbosa,Vila Regente Feijó,3682,6745,132,3,4,3,False,3q_apto,27.89
895536737,Apartamento,Rua Pedroso Alvarenga,Itaim Bibi,10000,14200,140,3,3,2,True,3q_apto,71.43
895614151,Apartamento,Rua Monte Alegre,Perdizes,32000,41784,182,3,3,2,False,3q_apto,175.82
895614782,Apartamento,Rua Guarará,Jardim Paulista,15000,21829,267,3,3,2,False,3q_apto,56.18
895418453,Apartamento,Rua Camarajé,Jardim Paraíso,2260,3624,79,3,2,1,False,3q_apto,28.61
895558381,Apartamento,Avenida Zumkeller,Parque Mandaqui,2000,2918,76,3,1,1,False,3q_apto,26.32
895504579,Apartamento,Avenida General Charles de Gaulle,Parque Sao Domingos,7200,8320,100,3,3,2,False,3q_apto,72.0
892824205,Apartamento,Rua Doutor Nogueira Martins,Saúde,5800,8721,118,3,5,3,False,3q_apto,49.15
895117486,Apartamento,Avenida Bosque da Saúde,Vila da Saúde,13000,14943,94,3,2,2,True,3q_apto,138.3
895316359,Apartamento,Rua Doutor Renato Paes de Barros,Itaim Bibi,29000,33069,152,3,3,1,True,3q_apto,190.79
895364610,Apartamento,Rua Henrique Schaumann,Pinheiros,5800,7836,108,3,3,1,False,3q_apto,53.7
894414476,Apartamento,Rua Cerro Corá,Vila Romana,4110,6794,110,3,3,2,False,3q_apto,37.36
895378469,Apartamento,Rua Apiacás,Pompeia,4450,6534,84,3,2,2,False,3q_apto,52.98
895382755,Apartamento,Alameda Jauaperi,Indianópolis,10270,16560,300,3,2,2,False,3q_apto,34.23
892964744,Apartamento,Avenida Zumkeller,Parque Mandaqui,3000,4764,74,3,2,3,False,3q_apto,40.54
894932635,Apartamento,Alameda Franca,Jardim Paulista,6700,10858,173,3,2,1,False,3q_apto,38.73
893297653,Apartamento,Rua Teodoro Sampaio,Pinheiros,4500,6494,125,3,3,1,False,3q_apto,36.0
895409117,Apartamento,Rua Doutor Oscar Monteiro de Barros,Vila Suzana,13000,16751,184,3,5,3,True,3q_apto,70.65
895214580,Apartamento,Avenida Higienópolis,Consolação,8000,11942,210,3,2,2,True,3q_apto,38.1
895605107,Apartamento,Rua William Furneau,Vila Pirituba,6250,9134,131,3,2,2,False,3q_apto,47.71
895283810,Apartamento,Rua Ministro Godói,Perdizes,16250,20207,175,3,3,2,False,3q_apto,92.86
895244705,Apartamento,Rua Conde de Porto Alegre,Campo Belo,23000,28087,233,3,3,4,True,3q_apto,98.71
895245724,Apartamento,Rua Marechal Barbacena,Tatuapé,6000,8629,159,3,4,2,False,3q_apto,37.74
893631556,Apartamento,Avenida Giovanni Gronchi,Vila Andrade,3900,6385,100,3,4,3,False,3q_apto,39.0
892822843,Apartamento,Rua Artur de Azevedo,Pinheiros,15000,16909,126,3,3,1,False,3q_apto,119.05
893575297,Apartamento,Rua Carneiro da Cunha,Vila da Saúde,3700,5522,90,3,2,1,False,3q_apto,41.11
893278425,Apartamento,Rua Califórnia,Jardim Prainha,5200,7887,86,3,2,3,True,3q_apto,60.47
894672458,Apartamento,Rua Diego de Castilho,Jardim Fonte do Morumbi,12000,17250,286,3,5,3,True,3q_apto,41.96
894665837,Apartamento,Rua Mazzini,Aclimação,3040,4667,89,3,1,1,False,3q_apto,34.16
893125647,Apartamento,Rua dos Três Irmãos,Vila Progredior,8000,10426,110,3,4,2,True,3q_apto,72.73
895170889,Apartamento,Rua Doutor Gabriel dos Santos,Santa Cecilia,13500,20338,278,3,4,2,True,3q_apto,48.56
895369891,Apartamento,Avenida Dom Pedro I,Vila Monumento,11000,14041,176,3,4,2,True,3q_apto,62.5
894774793,Apartamento,Rua Antônio Camardo,Vila Gomes Cardim,16000,21870,173,3,3,6,False,3q_apto,92.49
895330292,Apartamento,Rua Fradique Coutinho,Pinheiros,5300,8472,100,3,2,2,False,3q_apto,53.0
895419069,Apartamento,Avenida Nova Cantareira,Tucuruvi,11000,12838,155,3,5,2,False,3q_apto,70.97
895398550,Apartamento,Avenida Doutor Luís Rocha Miranda,Jabaquara,2430,2624,80,3,1,0,False,3q_apto,30.38
894605642,Apartamento,Rua das Giestas,Parque das Flores,4590,5957,89,3,2,2,False,3q_apto,51.57
894647407,Apartamento,Rua José de Oliveira Coelho,Vila Andrade,19700,24219,230,3,4,4,False,3q_apto,85.65
895323222,Apartamento,Rua Doutor Hélio Fidélis,Cidade São Francisco,4900,6781,81,3,2,2,True,3q_apto,60.49
895318728,Apartamento,Rua Irapé,Cidade Mãe do Céu,8000,9359,91,3,2,1,False,3q_apto,87.91
892911689,Apartamento,Rua Tuiuti,Tatuapé,6250,7781,93,3,3,2,True,3q_apto,67.2
895309089,Apartamento,Rua Celso Ramos,Vila Andrade,3355,4315,66,3,2,2,False,3q_apto,50.83
895192874,Apartamento,Rua Nebraska,Brooklin Novo,10000,15746,210,3,2,2,True,3q_apto,47.62
895182385,Apartamento,Alameda Lorena,Jardim Paulista,13500,17416,156,3,5,2,False,3q_apto,86.54
894930989,Apartamento,Rua Doutor Oscar Monteiro de Barros,Vila Suzana,8440,13865,250,3,4,4,False,3q_apto,33.76
895117918,Apartamento,Rua Borges Lagoa,Vila Clementino,2500,4712,87,3,1,2,False,3q_apto,28.74
894544866,Apartamento,Avenida Aratãs,Indianópolis,3500,6380,80,3,3,1,False,3q_apto,43.75
895609880,Apartamento,Rua Suzano,Jardim Paulista,19750,29812,165,3,3,3,False,3q_apto,119.7
895528116,Apartamento,Rua Clodomiro Amazonas,Itaim Bibi,30000,35378,106,3,3,2,True,3q_apto,283.02
894501508,Apartamento,Rua Manoel Antônio Pinto,Paraisópolis,5000,7686,236,3,2,1,False,3q_apto,21.19
895629018,Apartamento,Rua Professor Artur Ramos,Jardim Paulistano,10000,13503,178,3,2,2,False,3q_apto,56.18
894886183,Apartamento,Rua Bartira,Perdizes,5500,7303,67,3,2,1,True,3q_apto,82.09
895375349,Apartamento,Rua Marechal Deodoro,Santo Amaro,6000,7316,77,3,2,1,False,3q_apto,77.92
895549257,Apartamento,Avenida Albert Bartholome,Jardim das Vertentes,4000,5615,82,3,2,2,False,3q_apto,48.78
895031484,Apartamento,Rua Bartolomeu Feio,Vila Cordeiro,5910,7827,90,3,2,1,False,3q_apto,65.67
895445257,Apartamento,Rua Oscar Freire,Cerqueira César,10000,12435,108,3,2,2,False,3q_apto,92.59
894061398,Apartamento,Alameda Lorena,Jardim Paulista,8560,11693,175,3,4,1,False,3q_apto,48.91
893081214,Apartamento,Rua Voluntários da Pátria,Santana,3700,4942,110,3,1,1,False,3q_apto,33.64
895577855,Apartamento,Rua Francisco Pessoa,Vila Andrade,4760,6071,83,3,2,2,False,3q_apto,57.35
892838238,Apartamento,Praça General Porto Carreiro,Jaguaré,2900,3710,70,3,2,2,False,3q_apto,41.43
895358833,Apartamento,Rua Barão do Triunfo,Brooklin,12500,14666,81,3,2,1,True,3q_apto,154.32
895528653,Apartamento,Rua Professor Vahia de Abreu,Vila Olímpia,7500,9545,84,3,2,1,False,3q_apto,89.29
893096052,Apartamento,Rua Princesa Isabel,Brooklin Paulista,7700,11898,147,3,3,2,False,3q_apto,52.38
895567274,Apartamento,Avenida Rouxinol,Moema,8290,10578,99,3,2,1,False,3q_apto,83.74
895613535,Apartamento,Rua Marie Nader Calfat,Jardim Ampliacao,2600,3967,61,3,1,1,False,3q_apto,42.62
895488022,Apartamento,Rua Caetés,Perdizes,5500,7549,107,3,2,1,False,3q_apto,51.4
895620253,Apartamento,Rua Doutor Albuquerque Lins,Santa Cecilia,13900,17065,166,3,3,2,False,3q_apto,83.73
895618333,Apartamento,Rua Oscar Freire,Cerqueira César,10000,12864,142,3,3,1,True,3q_apto,70.42
894709555,Apartamento,Avenida Nova Independência,Brooklin,11400,14726,126,3,2,2,False,3q_apto,90.48
894631093,Apartamento,Rua Amandaú,Parada Inglesa,6000,6232,58,3,2,1,True,3q_apto,103.45
894591325,Apartamento,Rua Correggio,Vila Suzana,4400,6653,105,3,3,2,False,3q_apto,41.9
895192170,Apartamento,Rua Pirituba,Vila da Saúde,5000,10102,145,3,4,2,False,3q_apto,34.48
895377790,Apartamento,Rua José Maria Lisboa,Jardim Paulista,6000,9138,167,3,2,1,False,3q_apto,35.93
893246027,Apartamento,Rua Brasília,Itaim Bibi,6692,9099,103,3,3,2,False,3q_apto,64.97
895529857,Apartamento,Rua Afonso de Freitas,Paraíso,12500,17166,125,3,4,3,True,3q_apto,100.0
893235187,Apartamento,Rua Andréa Paulinetti,Jardim das Acácias,5900,7996,100,3,3,1,False,3q_apto,59.0
895539245,Apartamento,Rua Doutor Luiz Migliano,Jardim Caboré,2800,3979,77,3,2,1,False,3q_apto,36.36
893260374,Apartamento,Rua Anhaia,Bom Retiro,2266,3153,69,3,1,0,False,3q_apto,32.84
895259323,Apartamento,Rua Voluntários da Pátria,Santana,10450,13145,110,3,3,2,True,3q_apto,95.0
895428329,Apartamento,Marginal Pinheiros,Real Parque,23500,27606,142,3,4,2,True,3q_apto,165.49
893882744,Apartamento,Rua João Julião,Bela Vista,4600,5768,110,3,2,1,False,3q_apto,41.82
892863754,Apartamento,Rua Lourenço Prado,Butantã,1850,2416,59,3,1,1,False,3q_apto,31.36
894727425,Apartamento,Rua Antônio de Oliveira,Chácara Santo Antônio (Zona Sul),18000,22078,134,3,4,2,True,3q_apto,134.33
895637520,Apartamento,Alameda Jaú,Jardim Paulista,11000,15033,160,3,4,2,True,3q_apto,68.75
895537644,Apartamento,Rua Daniel Rossi,Santana,3600,4109,114,3,2,0,False,3q_apto,31.58
894197020,Apartamento,Rua Brigadeiro Tobias,Centro,3570,5278,150,3,2,0,True,3q_apto,23.8
895555792,Apartamento,Rua Tenente Gelás,Tatuapé,2400,3966,85,3,3,1,False,3q_apto,28.24
895434358,Apartamento,Rua Lydia Damus Maksoud,Jardim Ampliacao,2300,3330,62,3,1,1,True,3q_apto,37.1
894591973,Apartamento,Rua Percílio Neto,Vila Gumercindo,11950,17040,256,3,5,4,False,3q_apto,46.68
895067460,Apartamento,Rua Bahia,Higienópolis,23000,34879,292,3,5,4,True,3q_apto,78.77
894618631,Apartamento,Rua Doutor Laerte Setúbal,Vila Suzana,4150,4923,69,3,2,1,True,3q_apto,60.14
894113266,Apartamento,Rua Itacolomi,Higienópolis,10980,13813,165,3,3,1,True,3q_apto,66.55
895604473,Apartamento,Rua do Grito,Ipiranga,5500,6637,68,3,2,2,False,3q_apto,80.88
895617767,Apartamento,Rua Canuto Saraiva,Mooca,2950,3831,97,3,2,0,True,3q_apto,30.41
893105325,Apartamento,Avenida Marquês de São Vicente,Várzea da Barra Funda,6200,7664,103,3,3,2,False,3q_apto,60.19
895455093,Apartamento,Rua Voluntários da Pátria,Santana,6000,9713,208,3,4,1,False,3q_apto,28.85
895600209,Apartamento,Avenida Ajarani,Cidade Patriarca,2200,3182,60,3,1,1,False,3q_apto,36.67
894252256,Apartamento,Avenida Raimundo Pereira de Magalhães,Jardim Íris,2700,3604,65,3,2,1,False,3q_apto,41.54
895574668,Apartamento,Avenida Zelina,Vila Prudente,2800,3852,69,3,2,1,False,3q_apto,40.58
894738478,Apartamento,Rua Guaraiúva,Brooklin Novo,7080,9386,85,3,3,2,True,3q_apto,83.29
895622987,Apartamento,Rua Cantagalo,Tatuapé,9500,11776,122,3,4,2,False,3q_apto,77.87
895626351,Apartamento,Rua Helena,Vila Olímpia,5500,7351,79,3,1,1,False,3q_apto,69.62
895407594,Apartamento,Rua Deputado Laércio Corte 390 - Paraíso do Morumbi São Paulo - Sp 05706-290 Brasil,Paraíso do Morumbi,2390,3586,70,3,2,1,False,3q_apto,34.14
893192150,Apartamento,Rua Vergueiro,Vila Firmiano Pinto,3090,4080,70,3,1,1,False,3q_apto,44.14
894762381,Apartamento,Rua Marie Nader Calfat,Jardim Ampliacao,4620,5989,86,3,2,2,False,3q_apto,53.72
895284298,Apartamento,Rua Marcos Lopes,Vila Nova Conceição,10600,12877,89,3,2,1,True,3q_apto,119.1
893506498,Apartamento,Rua Doutor Diogo de Faria,Vila Clementino,6170,8755,101,3,2,1,True,3q_apto,61.09
895581060,Apartamento,Rua André Mendes,Jardim da Saúde,4300,5803,78,3,2,1,True,3q_apto,55.13
895569079,Apartamento,Rua Cantagalo,Tatuapé,3700,5540,86,3,4,2,False,3q_apto,43.02
894713926,Apartamento,Rua Doutor Laerte Setúbal,Vila Suzana,2800,4233,70,3,2,1,True,3q_apto,40.0
895641049,Apartamento,Rua Capote Valente,Pinheiros,11000,13149,67,3,2,1,True,3q_apto,164.18
893582662,Apartamento,Rua Doutor Achiles Lisboa,Vila Barreto,3990,5044,196,3,2,1,False,3q_apto,20.36
894917120,Apartamento,Rua Professor José Horácio Meirelles Teixeira,Vila Suzana,3880,6680,114,3,3,3,False,3q_apto,34.04
895411297,Apartamento,Rua Oscar Freire,Cerqueira César,8500,11711,130,3,3,1,True,3q_apto,65.38
895462582,Apartamento,Rua Coronel Carlos Oliva,Tatuapé,10500,12765,132,3,3,2,True,3q_apto,79.55
895408679,Apartamento,Rua Santa Elvira,Parque São Jorge,14000,17162,167,3,4,3,True,3q_apto,83.83
893982048,Apartamento,Rua da Mata,Itaim Bibi,9500,14109,159,3,3,2,False,3q_apto,59.75
893678549,Apartamento,Rua Volta Redonda,Campo Belo,16880,20381,180,3,3,3,False,3q_apto,93.78
895522164,Apartamento,Avenida Cristo Rei,Vila Pereira Barreto,3500,4541,72,3,1,2,True,3q_apto,48.61
892964135,Apartamento,Voluntários da Pátria,Santana,4800,8036,140,3,3,4,False,3q_apto,34.29
893448825,Apartamento,Avenida do Oratório,Vila Paulo Silas,2956,3639,76,3,2,2,False,3q_apto,38.89
894670620,Apartamento,Rua Capitão Francisco Lipi,Vila Dom Pedro Ii,6500,7911,87,3,3,2,False,3q_apto,74.71
894004182,Apartamento,Rua Vigario João Alvarez,Vila Monumento,3200,5080,76,3,1,2,False,3q_apto,42.11
895597497,Apartamento,Avenida Santa Inês,Parque Mandaqui,2750,4282,76,3,2,2,False,3q_apto,36.18
892820170,Apartamento,Rua Tonelero,Vila Ipojuca,5400,6906,100,3,3,2,False,3q_apto,54.0
892829569,Apartamento,Rua Palestina,Vila Mascote,4550,6500,100,3,2,2,False,3q_apto,45.5
895609573,Apartamento,Rua Silvio de Moura,Vila Dom Pedro Ii,4080,5546,87,3,2,2,False,3q_apto,46.9
893010614,Apartamento,Rua Manoel Antônio Pinto,Lajeado,5690,8225,188,3,3,2,False,3q_apto,30.27
895372311,Apartamento,Rua Evangelina,Vila Carrão,8150,10099,113,3,3,2,False,3q_apto,72.12
894831575,Apartamento,Avenida Doutor Cardoso de Melo,Vila Olímpia,8000,10094,105,3,2,1,False,3q_apto,76.19
893802149,Apartamento,Rua Girassol,Vila Madalena,4800,7179,85,3,3,2,False,3q_apto,56.47
895365426,Apartamento,Rua Japão,Itaim Bibi,9000,12073,110,3,2,1,True,3q_apto,81.82
892878362,Apartamento,Rua da Meação,Vila Regente Feijó,7000,9360,130,3,3,3,False,3q_apto,53.85
895463886,Apartamento,Rua Itapaiúna,Jardim Morumbi,13000,18631,192,3,4,3,False,3q_apto,67.71
892970082,Apartamento,Rua Ernesto de Oliveira,Jardim Vila Mariana,7000,12322,200,3,4,3,False,3q_apto,35.0
895481317,Apartamento,Rua Oscar Freire,Jardim Paulista,22000,27184,185,3,4,1,True,3q_apto,118.92
895541328,Apartamento,Rua Parnamirim,Jaguaré,2700,3763,70,3,1,1,False,3q_apto,38.57
893726715,Apartamento,Rua Agente Gomes,Jardim São Paulo(zona Norte),4092,5274,84,3,2,1,True,3q_apto,48.71
895286518,Apartamento,Rua das Margaridas,Jardim das Acacias,22000,25765,178,3,4,2,False,3q_apto,123.6
893137256,Apartamento,Avenida Eliseu de Almeida,Instituto de Previdência,4620,5793,90,3,1,1,False,3q_apto,51.33
892998934,Apartamento,Rua Francisco Pedro do Amaral,Jaguaré,3200,4045,70,3,2,2,False,3q_apto,45.71
894425492,Apartamento,Rua Oscar Freire,Pinheiros,6000,7789,106,3,2,1,False,3q_apto,56.6
893736412,Apartamento,Rua Frederico Guarinon,Jardim Ampliacao,6349,10801,524,3,2,3,False,3q_apto,12.12
894885818,Apartamento,Rua Rui Martins,Alto da Mooca,20000,22489,168,3,2,3,False,3q_apto,119.05
894388039,Apartamento,Rua Doutor Brasílio Machado,Santa Cecilia,15000,17384,131,3,3,0,True,3q_apto,114.5
894807288,Apartamento,Rua Coronel Domingos Ferreira,Nova Klabin,5960,7071,70,3,2,1,False,3q_apto,85.14
894947893,Apartamento,Rua Catarina Vieira,Vila Dalila,2399,2975,75,3,1,1,False,3q_apto,31.99
895341480,Apartamento,Avenida Jorge João Saad,Vila Progredior,3060,4968,79,3,2,1,True,3q_apto,38.73
895266992,Apartamento,Avenida Ministro Petrônio Portela,Moinho Velho,2220,3174,92,3,2,1,False,3q_apto,24.13
895429414,Apartamento,Rua Itacema,Jardim Paulista,6200,7755,90,3,2,1,True,3q_apto,68.89
894207916,Apartamento,Rua Apinajés,Pompeia,12000,15363,130,3,4,2,False,3q_apto,92.31
895380390,Apartamento,Rua Américo Alves Pereira Filho,Real Parque,14600,20563,367,3,4,3,True,3q_apto,39.78
892903344,Apartamento,Rua José da Silva Ribeiro,Vila Andrade,6500,6751,104,3,3,0,True,3q_apto,62.5
895523403,Apartamento,Rua Dias de Toledo,Vila da Saúde,2900,4259,75,3,1,1,False,3q_apto,38.67
895352698,Apartamento,Rua Engenheiro José Sá Rocha,Vila Mariana,12700,15723,131,3,3,2,False,3q_apto,96.95
895274991,Apartamento,Rua Paracuê,Sumaré,21100,28635,420,3,3,4,False,3q_apto,50.24
895135991,Apartamento,Rua Deputado João Sussumu Hirata,Vila Andrade,4900,6479,71,3,2,1,True,3q_apto,69.01
893061535,Apartamento,Rua Professor Lúcio Martins Rodrigues,Jardim Leonor,17000,25363,340,3,3,4,False,3q_apto,50.0
893391950,Apartamento,Rua Volta Redonda,Campo Belo,21880,22724,386,3,6,4,True,3q_apto,56.68
895451444,Apartamento,Rua Gaivota,Moema,6350,7755,75,3,2,1,True,3q_apto,84.67
893481276,Apartamento,Rua Mateus Grou,Pinheiros,6930,9033,140,3,2,1,False,3q_apto,49.5
895311391,Apartamento,Rua Helion Póvoa,Vila Olímpia,6900,9188,94,3,2,2,False,3q_apto,73.4
894018704,Apartamento,Alameda Fernão Cardim,Jardim Paulista,7150,10762,142,3,3,2,False,3q_apto,50.35
895614014,Apartamento,Rua Alcídes Prado,Vila Euthalia,2500,2671,100,3,1,1,False,3q_apto,25.0
894752865,Apartamento,Largo Nossa Senhora da Conceição,Cambuci,2800,4109,183,3,3,1,False,3q_apto,15.3
894316143,Apartamento,Rua Bueno Brandão,Vila Nova Conceição,6500,8694,110,3,2,1,False,3q_apto,59.09
895232733,Apartamento,Rua Cardoso de Almeida,Perdizes,3500,6669,136,3,3,1,False,3q_apto,25.74
895588564,Apartamento,Rua Doutor Tomás Carvalhal,Paraíso,7500,10108,127,3,2,1,False,3q_apto,59.06
895569376,Apartamento,Rua Gaivota,Indianópolis,9000,11728,134,3,3,1,True,3q_apto,67.16
895055235,Apartamento,Alameda Campinas,Jardim Paulista,10000,13012,238,3,2,1,False,3q_apto,42.02
895606514,Apartamento,Rua Itapaiúna,Jardim Morumbi,13000,18091,160,3,5,3,True,3q_apto,81.25
894731829,Apartamento,Avenida Jandira,Indianópolis,15000,20929,125,3,2,2,True,3q_apto,120.0
895624161,Apartamento,Rua Fernão Dias,Pinheiros,12000,13660,105,3,2,1,True,3q_apto,114.29
893122928,Apartamento,Rua Karl Richter,Vila Suzana,3990,8608,185,3,3,3,False,3q_apto,21.57
895575574,Apartamento,Rua França Pinto,Vila Mariana,5500,7895,122,3,2,1,False,3q_apto,45.08
894827287,Apartamento,Rua da Chibata,Vila Andrade,3750,4799,74,3,2,1,False,3q_apto,50.68
895531017,Apartamento,Rua da Mooca,Mooca,2450,3562,56,3,2,1,False,3q_apto,43.75
895380971,Apartamento,Rua Peixoto Gomide,Jardim Paulista,8000,11079,112,3,2,1,True,3q_apto,71.43
893545773,Apartamento,Rua Plínio Colás,Lauzane Paulista,3641,5584,98,3,2,3,False,3q_apto,37.15
895470351,Apartamento,Rua Lisboa,Jardim America,5500,7274,115,3,3,1,True,3q_apto,47.83
892807075,Apartamento,Rua Alexandre Benois,Vila Andrade,2830,3445,61,3,2,1,False,3q_apto,46.39
894515044,Apartamento,Rua Orlando Calisto,Parque Independencia,2999,4328,78,3,2,1,False,3q_apto,38.45
895554281,Apartamento,Rua Jeroaquara,Lapa,8400,10397,95,3,2,2,True,3q_apto,88.42
895594086,Apartamento,Rua Peixoto Gomide,Jardim Paulista,8500,11642,112,3,2,1,False,3q_apto,75.89
892811671,Apartamento,Avenida São Paulo Antigo,Real Parque,11500,16194,185,3,3,3,False,3q_apto,62.16
893887594,Apartamento,Rua Gregório de Matos,Vila Regente Feijó,7949,10392,137,3,3,2,False,3q_apto,58.02
894893982,Apartamento,Avenida Rubem Berta,Indianópolis,8050,10207,77,3,2,1,True,3q_apto,104.55
895429963,Apartamento,Praça Padre Mário Fontana,Parque da Mooca,4730,6056,87,3,2,2,False,3q_apto,54.37
895499708,Apartamento,Avenida Professor Alceu Maynard Araújo,Vila Cruzeiro,4800,6128,90,3,2,1,False,3q_apto,53.33
894535616,Apartamento,Praça General Porto Carreiro,Jaguaré,3400,4528,73,3,2,2,False,3q_apto,46.58
895449340,Apartamento,Avenida Pavão,Indianópolis,7000,11073,145,3,2,2,True,3q_apto,48.28
894104148,Apartamento,Rua Correia de Lemos,Chácara Inglesa,7000,8223,68,3,1,1,True,3q_apto,102.94
892932279,Apartamento,Rua Platina,Vila Azevedo,3690,5236,85,3,3,2,False,3q_apto,43.41
895594405,Apartamento,Rua Engenheiro Antônio Jovino,Vila Andrade,2600,3600,78,3,1,1,True,3q_apto,33.33
894291232,Apartamento,Avenida Vila Ema,Vila Prudente,4250,5560,82,3,2,2,False,3q_apto,51.83
894257184,Apartamento,Rua Joaquim Antunes,Pinheiros,4250,6373,82,3,1,1,False,3q_apto,51.83
894421628,Apartamento,Rua Apiacás,Perdizes,9040,13249,190,3,4,3,False,3q_apto,47.58
894291398,Apartamento,Rua Coronel Conrado Siqueira Campos,Jardim das Acácias,4070,5549,82,3,3,1,False,3q_apto,49.63
895396606,Apartamento,Rua Bela Cintra,Consolação,4844,7083,132,3,2,2,False,3q_apto,36.7
894060931,Apartamento,Rua Falchi Gianini,Vila Prudente,4900,6298,171,3,3,1,False,3q_apto,28.65
893231673,Apartamento,Rua Sampaio Viana,Paraíso,6160,9148,117,3,3,2,True,3q_apto,52.65
895301414,Apartamento,Rua São Benedito,Santo Amaro,5000,7981,196,3,3,1,True,3q_apto,25.51
894700129,Apartamento,Rua Xavier Curado,Ipiranga,12013,16122,170,3,5,3,False,3q_apto,70.66
894413584,Apartamento,Rua Oliveira Lima,Cambuci,2800,4183,72,3,2,1,False,3q_apto,38.89
893793344,Apartamento,Rua Nilo,Aclimação,22000,25382,158,3,5,3,False,3q_apto,139.24
894877359,Apartamento,Rua Barão de Bocaina,Higienópolis,11480,19816,280,3,5,4,False,3q_apto,41.0
894300347,Apartamento,Rua Silva Bueno,Ipiranga,3200,3523,180,3,2,0,False,3q_apto,17.78
895330439,Apartamento,Rua Saint Hilaire,Jardim Paulista,17000,21156,125,3,2,0,True,3q_apto,136.0
894637175,Apartamento,Avenida Jandira,Indianópolis,15000,20971,125,3,3,2,True,3q_apto,120.0
895513235,Apartamento,Rua João Simões de Souza,Vila Suzana,6850,8495,104,3,5,2,True,3q_apto,65.87
895580682,Apartamento,Avenida Doutor Bernardino Brito Fonseca de Carvalho,Vila Matilde,3100,3909,78,3,2,1,False,3q_apto,39.74
895565209,Apartamento,Rua Capote Valente,Pinheiros,15000,19340,119,3,2,2,True,3q_apto,126.05
895556554,Apartamento,Rua Doutor Neto de Araújo,Vila Mariana,9500,12748,100,3,3,2,False,3q_apto,95.0
893494062,Apartamento,Rua João Moura,Pinheiros,4570,8428,110,3,4,3,False,3q_apto,41.55
893031104,Apartamento,Rua Fradique Coutinho,Pinheiros,5210,7345,120,3,3,2,False,3q_apto,43.42
895552703,Apartamento,Rua Deputado João Sussumu Hirata,Vila Andrade,4343,7066,98,3,4,2,True,3q_apto,44.32
894740765,Apartamento,Avenida Diógenes Ribeiro de Lima,Alto de Pinheiros,3079,3958,77,3,1,1,False,3q_apto,39.99
895158377,Apartamento,Rua Doutor Sodré,Vila Nova Conceição,7100,9273,110,3,3,2,False,3q_apto,64.55
895324905,Apartamento,Rua Caravelas,Vila Mariana,10000,14798,116,3,3,3,True,3q_apto,86.21
893175436,Apartamento,Rua Doutor Cândido Espinheira,Perdizes,5660,9966,170,3,5,2,False,3q_apto,33.29
895539049,Apartamento,Rua Senador Joaquim Ribeiro do Valle,Vila Leopoldina,6600,8671,93,3,2,2,True,3q_apto,70.97
895637348,Apartamento,Rua Reims,Jardim das Laranjeiras,2000,3252,70,3,2,1,False,3q_apto,28.57
895478329,Apartamento,Rua Manuel da Nóbrega,Paraíso,6500,9091,135,3,3,1,True,3q_apto,48.15
895529681,Apartamento,Rua Mergenthaler,Vila Leopoldina,15000,18929,183,3,5,3,True,3q_apto,81.97
895142938,Apartamento,Rua Baronesa de Bela Vista,Vila Congonhas,6300,9260,142,3,4,3,False,3q_apto,44.37
894217248,Apartamento,Avenida Jacutinga,Indianópolis,13500,19511,202,3,4,3,False,3q_apto,66.83
894414939,Apartamento,Rua Mattia Filizzola,Real Parque,5500,9278,170,3,5,3,False,3q_apto,32.35
895590056,Apartamento,Rua Ibitirama,Vila Prudente,3350,4246,75,3,2,1,True,3q_apto,44.67
895352058,Apartamento,Rua Capitão Alberto Mendes Júnior,Água Fria,24000,31268,320,3,6,6,True,3q_apto,75.0
895123587,Apartamento,Avenida Giovanni Gronchi,Morumbi,8500,11679,68,3,2,2,False,3q_apto,125.0
894311938,Apartamento,Rua Maestro Arturo de Angelis,Vila Comercial,3651,5266,91,3,2,2,True,3q_apto,40.12
895591559,Apartamento,Rua Francisco Leitão,Jardim America,29000,41619,200,3,1,3,True,3q_apto,145.0
893582703,Apartamento,Rua Correggio,Vila Suzana,4500,6678,103,3,4,2,False,3q_apto,43.69
894760724,Apartamento,Rua Celso Ramos,Vila Andrade,3614,4562,66,3,2,2,False,3q_apto,54.76
894784251,Apartamento,Alameda Campinas,Jardim Paulista,8175,10965,198,3,2,2,False,3q_apto,41.29
892890996,Apartamento,Rua Manuel de Almeida,Vila Guilherme,7000,7970,63,3,2,1,True,3q_apto,111.11
895515608,Apartamento,Rua Fábio Lopes dos Santos Luz,Vila Andrade,8920,12541,163,3,4,3,False,3q_apto,54.72
893456988,Apartamento,Rua Frederico Guarinon,Jardim Ampliação,5500,8662,170,3,4,3,False,3q_apto,32.35
895461007,Apartamento,Rua Guaipá,Vila Leopoldina,8700,11975,148,3,3,2,False,3q_apto,58.78
895469918,Apartamento,Avenida dos Eucaliptos,Indianópolis,9000,11327,110,3,4,2,False,3q_apto,81.82
895134670,Apartamento,Avenida Raimundo Pereira de Magalhães,Jardim Iris,3000,4066,70,3,1,1,True,3q_apto,42.86
893774018,Apartamento,Rua Marechal Barbacena,Vila Regente Feijó,7580,10573,189,3,3,2,False,3q_apto,40.11
895542134,Apartamento,Avenida Engenheiro Heitor Antônio Eiras Garcia,Jardim Esmeralda,2000,3352,67,3,1,1,True,3q_apto,29.85
893488941,Apartamento,Rua Atuaí,Vila Esperança,2890,3910,61,3,1,1,True,3q_apto,47.38
893760916,Apartamento,Rua Conselheiro Saraiva,Santana,2000,3130,80,3,2,0,False,3q_apto,25.0
895397036,Apartamento,Alameda Tietê,Jardim Paulista,11000,16926,216,3,3,2,True,3q_apto,50.93
895392741,Apartamento,Rua Filipe Camarão,Tatuapé,3200,4637,74,3,2,2,False,3q_apto,43.24
894680239,Apartamento,Rua Ceará,Consolação,20000,27022,220,3,5,3,False,3q_apto,90.91
894863855,Apartamento,Rua Bento Araújo,Barro Branco (zona Norte),9380,11041,85,3,2,1,True,3q_apto,110.35
895542356,Apartamento,Rua Antônio de Bonis,Vila Butantã,4000,5167,63,3,2,1,True,3q_apto,63.49
894913304,Apartamento,Rua Estero Belaco,Vila da Saúde,4400,6684,96,3,2,2,False,3q_apto,45.83
894674061,Apartamento,Rua Coronel Carlos Oliva,Tatuapé,14500,17526,127,3,4,3,True,3q_apto,114.17
895470882,Apartamento,Rua Carlos Venture,Parque da Mooca,6000,9840,175,3,5,3,False,3q_apto,34.29
893502149,Apartamento,Rua do Arraial,Vila Mariana,4700,5982,80,3,2,2,True,3q_apto,58.75
895511764,Apartamento,Rua Arnaldo José Pacífico,Água Branca,11600,14056,136,3,5,2,False,3q_apto,85.29
894636115,Apartamento,Rua Santa Branca,Bela Vista,5637,8187,186,3,2,2,False,3q_apto,30.31
895155521,Apartamento,Alameda Lorena,Jardim Paulista,13130,16173,138,3,2,2,False,3q_apto,95.14
892884896,Apartamento,Alameda dos Tupiniquins,Moema,25000,32996,210,3,5,3,True,3q_apto,119.05
895277619,Apartamento,Rua Acuruí,Vila Regente Feijó,4350,7835,162,3,4,2,True,3q_apto,26.85
894356170,Apartamento,Rua Pedrália,Bosque da Saúde,16900,21071,163,3,3,3,True,3q_apto,103.68
893323893,Apartamento,Rua Coriolano,Vila Romana,4700,6176,100,3,3,2,False,3q_apto,47.0
895235655,Apartamento,Avenida Santo Amaro,Santo Amaro,6400,8215,112,3,3,1,False,3q_apto,57.14
895515803,Apartamento,Rua Tucumã,Jardim Europa,14480,18839,130,3,3,2,False,3q_apto,111.38
895474752,Apartamento,Rua Artur de Azevedo,Pinheiros,6200,9615,156,3,3,1,False,3q_apto,39.74
895488510,Apartamento,Av. Miruna 420 - Indianópolis São Paulo - Sp 04084-001 Brasil,Indianópolis,4990,7279,100,3,1,2,False,3q_apto,49.9
895509403,Apartamento,Rua Pamplona,Jardim Paulista,28000,34347,193,3,4,4,True,3q_apto,145.08
895488123,Apartamento,Rua Doutor Fadlo Haidar,Vila Olímpia,7900,10330,114,3,2,2,True,3q_apto,69.3
895134608,Apartamento,Rua Trajano Reis,Jardim das Vertentes,3200,4123,60,3,1,1,False,3q_apto,53.33
895410922,Apartamento,Alameda Joaquim Eugênio de Lima,Jardins,15000,20179,178,3,4,3,True,3q_apto,84.27
894327062,Apartamento,Rua Leonardo Cerveira Varandas,Paraíso do Morumbi,6300,9985,144,3,3,3,True,3q_apto,43.75
895469364,Apartamento,Rua Jamanari,Vila Andrade,2700,4331,72,3,2,1,True,3q_apto,37.5
893876006,Apartamento,Rua Alvorada,Vila Olímpia,13500,17622,150,3,3,3,True,3q_apto,90.0
895274141,Apartamento,Avenida Patente,Jardim Patente,2500,3546,98,3,1,3,False,3q_apto,25.51
895472043,Apartamento,Rua Cacilda Becker,Jardim das Acacias,17000,19923,95,3,4,2,False,3q_apto,178.95
893521824,Apartamento,Rua Professor Wlademir Pereira,Vila São Silvestre,4900,6479,79,3,2,2,True,3q_apto,62.03
895494681,Apartamento,Marginal Pinheiros,Real Parque,14720,18438,142,3,4,2,False,3q_apto,103.66
895476195,Apartamento,Avenida Brigadeiro Luís Antônio,Jardim Paulista,6500,9137,141,3,3,1,False,3q_apto,46.1
892816862,Apartamento,Rua Frederico Guarinon,Jardim Ampliação,5000,8011,160,3,3,2,False,3q_apto,31.25
894066147,CasaCondominio,Avenida Marcondes de Brito,Chácara Seis de Outubro,7000,7856,145,3,2,2,False,3q_condo,48.28
895360303,CasaCondominio,Rua Kalil Nader Habr,Vila Água Funda,3800,4159,130,3,3,2,False,3q_condo,29.23
893184251,CasaCondominio,Rua Panônia,Jardim Colombo,3072,3536,200,3,3,0,False,3q_condo,15.36
895564557,CasaCondominio,Rua Dom Lúcio de Sousa,Vila Gumercindo,3850,4013,115,3,1,0,False,3q_condo,33.48
895234212,CasaCondominio,Rua Alberto Willo,Vila da Saúde,6520,6807,150,3,1,2,False,3q_condo,43.47
894811617,CasaCondominio,Rua Comprida,Vila Mazzei,4400,5040,100,3,3,2,False,3q_condo,44.0
894924633,CasaCondominio,Rua Ágata,Aclimação,23000,27210,240,3,3,3,True,3q_condo,95.83
895240210,CasaCondominio,Rua Dona Escolástica Melchert da Fonseca,Vila Matilde,5500,6097,198,3,3,4,False,3q_condo,27.78
893180090,CasaCondominio,Rua Pedro Inácio de Araújo,Vila São Silvestre,16000,19404,310,3,5,0,False,3q_condo,51.61
895638022,CasaCondominio,Rua Rosa Simoncello Capelli,Vila Elvira,6140,7201,175,3,4,1,True,3q_condo,35.09
895380186,CasaCondominio,Rua Doutor Valentim Bouças,Vila Nova Mazzei,3120,3506,90,3,1,2,True,3q_condo,34.67
895376542,CasaCondominio,Rua Comendador Quirino Teixeira,Jardim Leonor Mendes de Barros,8500,10851,170,3,4,3,False,3q_condo,50.0
895557616,CasaCondominio,Rua Floresta Azul,Jardim Danfer,2837,3616,72,3,2,2,False,3q_condo,39.4
893228932,CasaCondominio,Rua Moisés Marx,Vila Aricanduva,4500,5291,150,3,3,4,False,3q_condo,30.0
895461022,CasaCondominio,Avenida Santo Albano,Sacoma,5550,6683,232,3,3,3,False,3q_condo,23.92
895627947,CasaCondominio,Rua Voluntários da Pátria,Santana,3800,4276,103,3,1,1,False,3q_condo,36.89
895582820,CasaCondominio,Praça Doutor Pereira do Rego,Vila Matilde,3375,3998,131,3,3,3,False,3q_condo,25.76
895200382,CasaCondominio,Rua General Alencastro Guimarães,Vila Fiat Lux,10000,11425,615,3,3,4,False,3q_condo,16.26
894861059,CasaCondominio,Rua Viena,Sacomã,7500,8428,140,3,2,2,False,3q_condo,53.57
895015317,CasaCondominio,Rua Floresta Azul,Jardim Danfer,3980,4929,100,3,2,2,False,3q_condo,39.8
895539248,CasaCondominio,Avenida Doutor Cândido Motta Filho,Cidade São Francisco,10000,13242,190,3,4,3,True,3q_condo,52.63
893351118,CasaCondominio,Rua Gilberto Sampaio,Jardim São Paulo,5500,7193,238,3,5,4,True,3q_condo,23.11
893582801,CasaCondominio,Rua Marquês de Lages,Vila Moraes,3150,3498,100,3,3,2,False,3q_condo,31.5
894481110,CasaCondominio,Rua Dom Alberto Gonçalves,Vila Libanesa,9000,9612,118,3,3,2,False,3q_condo,76.27
895356190,CasaCondominio,Rua Doutor Alberto Lyra,Jardim Panorama,24989,32234,420,3,3,6,False,3q_condo,59.5
893564656,CasaCondominio,Rua Caramuru,Saúde,5000,5729,154,3,3,1,False,3q_condo,32.47
893043283,CasaCondominio,Rua David Ben Gurion,Jardim Monte Kemel,14000,16594,200,3,5,3,True,3q_condo,70.0
895570477,CasaCondominio,Rua Padre Mariano Ronchi,Vila Pereira Cerca,1800,1876,64,3,1,0,False,3q_condo,28.12
893804818,CasaCondominio,Rua Mafalda,Chácara Belenzinho,4000,4783,141,3,2,2,False,3q_condo,28.37
893804810,CasaCondominio,Rua Mafalda,Chácara Belenzinho,4000,4835,141,3,2,2,False,3q_condo,28.37
893804830,CasaCondominio,Rua Mafalda,Chácara Belenzinho,4000,4835,141,3,2,2,False,3q_condo,28.37
893804826,CasaCondominio,Rua Mafalda,Chácara Belenzinho,4000,4835,141,3,2,2,False,3q_condo,28.37
895394496,CasaCondominio,Rua Maria da Grá,Alto de Pinheiros,25000,33011,450,3,3,6,False,3q_condo,55.56
895065898,CasaCondominio,Rua Capitão Gustavo Lauro Korte,Vila Nova Mazzei,4100,4524,124,3,3,2,False,3q_condo,33.06
895558020,CasaCondominio,Rua Manuel Gaya,Vila Mazzei,6830,7921,200,3,3,2,False,3q_condo,34.15
895590683,CasaCondominio,Rua Coronel Meireles,Vila Lais,3300,4054,180,3,3,2,False,3q_condo,18.33
893335264,CasaCondominio,Rua Fantina Lobo Moreira de Campos,Cidade São Francisco,5030,6398,325,3,3,5,False,3q_condo,15.48
894731210,CasaCondominio,Rua Paramu,Vila Bela,2300,3055,80,3,3,2,False,3q_condo,28.75
893933345,CasaCondominio,Rua Colombo Florence,Parque Fongaro,2815,3170,110,3,3,2,False,3q_condo,25.59
893307830,CasaCondominio,Rua Ribeiro de Barros,Vila Anglo Brasileira,3720,4818,120,3,3,2,False,3q_condo,31.0
892971071,CasaCondominio,Avenida Morumbi,Morumbi,18000,27914,456,3,4,4,False,3q_condo,39.47
895082081,CasaCondominio,Avenida Miguel Estefno,Vila da Saúde,3799,3960,100,3,2,1,True,3q_condo,37.99
894643147,CasaCondominio,Rua Ângelo Agostini,São Lucas,3070,3464,72,3,3,1,True,3q_condo,42.64
893804839,CasaCondominio,Rua Mafalda,Chácara Belenzinho,5200,6085,141,3,2,2,False,3q_condo,36.88
893804835,CasaCondominio,Rua Mafalda,Chácara Belenzinho,4000,4835,141,3,2,0,False,3q_condo,28.37
895391257,CasaCondominio,Rua Antônio Augusto Covello,Vila Monumento,6300,7285,115,3,3,2,False,3q_condo,54.78
895437518,CasaCondominio,Rua José Novais,Jardim Taboao,4500,4861,100,3,2,1,False,3q_condo,45.0
895223926,CasaCondominio,Rua Albertina Viêira da Silva Gordo,Vila Aurora (zona Norte),2840,3483,103,3,2,2,False,3q_condo,27.57
894079961,CasaCondominio,Rua João Carlos Deynhausen,Vila Santos,3264,3738,130,3,2,2,False,3q_condo,25.11
895538449,CasaCondominio,Rua David Ben Gurion,Jardim Monte Kemel,11900,13778,138,3,4,2,True,3q_condo,86.23
895327949,CasaCondominio,Rua Simone Martini,Jardim Santa Maria,5000,6196,120,3,2,2,False,3q_condo,41.67
894820759,CasaCondominio,Rua Artur Bernardes,Vila Invernada,12190,13574,210,3,5,2,True,3q_condo,58.05
893264433,CasaCondominio,Rua Laerte,Vila Mariza Mazzei,5000,6162,195,3,5,3,False,3q_condo,25.64
895459971,CasaCondominio,Rua Itá,Vila Santos,4000,4945,120,3,3,2,False,3q_condo,33.33
893804834,CasaCondominio,Rua Mafalda,Chácara Belenzinho,4000,4835,141,3,2,2,False,3q_condo,28.37
894159994,CasaCondominio,Rua Tiúba,Vila Nova Manchester,5000,5617,190,3,4,2,True,3q_condo,26.32
893907069,CasaCondominio,Rua Ingá,Parque Mandaqui,4690,6054,176,3,4,2,False,3q_condo,26.65
895035011,CasaCondominio,Rua Montes Aureos,Penha de França,4500,4797,125,3,3,2,True,3q_condo,36.0
895209497,CasaCondominio,Rua Professor Miguel Russiano,Vila Aricanduva,2590,2890,80,3,3,2,False,3q_condo,32.38
895262989,CasaCondominio,Rua Frederico Guarinon,Jardim Ampliacao,4400,5992,165,3,3,3,False,3q_condo,26.67
895299500,CasaCondominio,Rua Leonardo Lerner,Jardim Libano,7000,7714,150,3,4,5,False,3q_condo,46.67
893337808,CasaCondominio,Rua Mamborê,Vila Fernandes,4360,4825,100,3,3,2,False,3q_condo,43.6
894774163,CasaCondominio,Rua Nabuco de Araújo,Vila Mariza Mazzei,5100,6341,200,3,3,3,False,3q_condo,25.5
894802884,CasaCondominio,Rua Comprida,Vila Mazzei,4050,4635,123,3,3,1,False,3q_condo,32.93
895097016,CasaCondominio,Rua Paulina,Chácara Mafalda,4400,4916,135,3,3,2,False,3q_condo,32.59
893117446,CasaCondominio,Rua Arroio Grande,Jardim Santa Cruz (sacomã),2500,3051,70,3,3,2,False,3q_condo,35.71
895343491,CasaCondominio,Rua da Chácara,Vila Nova Mazzei,11350,12481,90,3,2,2,False,3q_condo,126.11
895582424,CasaCondominio,Rua Laurindo Abelardo de Brito,Jardim Trussardi,13200,13860,180,3,5,1,False,3q_condo,73.33
892840311,CasaCondominio,Rua Trapicheiro,Vila Carrão,2500,3046,125,3,2,2,False,3q_condo,20.0
893681141,CasaCondominio,Rua Francisco Pessoa,Vila Andrade,13500,15945,106,3,2,2,False,3q_condo,127.36
893389273,CasaCondominio,Rua Coronel João de Oliveira Melo,Vila Antonieta,4400,4886,92,3,1,1,False,3q_condo,47.83
893311420,CasaCondominio,Rua Marco Antônio Dias Batista,Vila São Silvestre,5900,7595,211,3,2,2,True,3q_condo,27.96
893336442,CasaCondominio,Rua Pais Barreto,Vila Maria Baixa,5000,5619,138,3,3,2,False,3q_condo,36.23
894649599,CasaCondominio,Rua Victor Brecheret,Vila Mariana,16000,17696,150,3,3,2,False,3q_condo,106.67
893072169,CasaCondominio,Rua Ana Vieira de Carvalho,Jardim Panorama,18000,23718,456,3,5,4,False,3q_condo,39.47
895574270,CasaCondominio,Rua Vera,Vila Granada,3200,3488,102,3,3,2,False,3q_condo,31.37
894445650,CasaCondominio,Avenida Diógenes Ribeiro de Lima,Alto de Pinheiros,2916,3640,70,3,1,0,False,3q_condo,41.66
895250044,CasaCondominio,Rua Glória do Goitá,Vila Independencia,6000,6614,160,3,3,3,True,3q_condo,37.5
895475490,CasaCondominio,Rua Lucílio de Albuquerque,Cambuci,9000,9799,400,3,4,2,False,3q_condo,22.5
895451878,CasaCondominio,Rua Coronel Octávio Azeredo,Tucuruvi,3000,4046,118,3,2,2,False,3q_condo,25.42
895391260,CasaCondominio,Rua Antônio Augusto Covello,Vila Monumento,6000,6972,120,3,3,2,False,3q_condo,50.0
895342161,CasaCondominio,Rua Doutor Armando Brandão,Vila Matilde,5000,5485,83,3,3,2,False,3q_condo,60.24
895434423,CasaCondominio,Rua Joaquim Cândido de Azevedo Marques,Vila Morumbi,14000,18779,300,3,4,2,False,3q_condo,46.67
894430956,CasaCondominio,Rua Backer,Cambuci,5500,5733,116,3,4,1,True,3q_condo,47.41
895487951,CasaCondominio,Rua Antônio Adib Chammas,Butantã,6640,9380,210,3,2,2,True,3q_condo,31.62
893549796,CasaCondominio,Rua da Esperança,Vila Medeiros,4100,4587,111,3,3,2,False,3q_condo,36.94
892889324,CasaCondominio,Rua Bruna,Chácara Mafalda,4750,5228,150,3,4,2,True,3q_condo,31.67
894647527,CasaCondominio,Rua Miguel Biondi,Jardim Alianca,1600,1927,81,3,1,0,False,3q_condo,19.75
894775637,CasaCondominio,Rua Aurora,Vila Moreira,2100,2389,94,3,3,1,False,3q_condo,22.34
894632473,Apartamento,Rua Alagoas,Higienópolis,8000,11751,170,4,4,2,False,4qplus_apto,47.06
894395424,Apartamento,Rua Pantojo,Vila Regente Feijó,6140,10670,273,4,5,3,True,4qplus_apto,22.49
895428320,Apartamento,Rua Professor Lúcio Martins Rodrigues,Vila Sonia,7500,11639,185,4,6,3,True,4qplus_apto,40.54
894256925,Apartamento,Rua João Avelino Pinho Mellão,Fazenda Morumbi,3187,6830,148,4,4,4,False,4qplus_apto,21.53
894184958,Apartamento,Avenida Santo Albano,Vila Vera,11250,12851,552,4,4,6,False,4qplus_apto,20.38
894774735,Apartamento,Rua Pedro Doll,Santana,7500,16090,355,4,5,4,False,4qplus_apto,21.13
895610557,Apartamento,R Itapaiuna,Vila Andrade,15000,19279,160,4,3,3,True,4qplus_apto,93.75
895208091,Apartamento,Rua Pamplona,Jardim Paulista,8800,11277,135,4,3,1,True,4qplus_apto,65.19
895356951,Apartamento,Rua Marquês de Paraná,Alto da Lapa,13500,17681,165,4,5,3,True,4qplus_apto,81.82
895364958,Apartamento,Rua Itapaiúna,Jardim Morumbi,10000,15097,152,4,4,3,True,4qplus_apto,65.79
895535161,Apartamento,Rua Deputado Laércio Corte 1200,Paraíso do Morumbi,16000,24640,374,4,4,5,False,4qplus_apto,42.78
895490797,Apartamento,Avenida Nove de Julho,Jardim Paulista,28000,34792,163,4,4,1,True,4qplus_apto,171.78
895469435,Apartamento,Rua Cândido Lacerda,Jardim Analia Franco,33000,37672,280,4,5,5,True,4qplus_apto,117.86
893736526,Apartamento,Rua Doutor Oscar Monteiro de Barros,Vila Suzana,3593,10349,320,4,4,4,True,4qplus_apto,11.23
894241468,Apartamento,Avenida Portugal,Brooklin,8000,11684,163,4,3,3,False,4qplus_apto,49.08
895416796,Apartamento,Rua José da Silva Ribeiro,Vila Andrade,7100,11684,213,4,5,3,True,4qplus_apto,33.33
895362503,Apartamento,Rua Maranhão,Higienópolis,16000,25352,337,4,4,3,True,4qplus_apto,47.48
895245765,Apartamento,Avenida Santo Amaro,Santo Amaro,5500,7412,150,5,3,1,False,4qplus_apto,36.67
892891885,Apartamento,Rua Correia de Lemos,Chácara Inglesa,4530,7133,110,4,3,3,False,4qplus_apto,41.18
895402010,Apartamento,Rua Hungara,Vila Ipojuca,6650,9307,132,4,5,2,False,4qplus_apto,50.38
893164794,Apartamento,Rua Doutor Clementino,Belenzinho,6200,8959,168,4,5,3,False,4qplus_apto,36.9
895514350,Apartamento,Rua Comendador Cantinho,Penha de França,3900,6731,205,4,2,2,False,4qplus_apto,19.02
895626870,Apartamento,R. Cândido Lacerda 241 - Jardim Analia Franco São Paulo - Sp 03336-010 Brasil,Vila Regente Feijó,35000,42617,335,4,5,5,False,4qplus_apto,104.48
895525744,Apartamento,R Itapaiuna,Vila Andrade,23845,30390,278,4,6,4,True,4qplus_apto,85.77
895585815,Apartamento,Alameda dos Tupiniquins,Planalto Paulista,7450,12291,174,4,3,3,False,4qplus_apto,42.82
894666641,Apartamento,Rua Conde de Irajá,Vila Mariana,20000,23736,205,4,5,3,True,4qplus_apto,97.56
895399498,Apartamento,Rua Francisco de Vitória,Jardim Vila Mariana,6000,9132,150,4,4,4,False,4qplus_apto,40.0
893048599,Apartamento,Rua Charles Chaplin,Vila Suzana,12175,13945,205,4,4,5,False,4qplus_apto,59.39
894014917,Apartamento,Rua Professor Pedreira de Freitas,Tatuapé,7880,13510,400,5,5,4,False,4qplus_apto,19.7
894879740,Apartamento,Rua Mário Augusto do Carmo,Jardim Avelino,18000,24895,380,4,5,6,False,4qplus_apto,47.37
892968335,Apartamento,Rua José Oscar Abreu Sampaio,Jardim Anália Franco,15000,24837,375,4,4,4,False,4qplus_apto,40.0
894835449,Apartamento,Rua Cônego Eugênio Leite,Pinheiros,9700,13299,166,4,2,2,True,4qplus_apto,58.43
893291815,Apartamento,Rua São Benedito,Jardim Novo Santo Amaro,12000,16497,317,4,5,3,False,4qplus_apto,37.85
894772017,Apartamento,Rua Diego de Castilho,Jardim Fonte do Morumbi,13821,18454,201,4,6,4,True,4qplus_apto,68.76
894930935,Apartamento,Avenida Giovanni Gronchi,Vila Andrade,4500,7374,196,4,4,3,False,4qplus_apto,22.96
895467805,Apartamento,Rua Martiniano de Carvalho,Paraíso,9800,13687,138,4,3,3,False,4qplus_apto,71.01
895605985,Apartamento,Avenida Nove de Julho,Bela Vista,5000,7727,200,4,2,1,True,4qplus_apto,25.0
895176279,Apartamento,Rua Vanderlei,Pompeia,6800,10329,155,4,5,3,True,4qplus_apto,43.87
893241501,Apartamento,Rua Bergamota,Alto da Lapa,5800,8179,104,4,4,2,False,4qplus_apto,55.77
892834570,Apartamento,Rua Emílio Mallet,Tatuapé,7299,9856,156,4,4,3,False,4qplus_apto,46.79
894624034,Apartamento,Rua Francisca Júlia,Santana,7500,13017,300,4,5,4,False,4qplus_apto,25.0
895019281,Apartamento,Rua Francisco Marengo,Tatuapé,12190,17104,537,4,5,5,True,4qplus_apto,22.7
894929513,Apartamento,Rua Maestro Tom Jobim,Tatuapé,9000,24098,500,4,6,5,False,4qplus_apto,18.0
894988035,Apartamento,Rua José de Jesus,Vila Suzana,5200,9300,160,4,5,4,False,4qplus_apto,32.5
895212916,Apartamento,Avenida Rouxinol,Indianópolis,15000,21065,200,4,5,3,True,4qplus_apto,75.0
892844689,Apartamento,Rua Deputado Laércio Corte,Paraíso do Morumbi,16000,31184,340,4,7,5,False,4qplus_apto,47.06
895093033,Apartamento,Rua Marcus Pereira,Vila Andrade,6000,11432,250,4,5,4,True,4qplus_apto,24.0
895197240,Apartamento,Rua da Meação,Vila Regente Feijó,15000,17971,225,4,5,4,True,4qplus_apto,66.67
895229316,Apartamento,Avenida Giovanni Gronchi,Vila Andrade,8000,48289,329,4,4,3,False,4qplus_apto,24.32
894677081,Apartamento,Rua José Batista Pereira,Campo Belo,16000,19717,206,4,5,3,True,4qplus_apto,77.67
895205075,Apartamento,Rua Gaivota,Moema,8150,11605,180,4,4,2,True,4qplus_apto,45.28
895186503,Apartamento,Rua Cacilda Becker,Jardim das Acacias,4000,7354,95,4,2,0,False,4qplus_apto,42.11
893365806,Apartamento,Rua Pontins,Santana,10500,13568,215,4,5,4,True,4qplus_apto,48.84
892846012,Apartamento,Rua José Batista Pereira,Campo Belo,12000,16413,120,4,4,2,False,4qplus_apto,100.0
895127451,Apartamento,Rua Camillo Nader,Vila Morumbi,4000,10821,212,4,4,4,False,4qplus_apto,18.87
895022852,Apartamento,Rua Loreto,Jardim da Saúde,3500,7585,196,4,4,3,False,4qplus_apto,17.86
894571157,Apartamento,Rua Maestro Tom Jobim,Jardim Analia Franco,7310,19792,500,4,6,5,False,4qplus_apto,14.62
895067195,Apartamento,Rua Pirandello,Campo Belo,22000,25469,380,5,7,7,True,4qplus_apto,57.89
895432832,Apartamento,Rua Barão do Serro Largo,Vila Regente Feijó,5500,12065,298,4,6,5,False,4qplus_apto,18.46
894926188,Apartamento,Rua Emílio Mallet,Vila Gomes Cardim,12500,16532,250,4,6,4,True,4qplus_apto,50.0
895046540,Apartamento,Avenida Pasteur,Vila Nova Savoia,8000,9749,223,4,5,3,False,4qplus_apto,35.87
895027415,Apartamento,Rua Doutor Fausto Ferraz,Bela Vista,6910,10593,200,4,3,2,False,4qplus_apto,34.55
895397512,Apartamento,Rua José de Oliveira Coelho,Vila Morumbi,13000,16701,223,5,6,4,False,4qplus_apto,58.3
893347841,Apartamento,Rua Doutor Guilherme Cristoffel,Santana,5620,8954,171,4,5,3,True,4qplus_apto,32.87
894363150,Apartamento,Rua Doutor Abelardo Vergueiro César,Vila Alexandria,3000,4776,89,4,3,1,False,4qplus_apto,33.71
893545620,Apartamento,Rua Deputado Laércio Corte,Paraíso do Morumbi,18000,24779,370,4,4,5,True,4qplus_apto,48.65
895586237,Apartamento,Rua Karl Richter,Vila Andrade,6950,9114,152,4,3,4,True,4qplus_apto,45.72
895573603,Apartamento,Rua Iubatinga,Vila Andrade,24370,30907,690,5,8,7,True,4qplus_apto,35.32
895312046,Apartamento,Avenida Higienópolis,Consolação,10000,13083,168,4,3,1,False,4qplus_apto,59.52
895240363,Apartamento,Rua Borges Lagoa,Vila Clementino,19900,22507,132,4,3,2,False,4qplus_apto,150.76
893452807,Apartamento,Rua Coronel Lisboa,Vila Mariana,25000,31056,222,4,3,4,True,4qplus_apto,112.61
895383854,Apartamento,Rua Deputado Laércio Corte,Vila Andrade,4000,6045,142,4,3,2,False,4qplus_apto,28.17
895408065,Apartamento,Rua Helena,Vila Olímpia,16500,20253,125,4,4,3,True,4qplus_apto,132.0
895434828,Apartamento,Rua Bento de Faria,Vila da Saúde,3900,8716,220,4,3,4,False,4qplus_apto,17.73
895400501,Apartamento,Rua Corgie Assad Abdalla 1010 - Vila Sonia São Paulo - Sp 05622-010 Brasil,Morumbi,3440,6934,136,4,5,3,False,4qplus_apto,25.29
892764248,Apartamento,Rua do Estilo Barroco,Ch. Santo Antônio,5500,11893,264,4,4,4,False,4qplus_apto,20.83
894771671,Apartamento,Rua Doutor James Ferraz Alvim,Vila Suzana,7325,11920,299,4,6,3,True,4qplus_apto,24.5
894819871,Apartamento,Avenida Divino Salvador,Planalto Paulista,9830,12426,190,4,4,2,True,4qplus_apto,51.74
895585498,Apartamento,Avenida Roque Petroni Júnior,Jardim das Acacias,28000,35080,197,4,4,3,True,4qplus_apto,142.13
895058402,Apartamento,Rua Álvaro Rodrigues,Vila Cordeiro,6470,10619,162,4,3,2,True,4qplus_apto,39.94
895362927,Apartamento,Rua Lourenço de Almeida,Vila Nova Conceição,25000,32917,213,4,5,4,True,4qplus_apto,117.37
895458637,Apartamento,Alameda dos Aicás,Indianópolis,22000,28332,214,4,5,4,True,4qplus_apto,102.8
893724399,Apartamento,Rua Nanuque,Vila Leopoldina,7500,11464,160,4,5,3,False,4qplus_apto,46.88
895582446,Apartamento,Rua Itapaiúna,Jardim Morumbi,30000,42956,400,4,6,5,True,4qplus_apto,75.0
895101779,Apartamento,Rua Itapaiúna,Jardim Morumbi,25000,35943,500,5,5,4,False,4qplus_apto,50.0
894815560,Apartamento,Rua Jorge Americano,Lapa,5000,7513,109,4,2,1,False,4qplus_apto,45.87
894880576,Apartamento,Rua Pedro Doll,Santana,10000,13286,230,4,5,4,True,4qplus_apto,43.48
894632357,Apartamento,Rua Gabriele Dannunzio,Campo Belo,6500,10085,146,4,3,3,True,4qplus_apto,44.52
894744641,Apartamento,Rua Doutor James Ferraz Alvim,Vila Suzana,3000,7532,300,4,5,3,False,4qplus_apto,10.0
894005939,Apartamento,Rua José Maria Lisboa,Jardim Paulista,15000,25528,300,4,4,3,False,4qplus_apto,50.0
894195052,Apartamento,Rua Nilo,Aclimação,5500,7162,120,4,3,1,False,4qplus_apto,45.83
893209860,Apartamento,Avenida Carlos Queiroz Telles,Jardim Fonte do Morumbi,8500,18228,364,5,6,5,False,4qplus_apto,23.35
895587732,Apartamento,Rua Nilo,Aclimação,5200,7000,120,4,2,1,False,4qplus_apto,43.33
895265573,Apartamento,Alameda dos Tupiniquins,Planalto Paulista,13000,20654,178,4,5,3,False,4qplus_apto,73.03
895056622,Apartamento,Rua Francisco Soledade,Parque da Mooca,6360,11222,385,4,5,4,False,4qplus_apto,16.52
893435897,Apartamento,Estrada Carlos Queiroz Telles,Jardim Fonte do Morumbi,12000,16332,230,5,6,4,True,4qplus_apto,52.17
895081106,Apartamento,Rua Engenheiro Bianor,Butantã,7500,13531,270,4,5,4,False,4qplus_apto,27.78
893140105,Apartamento,Rua Copacabana,Santa Teresinha,10000,14142,296,4,4,4,False,4qplus_apto,33.78
893508149,Apartamento,Rua Conselheiro Brotero,Santa Cecília,8000,12651,200,4,2,2,False,4qplus_apto,40.0
892898865,Apartamento,Avenida Jamaris,Moema,14800,20536,360,4,3,3,False,4qplus_apto,41.11
893408572,Apartamento,Rua Frederico Guarinon,Jardim Ampliação,2040,6468,300,4,4,3,False,4qplus_apto,6.8
895006704,Apartamento,Rua Professor José Horácio Meirelles Teixeira,Vila Suzana,7000,10287,169,4,4,3,True,4qplus_apto,41.42
895268690,Apartamento,Rua Doutor Guilherme Cristoffel,Santana,6590,10977,200,4,4,3,False,4qplus_apto,32.95
895327547,Apartamento,Rua Vicente Romano,Parque da Mooca,12300,21138,360,5,6,4,True,4qplus_apto,34.17
895422769,Apartamento,Rua Arandu,Cidade Monções,35000,42771,240,4,5,4,True,4qplus_apto,145.83
895410551,Apartamento,Rua Nelson Gama de Oliveira,Vila Andrade,4000,7549,155,4,4,2,False,4qplus_apto,25.81
895371531,Apartamento,Estrada Carlos Queiroz Telles,Jardim Fonte do Morumbi,12000,18360,260,4,4,4,True,4qplus_apto,46.15
895180743,Apartamento,Rua Marie Nader Calfat,Jardim Ampliacao,5100,7400,147,4,2,2,False,4qplus_apto,34.69
895099721,Apartamento,Avenida Giovanni Gronchi,Vila Andrade,9500,21994,676,4,4,4,False,4qplus_apto,14.05
895204105,Apartamento,Rua Frederico Guarinon,Jardim Ampliacao,7800,12835,309,4,7,4,False,4qplus_apto,25.24
895190971,Apartamento,Rua José Oscar Abreu Sampaio,Jardim Analia Franco,12660,23003,375,4,4,5,False,4qplus_apto,33.76
894310885,Apartamento,Rua Tucuna,Perdizes,21315,29255,440,4,8,4,True,4qplus_apto,48.44
894959304,Apartamento,Rua Luís Correia de Melo,Vila Cruzeiro,15450,19263,220,4,5,4,False,4qplus_apto,70.23
895386061,Apartamento,Rua Casa Forte,Santana,6000,12217,480,4,4,4,False,4qplus_apto,12.5
895389309,Apartamento,R Itapaiuna,Vila Andrade,17900,25510,290,4,6,4,True,4qplus_apto,61.72
895112513,Apartamento,Rua Xiró,Jardim das Laranjeiras,4200,7362,176,4,5,2,False,4qplus_apto,23.86
894000384,Apartamento,Rua Francisca Júlia,Santana,9100,13361,220,4,5,4,False,4qplus_apto,41.36
893044774,Apartamento,Rua Doutor Francisco Degni,Paraisópolis,3750,8145,228,4,4,4,True,4qplus_apto,16.45
894195066,Apartamento,Rua Nilo,Aclimação,5300,7005,120,4,3,1,False,4qplus_apto,44.17
894380802,Apartamento,Rua Corrientes 68 - Lapa São Paulo - Sp 02675-031 Brasil,Lapa,8000,15059,420,4,6,3,True,4qplus_apto,19.05
894914080,Apartamento,Praça Haroldo Daltro,Vila Nova Manchester,6000,6282,600,4,3,4,False,4qplus_apto,10.0
895547608,Apartamento,Rua Conselheiro Brotero,Santa Cecilia,11000,16068,180,4,3,2,True,4qplus_apto,61.11
892888972,Apartamento,Rua Professor Alexandre Correia,Jardim Vitória Régia,12600,17871,250,4,5,4,True,4qplus_apto,50.4
895304934,Apartamento,Avenida Raimundo Pereira de Magalhães,Jardim Iris,16000,18626,130,4,3,2,False,4qplus_apto,123.08
895526890,Apartamento,Rua Marcos Fernandes,Jardim da Saúde,9000,13388,217,4,3,3,False,4qplus_apto,41.47
895631927,Apartamento,Rua Gabriele D8217annunzio,Campo Belo,22000,28315,274,4,6,4,False,4qplus_apto,80.29
895541583,Apartamento,Condomínio Edifício Greenfield - Rua Alfredo Zunkeller 71 - Parque Mandaqui São Paulo - Sp 02421-070 Brasil,Parque Mandaqui,4700,6931,136,4,3,2,False,4qplus_apto,34.56
895559319,Apartamento,Avenida Giovanni Gronchi,Vila Andrade,4000,7721,180,5,5,3,True,4qplus_apto,22.22
893467488,Apartamento,Avenida Santo Amaro,Santo Amaro,4700,7352,160,4,3,1,False,4qplus_apto,29.38
894869986,Apartamento,Rua Leonardo Cerveira Varandas,Paraíso do Morumbi,7500,10799,127,4,4,2,True,4qplus_apto,59.06
895386879,Apartamento,R. Clodion - Vila Andrade São Paulo - Sp 05727-190 Brasil,Vila Andrade,8000,11458,170,4,4,3,False,4qplus_apto,47.06
894438641,Apartamento,Rua Sergipe,Higienópolis,10000,17882,245,4,4,3,False,4qplus_apto,40.82
895622956,Apartamento,Avenida Sapopemba,Chácara Mafalda,3500,4205,151,4,2,2,False,4qplus_apto,23.18
894646925,Apartamento,Rua Zacarias de Gois,Parque Colonial,25000,43964,840,5,7,7,False,4qplus_apto,29.76
895510940,Apartamento,Rua Cândido Lacerda,Vila Regente Feijó,4270,7704,186,4,3,3,False,4qplus_apto,22.96
895594785,Apartamento,Avenida Henri Janor,Vila Constança,3670,5110,149,4,2,2,False,4qplus_apto,24.63
895587657,Apartamento,Rua Américo Alves Pereira Filho,Real Parque,9500,12239,210,4,3,4,False,4qplus_apto,45.24
893782674,Apartamento,Rua Conselheiro Pedro Luís,Santana,13000,18122,250,4,4,4,False,4qplus_apto,52.0
895576961,Apartamento,Rua São Domingos Sávio,Vila Ida,10500,20644,310,5,5,5,False,4qplus_apto,33.87
893371804,Apartamento,Rua Barão de Castro Lima,Real Parque,9000,14063,256,4,6,5,False,4qplus_apto,35.16
894923939,Apartamento,Rua do Estilo Barroco,,4330,10150,195,4,6,4,False,4qplus_apto,22.21
894427491,Apartamento,Rua Wanderley,Perdizes,15250,19003,180,4,5,3,False,4qplus_apto,84.72
895118917,Apartamento,Avenida José Galante,Vila Suzana,6750,11660,362,4,4,4,False,4qplus_apto,18.65
895433655,Apartamento,Rua Manuel da Nóbrega,Paraíso,12000,16387,130,4,3,3,True,4qplus_apto,92.31
895474819,Apartamento,Rua Guairá,Vila da Saúde,9000,12348,165,4,4,3,True,4qplus_apto,54.55
895265649,Apartamento,Rua Domênico Perotti,Morumbi,12000,20363,272,4,5,4,False,4qplus_apto,44.12
895267604,Apartamento,Rua Francisco de Guerra,Cambuci,25000,34312,250,4,5,2,False,4qplus_apto,100.0
892909499,Apartamento,Rua Itapaiúna,Jardim Morumbi,15000,31686,458,4,4,4,False,4qplus_apto,32.75
895272090,Apartamento,Rua Coronel Melo de Oliveira,Vl Pompeia,9000,11982,123,4,4,2,False,4qplus_apto,73.17
895321121,Apartamento,Rua Itapimirum,Vila Andrade,6000,10890,210,4,4,4,False,4qplus_apto,28.57
895342018,Apartamento,Avenida Senador Casemiro da Rocha,Mirandópolis,18000,23516,193,4,4,3,True,4qplus_apto,93.26
895376464,Apartamento,Rua Professor Pedreira de Freitas,Tatuapé,11000,13824,215,4,3,4,True,4qplus_apto,51.16
895182231,Apartamento,Rua Engenheiro Jorge Oliva,Vila Mascote,7800,10437,112,4,3,3,False,4qplus_apto,69.64
895598358,Apartamento,Rua Carlos Weber,Vila Leopoldina,13800,17727,151,4,5,3,True,4qplus_apto,91.39
895045810,Apartamento,Rua Bernardo dos Santos,Jardim Olympia,9000,11265,134,4,4,2,False,4qplus_apto,67.16
895578894,Apartamento,Avenida Dona Helena Pereira de Moraes,Parque do Morumbi,10000,13043,190,4,5,3,False,4qplus_apto,52.63
892908804,Apartamento,Avenida Giovanni Gronchi,Vila Andrade,10120,20932,675,4,6,4,False,4qplus_apto,14.99
895465918,Apartamento,Rua Loefgren,Vila Clementino,9900,13018,118,4,5,3,True,4qplus_apto,83.9
894884792,Apartamento,Rua Doutor José Carlos de Toledo Piza,Vila Andrade,4200,8842,340,4,4,5,True,4qplus_apto,12.35
895516840,Apartamento,Avenida Santo Amaro,Chácara Santo Antônio (Zona Sul),4800,7169,150,4,4,1,True,4qplus_apto,32.0
895180638,Apartamento,Rua Visconde de Parnaíba,Brás,9200,11990,214,5,5,3,False,4qplus_apto,42.99
895105864,Apartamento,Rua José Batista Pereira,Campo Belo,6500,10591,146,4,4,2,True,4qplus_apto,44.52
895390899,Apartamento,Rua Mário Augusto do Carmo,Jardim Avelino,11920,16280,289,4,5,4,True,4qplus_apto,41.25
895607262,Apartamento,Rua Alagoas,Higienópolis,5200,14150,195,4,5,3,True,4qplus_apto,26.67
893586877,Apartamento,Rua Quatá,Vila Olímpia,6100,8208,130,4,2,1,False,4qplus_apto,46.92
893003068,Apartamento,Rua Maranhão,Higienópolis,20000,23902,315,4,4,1,False,4qplus_apto,63.49
894137139,Apartamento,Rua Almeida Mercês,Tremembé,2920,6033,188,4,5,3,False,4qplus_apto,15.53
895425236,Apartamento,Rua Tutóia,Paraíso,14990,19743,165,4,3,2,True,4qplus_apto,90.85
893965398,Apartamento,Rua Doutor Tomás Carvalhal,Paraíso,15000,23204,374,4,6,4,True,4qplus_apto,40.11
893406208,Apartamento,Rua Francisco Pessoa,Vila Andrade,11250,15551,240,4,5,4,False,4qplus_apto,46.88
895512034,Apartamento,Rua dos Democratas,Vila Monte Alegre,7150,9993,168,4,4,2,False,4qplus_apto,42.56
894702511,Apartamento,Rua Canuto Abreu,Vila Regente Feijó,8290,16845,544,4,9,5,True,4qplus_apto,15.24
895486932,Apartamento,Praça João Correa Lemos,Vila Sao Vicente,4000,6954,136,4,3,3,False,4qplus_apto,29.41
894310153,Apartamento,Rua Martins Fontes,Consolação,8500,10728,279,4,3,1,True,4qplus_apto,30.47
894353623,Apartamento,Avenida José Galante,Vila Suzana,6500,17918,500,4,6,5,True,4qplus_apto,13.0
893413972,Apartamento,Rua Princesa Isabel,Brooklin Paulista,16440,23484,254,5,5,4,False,4qplus_apto,64.72
893647811,Apartamento,Rua dos Franceses,Morro dos Ingleses,4760,11114,256,4,4,3,False,4qplus_apto,18.59
892952746,Apartamento,Rua Dona Maria Pera,São Judas,8000,10896,167,4,4,3,False,4qplus_apto,47.9
893987060,Apartamento,Rua Harmonia,Sumarezinho,15000,19210,244,4,3,3,False,4qplus_apto,61.48
894708979,Apartamento,Avenida Giovanni Gronchi,Vila Andrade,8070,12060,200,4,3,3,True,4qplus_apto,40.35
893870177,Apartamento,Avenida Parada Pinto,Vila Nova Cachoeirinha,10875,11878,720,8,11,0,False,4qplus_apto,15.1
894083924,Apartamento,Rua Doutor James Ferraz Alvim,Itaim Bibi,12000,17427,818,4,6,6,False,4qplus_apto,14.67
895106753,Apartamento,Estrada Carlos Queiroz Telles,Jardim Fonte do Morumbi,14500,23336,364,4,3,4,False,4qplus_apto,39.84
895084097,Apartamento,Rua Itamatai,Vila Andrade,4200,7359,269,4,3,2,False,4qplus_apto,15.61
893201961,Apartamento,Rua Doutor Oscar Monteiro de Barros,Vila Suzana,15000,20379,290,4,5,5,True,4qplus_apto,51.72
893535083,Apartamento,Rua Frederico Guarinon,Jardim Ampliação,14000,18457,370,5,4,4,False,4qplus_apto,37.84
895446663,Apartamento,Avenida José Galante,Vila Suzana,8000,15438,370,4,5,4,True,4qplus_apto,21.62
893285015,Apartamento,Avenida Santa Inês,Parque Mandaqui,3500,7427,196,4,3,6,False,4qplus_apto,17.86
895490786,Apartamento,Rua Conselheiro Brotero,Santa Cecilia,10000,18236,246,4,5,4,True,4qplus_apto,40.65
895487390,Apartamento,Avenida Iraí,Moema,11000,16260,161,4,5,3,False,4qplus_apto,68.32
895461523,Apartamento,Rua Leôncio de Carvalho,Paraíso,12710,21344,296,4,3,3,False,4qplus_apto,42.94
893225753,Apartamento,Rua Ministro Alfredo Nasser,Caxingui,15000,17329,800,5,6,7,False,4qplus_apto,18.75
895114752,Apartamento,Rua Caiubi,Perdizes,24500,29610,405,4,6,4,True,4qplus_apto,60.49
895166322,Apartamento,Rua Deputado Laércio Corte,Vila Andrade,19000,32533,440,4,5,4,True,4qplus_apto,43.18
895161874,Apartamento,Rua Azevedo Soares,Tatuapé,7900,11030,150,4,5,3,True,4qplus_apto,52.67
895370372,Apartamento,Rua Senador Felício dos Santos,Liberdade,6150,7467,195,4,3,0,True,4qplus_apto,31.54
894196466,Apartamento,Avenida Açocê,Indianópolis,12000,26414,450,4,5,6,False,4qplus_apto,26.67
895452650,Apartamento,Rua Joaquim Antunes,Pinheiros,16000,24381,265,4,3,3,False,4qplus_apto,60.38
895520100,Apartamento,Rua Redenção,Belém,7000,11907,395,4,5,3,False,4qplus_apto,17.72
895154931,Apartamento,Avenida José Galante,Vila Andrade,6213,10802,300,4,4,4,True,4qplus_apto,20.71
893202775,Apartamento,Rua Algemesi,Vila Andrade,5280,11567,622,4,6,4,False,4qplus_apto,8.49
895313464,Apartamento,Rua Bahia 700 - Higienópolis São Paulo - Sp Brasil,Higienópolis,12000,19672,200,4,3,4,False,4qplus_apto,60.0
895406134,Apartamento,Rua Alcantarilla,Vila Andrade,3750,6400,130,4,3,4,True,4qplus_apto,28.85
895413623,Apartamento,Rua Mário Whately,Alto da Lapa,32000,38337,330,4,6,4,True,4qplus_apto,96.97
895036693,Apartamento,Rua Zacarias de Gois,Campo Belo,20000,26575,474,4,4,5,True,4qplus_apto,42.19
895396531,Apartamento,Rua Volta Redonda,Campo Belo,25000,41631,784,5,6,6,False,4qplus_apto,31.89
895420448,Apartamento,Avenida Portugal,Brooklin,11000,14809,135,4,4,4,True,4qplus_apto,81.48
895372927,Apartamento,Estrada Carlos Queiroz Telles,Jardim Fonte do Morumbi,12000,18346,260,4,6,4,False,4qplus_apto,46.15
895367497,Apartamento,Avenida Nove de Julho,Bela Vista,6200,8704,192,4,2,0,False,4qplus_apto,32.29
895129859,Apartamento,Avenida Quarto Centenário,Jardim Luzitania,25000,43314,365,5,6,6,False,4qplus_apto,68.49
893509586,Apartamento,Rua Barão de Campos Gerais,Real Parque,5300,17528,424,5,6,4,False,4qplus_apto,12.5
893457286,Apartamento,Rua Oscar Freire,Pinheiros,9000,12698,227,4,4,2,True,4qplus_apto,39.65
894122546,Apartamento,Rua Frederico Guarinon,Jardim Ampliação,5250,9934,320,6,6,5,True,4qplus_apto,16.41
894621542,Apartamento,Rua Ipê,Vila Clementino,35000,44017,300,4,5,4,False,4qplus_apto,116.67
893271358,Apartamento,Rua Pedroso Alvarenga,Itaim Bibi,7500,11518,130,4,2,1,False,4qplus_apto,57.69
895600064,Apartamento,Rua Doutor Guilherme Cristoffel,Santana,7890,12994,252,4,4,4,False,4qplus_apto,31.31
892849914,Apartamento,Rua Barão Campos Gerais,Real Parque,4900,8789,159,4,2,3,False,4qplus_apto,30.82
895531634,Apartamento,Rua Gaspar Fernandes,Vila Monumento,8100,11174,252,4,5,3,False,4qplus_apto,32.14
892845360,Apartamento,Rua Frederico Guarinon,Jardim Ampliação,4000,7154,220,4,3,2,False,4qplus_apto,18.18
895602736,Apartamento,Rua Manoel Antônio Pinto,Vila Suzana,3750,7349,175,5,5,3,False,4qplus_apto,21.43
895579368,Apartamento,Rua Apinajés,Sumaré,25900,29279,258,4,5,4,True,4qplus_apto,100.39
895583885,Apartamento,Rua Graúna,Vila Uberabinha,13000,17369,180,4,4,3,False,4qplus_apto,72.22
895523564,Apartamento,Rua José Oscar Abreu Sampaio,Jardim Analia Franco,13065,24281,396,4,6,5,False,4qplus_apto,32.99
895634395,Apartamento,Rua Otávio Tarquínio de Sousa,Campo Belo,10500,14335,192,5,4,2,True,4qplus_apto,54.69
895392459,Apartamento,Rua Itacema,Itaim Bibi,26000,30267,190,4,4,3,True,4qplus_apto,136.84
894993471,Apartamento,Rua Arapoca,Vila Formosa,6880,10053,189,4,5,3,False,4qplus_apto,36.4
893121530,Apartamento,Rua Maratona,Vila Alexandria,10000,15136,280,4,5,3,True,4qplus_apto,35.71
895079055,Apartamento,Rua Espírito Santo,Aclimação,12000,18588,600,6,7,3,False,4qplus_apto,20.0
895227518,Apartamento,Rua Labatut,Ipiranga,6002,8395,128,4,4,2,True,4qplus_apto,46.89
894733811,Apartamento,Rua Morais de Barros,Campo Belo,9500,13367,215,4,3,2,False,4qplus_apto,44.19
895330340,Apartamento,Rua Itapaiúna,Jardim Morumbi,17900,26636,290,4,6,4,True,4qplus_apto,61.72
894471909,Apartamento,Rua Maranhão,Higienópolis,17500,25197,250,4,5,3,True,4qplus_apto,70.0
893102794,Apartamento,Rua Dona Januária,Vila Regente Feijó,10500,14317,155,4,3,3,False,4qplus_apto,67.74
893149445,Apartamento,Rua Doutor José de Andrade Figueira,Vila Suzana,7900,11029,170,4,5,3,False,4qplus_apto,46.47
895459623,Apartamento,Rua Silva Correia,Vila Nova Conceição,20000,28603,161,4,3,3,False,4qplus_apto,124.22
893774683,Apartamento,Rua Bandeira Paulista,Itaim Bibi,7500,12978,174,4,3,2,False,4qplus_apto,43.1
895036308,Apartamento,Rua Gabriele D’annunzio,Campo Belo,22000,28638,288,4,5,4,True,4qplus_apto,76.39
895443099,Apartamento,Avenida Onze de Junho,Vila Clementino,14000,16700,127,4,4,2,True,4qplus_apto,110.24
895584561,Apartamento,Rua Brás Cardoso,Vila Nova Conceição,35000,44020,275,4,3,2,True,4qplus_apto,127.27
895447715,Apartamento,Rua Caconde,Jardim Paulista,16000,22036,181,4,3,3,True,4qplus_apto,88.4
895582443,Apartamento,Rua Itapaiúna,Jardim Morumbi,24000,32686,255,4,5,4,True,4qplus_apto,94.12
895428277,Apartamento,Estrada Carlos Queiroz Telles,Vila Andrade,8500,13937,238,4,6,4,True,4qplus_apto,35.71
895453124,Apartamento,Rua Aureliano Coutinho,Higienópolis,10400,18301,275,4,5,4,True,4qplus_apto,37.82
894350481,Apartamento,Rua Doutor Hélio Fidélis,Cidade São Francisco,5500,7324,108,4,3,2,False,4qplus_apto,50.93
895251710,Apartamento,Rua Domênico Perotti,Jardim Fonte do Morumbi,10000,18236,275,4,6,4,False,4qplus_apto,36.36
894631065,Apartamento,Rua Cipriano Barata,Ipiranga,19000,23148,200,4,5,3,True,4qplus_apto,95.0
894992402,Apartamento,Rua Monte Alegre,Perdizes,11500,15103,200,4,4,2,True,4qplus_apto,57.5
895439497,Apartamento,Rua Conde de Porto Alegre,Campo Belo,13000,18073,178,4,5,3,True,4qplus_apto,73.03
895278659,Apartamento,Rua Bela Cintra 1600 - Apto 11 - Consolação São Paulo - Sp Brasil,Consolação,20000,31772,280,4,5,3,True,4qplus_apto,71.43
894146293,Apartamento,Rua Itacolomi,Higienópolis,14000,17999,370,6,4,3,True,4qplus_apto,37.84
895121884,Apartamento,Rua Professor Alexandre Correia,Jardim Vitória Régia,15000,22279,320,5,4,4,True,4qplus_apto,46.88
895167477,Apartamento,Rua Aratãs,Sumaré,11550,14489,144,4,6,3,False,4qplus_apto,80.21
895605427,Apartamento,Rua Irineu Marinho,Santo Amaro,5000,8118,110,4,3,2,False,4qplus_apto,45.45
893337485,Apartamento,Rua Urbanizadora,Sumaré,9250,12280,167,4,4,2,False,4qplus_apto,55.39
892806785,Apartamento,Alameda Anapurus,Indianópolis,8080,13087,140,4,3,2,True,4qplus_apto,57.71
894090966,Apartamento,Rua Mateus Grou,Pinheiros,5500,7741,142,4,3,1,False,4qplus_apto,38.73
895532245,Apartamento,Rua Professor José Leite E Oiticica,Vila Gertrudes,11450,14382,147,4,5,2,True,4qplus_apto,77.89
894361492,Apartamento,Rua Tupi,Santa Cecília,17550,29347,312,4,4,4,True,4qplus_apto,56.25
895350713,Apartamento,Rua Antônio Carlos,Consolação,17460,25134,455,4,3,3,True,4qplus_apto,38.37
895509858,Apartamento,Rua Mário Amaral,Paraíso,13000,19651,150,4,4,3,True,4qplus_apto,86.67
895342098,Apartamento,Rua Professor Filadelfo Azevedo,Vila Nova Conceição,25000,33564,212,4,4,4,True,4qplus_apto,117.92
893664139,Apartamento,Rua Charles Spencer Chaplin,Vila Andrade,4470,7701,180,4,4,3,False,4qplus_apto,24.83
895110678,Apartamento,Rua Pascal,Campo Belo,11000,15974,194,4,3,3,False,4qplus_apto,56.7
894793999,Apartamento,Rua Nello Bini,Jardim Analia Franco,11000,19541,234,4,5,4,False,4qplus_apto,47.01
894898147,Apartamento,Rua Iubatinga,Vila Andrade,10500,16308,289,4,4,4,False,4qplus_apto,36.33
894783022,Apartamento,Rua Doutor José de Andrade Figueira,Vila Andrade,13970,21051,876,5,5,5,False,4qplus_apto,15.95
894879661,Apartamento,Rua João Avelino Pinho Mellão,Fazenda Morumbi,3560,6998,269,4,4,3,False,4qplus_apto,13.23
894452328,Apartamento,Avenida Engenheiro Luiz Gomes Cardim Sangirardi,Vila Mariana,6350,10845,180,4,4,3,True,4qplus_apto,35.28
894859036,Apartamento,Avenida José Galante,Vila Suzana,6700,13641,367,4,5,4,False,4qplus_apto,18.26
895515863,Apartamento,Rua Engenheiro Jorge Oliva,Vila Mascote,15000,20237,250,4,4,6,False,4qplus_apto,60.0
895446625,Apartamento,Avenida Engenheiro Luís Gomes Cardim Sangirardi,Vila Mariana,13000,17305,198,4,5,3,True,4qplus_apto,65.66
895457097,Apartamento,Avenida Jurucê,Indianópolis,10000,14001,170,4,4,2,True,4qplus_apto,58.82
895475989,Apartamento,Rua da Meação,Jardim Analia Franco,6290,10333,180,4,4,3,False,4qplus_apto,34.94
893200999,Apartamento,Rua Cabrália,Vila Carrão,7500,12049,270,4,5,4,False,4qplus_apto,27.78
895090156,Apartamento,Rua Elizabeth Barbegian Baldinato,Vila Suzana,9995,14697,219,4,4,6,True,4qplus_apto,45.64
894540343,Apartamento,Rua Doutor James Ferraz Alvim,Vila Suzana,4400,7176,198,4,4,3,False,4qplus_apto,22.22
895140537,Apartamento,Rua Professor Pedreira de Freitas,Vila Gomes Cardim,8460,16171,400,4,6,4,False,4qplus_apto,21.15
893590507,Apartamento,Rua Eunice Weaver,Jardim Anália Franco,20000,24754,206,4,5,4,False,4qplus_apto,97.09
893434841,Apartamento,Rua Professor Alexandre Correia,Paraíso do Morumbi,10000,14726,200,4,4,4,False,4qplus_apto,50.0
895237440,Apartamento,Rua Leonardo Cerveira Varandas,Morumbi,6500,9449,127,4,4,2,True,4qplus_apto,51.18
893644123,Apartamento,Avenida Jurucê,Moema,12000,17263,220,4,3,3,False,4qplus_apto,54.55
895074985,Apartamento,Rua Ministro Gabriel de Rezende Passos,Indianópolis,31900,55831,335,4,6,6,True,4qplus_apto,95.22
894888137,Apartamento,Rua Paiaguás,Campo Belo,5023,10694,163,4,2,3,False,4qplus_apto,30.82
894023283,Apartamento,Praça General Gentil Falcão,Itaim Bibi,6800,9513,100,4,3,1,True,4qplus_apto,68.0
894753509,Apartamento,Rua David Gebara,Morumbi,20000,26189,330,4,6,6,False,4qplus_apto,60.61
893496795,Apartamento,Rua Ascencional,Jardim Ampliacao,4200,7946,230,4,4,4,False,4qplus_apto,18.26
895184729,Apartamento,Rua Carlos Weber,Vila Leopoldina,16000,22334,315,5,4,3,False,4qplus_apto,50.79
893025515,Apartamento,Rua Álvaro Luís Roberto de Assumpção,Campo Belo,21100,34248,410,4,5,5,False,4qplus_apto,51.46
895219794,Apartamento,Rua Édison,Campo Belo,10900,16021,285,4,4,4,False,4qplus_apto,38.25
895269433,Apartamento,Rua Eleonora Cintra,Vila Regente Feijó,12000,18348,370,4,6,4,True,4qplus_apto,32.43
894318796,Apartamento,Rua Domingos Lopes da Silva,Vila Suzana,4850,8956,148,4,4,2,False,4qplus_apto,32.77
895609814,Apartamento,Rua Carlos Steinen,Paraíso,20000,25639,202,4,4,3,True,4qplus_apto,99.01
895622965,Apartamento,Rua Dionísio da Costa,Vila Mariana,30000,37773,265,4,6,4,True,4qplus_apto,113.21
895472955,Apartamento,Rua Jupuruchita,Alto da Mooca,15000,17338,139,4,5,2,False,4qplus_apto,107.91
895031702,Apartamento,Avenida Engenheiro Luís Gomes Cardim Sangirardi,Vila Mariana,13500,17825,176,4,3,3,True,4qplus_apto,76.7
895031034,Apartamento,Rua José Maria Lisboa,Cidade Monções,25000,35434,469,5,6,4,True,4qplus_apto,53.3
895400498,Apartamento,Rua Nelson Gama de Oliveira,Vila Andrade,4100,7550,159,4,3,2,False,4qplus_apto,25.79
893517134,Apartamento,Rua Viradouro,Itaim Bibi,12800,14499,144,4,4,2,False,4qplus_apto,88.89
895432499,Apartamento,Rua Corgie Assad Abdalla,Vila Sonia,4010,7491,130,5,5,3,False,4qplus_apto,30.85
895074942,Apartamento,Rua Volta Redonda,Campo Belo,12000,21063,226,4,6,4,True,4qplus_apto,53.1
895344382,Apartamento,Rua Miguel Antônio Flangini,Jardim Avelino,6200,9408,130,4,4,3,True,4qplus_apto,47.69
894691286,Apartamento,Rua José Carlos de Toledo Piza,Jardim Parque Morumbi,2360,5655,250,4,5,3,False,4qplus_apto,9.44
894451305,Apartamento,Rua Agente Gomes,Jardim São Paulo(zona Norte),5705,8116,160,4,4,3,True,4qplus_apto,35.66
893558610,Apartamento,Rua José Oscar de Abreu Sampaio,Jardim Analia Franco,15000,23898,600,4,6,5,False,4qplus_apto,25.0
893411908,Apartamento,Rua Flórida,Cidade Monções,30000,35358,220,4,6,3,False,4qplus_apto,136.36
892793293,Apartamento,Rua Américo Alves Pereira Filho,Vila Morumbi,12500,18682,367,4,4,3,True,4qplus_apto,34.06
894506565,Apartamento,Rua Maranhão,Higienópolis,18750,23823,250,4,6,1,False,4qplus_apto,75.0
893459272,Apartamento,Rua Joaquim Pereira Pinto,Jardim Avelino,5200,9484,275,4,5,4,False,4qplus_apto,18.91
893679334,Apartamento,Rua Frederico Guarinon,Jardim Ampliação,3500,8105,296,4,3,3,False,4qplus_apto,11.82
895644882,Apartamento,Rua Diego de Castilho,Jardim Fonte do Morumbi,12050,17135,286,4,4,1,True,4qplus_apto,42.13
895007836,Apartamento,Rua Euclides Pacheco,Vila Gomes Cardim,7425,14759,244,4,2,3,False,4qplus_apto,30.43
893946484,Apartamento,Rua Oscar Caravelas,Sumarezinho,12000,15863,145,4,4,3,False,4qplus_apto,82.76
894973527,Apartamento,Rua Itapaiúna,Parque do Morumbi,16000,20809,207,4,6,3,True,4qplus_apto,77.29
893570438,Apartamento,Rua Teixeira da Silva,Paraíso,10000,13672,164,4,3,3,False,4qplus_apto,60.98
894399893,Apartamento,Rua Pamplona,Jardim Paulista,15000,24108,300,4,3,3,True,4qplus_apto,50.0
892803389,Apartamento,Alameda Anapurus,Indianópolis,15000,20863,200,4,4,3,False,4qplus_apto,75.0
895324819,Apartamento,Rua Caraíbas,Perdizes,16000,21117,250,4,5,0,True,4qplus_apto,64.0
893056055,Apartamento,Rua Deputado Laércio Corte,Paraíso do Morumbi,7000,14231,360,4,6,4,False,4qplus_apto,19.44
894960670,Apartamento,Rua Antônio de Macedo Soares,Campo Belo,18000,28262,220,4,4,4,False,4qplus_apto,81.82
895315679,Apartamento,Rua Doutor Oscar Monteiro de Barros,Vila Suzana,3450,7771,156,4,5,3,True,4qplus_apto,22.12
895480973,Apartamento,Rua Deputado Laércio Corte,Paraíso do Morumbi,16000,20317,250,4,4,4,False,4qplus_apto,64.0
895471638,Apartamento,Rua Fábia,Vila Romana,16000,20567,175,4,5,3,True,4qplus_apto,91.43
895527570,Apartamento,Avenida Iraí,Moema,8500,13240,168,4,4,3,False,4qplus_apto,50.6
894662960,Apartamento,Rua Hungria,Jardim Europa,15000,19271,198,4,4,3,True,4qplus_apto,75.76
892844926,Apartamento,Rua José da Silva Ribeiro,Vila Andrade,6590,10901,212,4,5,3,False,4qplus_apto,31.08
895115562,Apartamento,Rua Vitor Costa,Bosque da Saúde,9250,20950,560,4,7,4,True,4qplus_apto,16.52
894656260,Apartamento,Avenida Giovanni Gronchi,Vila Andrade,3900,14580,637,4,5,4,False,4qplus_apto,6.12
895271095,Apartamento,Rua Marechal Deodoro,Santo Amaro,15000,19113,240,4,2,0,False,4qplus_apto,62.5
895555774,Apartamento,Alameda dos Tupiniquins,Planalto Paulista,12650,20138,237,4,3,4,True,4qplus_apto,53.38
895428159,Apartamento,Rua Ocrísia,City América,12100,14267,242,4,3,2,False,4qplus_apto,50.0
895391298,Apartamento,Rua Dardanelos,Alto de Pinheiros,15000,21979,250,4,5,5,True,4qplus_apto,60.0
894636659,Apartamento,Rua Cajaíba,Pompeia,10500,15957,270,4,4,4,True,4qplus_apto,38.89
895475944,Apartamento,Rua Inhambu,Vila Uberabinha,10700,16263,189,4,3,2,False,4qplus_apto,56.61
894795326,Apartamento,Rua Euclides Pacheco,Tatuapé,8250,14968,236,4,5,4,False,4qplus_apto,34.96
892903224,Apartamento,Rua José Batista Pereira,Campo Belo,12000,16413,208,4,5,3,False,4qplus_apto,57.69
894125332,Apartamento,Rua Costa Carvalho,Pinheiros,11250,20434,246,4,6,3,False,4qplus_apto,45.73
894687332,Apartamento,Rua São Benedito,Santo Amaro,6475,10063,173,4,2,3,True,4qplus_apto,37.43
892856967,Apartamento,Rua Doutor José Gustavo Bush,Paraíso do Morumbi,10290,16522,260,4,4,4,True,4qplus_apto,39.58
895563836,Apartamento,Rua Cisplatina,Ipiranga,17000,22206,240,4,5,3,True,4qplus_apto,70.83
895633608,Apartamento,Rua Capote Valente,Pinheiros,20000,23864,170,4,5,2,True,4qplus_apto,117.65
895606781,Apartamento,Avenida Aratãs,Indianópolis,9500,12652,144,4,5,3,True,4qplus_apto,65.97
893033664,Apartamento,Rua Professor José Horácio Meirelles Teixeira,Vila Suzana,5500,8762,161,4,4,3,False,4qplus_apto,34.16
893139284,Apartamento,Rua Vitorino Carmilo,Barra Funda,13000,18213,500,5,5,2,False,4qplus_apto,26.0
895408051,Apartamento,Rua Volta Redonda,Campo Belo,12000,17463,280,4,5,3,True,4qplus_apto,42.86
894971143,Apartamento,Rua Marechal Edgar de Oliveira,Butantã,14500,17466,323,4,3,4,False,4qplus_apto,44.89
895614548,Apartamento,Rua Judith Passald Esteves,Vila Sonia,3400,4589,90,4,3,1,False,4qplus_apto,37.78
895550356,Apartamento,Avenida Jamaris,Planalto Paulista,11500,14183,103,4,3,3,False,4qplus_apto,111.65
894967833,Apartamento,Rua Joel Jorge de Melo,Vila Mariana,18500,25414,208,4,4,4,False,4qplus_apto,88.94
894708462,Apartamento,Rua Madre de Deus,Alto da Mooca,18750,22923,320,4,6,4,False,4qplus_apto,58.59
894244859,Apartamento,Rua Batataes,Jardim Paulista,12400,19594,209,4,4,3,False,4qplus_apto,59.33
894820008,Apartamento,Rua Traipu,Pacaembu,11900,22159,300,4,6,4,False,4qplus_apto,39.67
893996539,Apartamento,Rua Palestina,Vila Mascote,25000,28036,135,4,5,3,True,4qplus_apto,185.19
892846698,Apartamento,Rua Major José Marioto Ferreira,Paraisópolis,2930,6627,240,4,4,3,True,4qplus_apto,12.21
893171926,Apartamento,Rua do Estilo Barroco,Ch. Santo Antônio,8000,12709,245,5,5,4,True,4qplus_apto,32.65
893412820,Apartamento,Avenida José Galante,Vila Suzana,12200,22632,480,4,5,4,False,4qplus_apto,25.42
894955673,Apartamento,Rua Deputado Laércio Corte,Paraíso do Morumbi,6000,13216,288,4,7,4,False,4qplus_apto,20.83
894925467,Apartamento,Rua Tabajaras,Mooca,15523,18622,265,4,5,3,False,4qplus_apto,58.58
894999421,Apartamento,Rua Itapaiúna,Jardim Morumbi,21880,27759,242,4,6,4,False,4qplus_apto,90.41
894493746,Apartamento,Rua Raimundo Simão de Souza,Vila Suzana,14900,19110,238,4,6,4,False,4qplus_apto,62.61
895118368,Apartamento,Rua José Jannarelli,Vila Progredior,34000,49858,541,4,6,6,True,4qplus_apto,62.85
894013123,Apartamento,Rua Apinajés,Perdizes,10700,17377,242,4,5,3,False,4qplus_apto,44.21
893930952,Apartamento,Rua Antônio Júlio dos Santos,Fazenda Morumbi,8437,11629,383,4,3,5,False,4qplus_apto,22.03
895020927,Apartamento,Rua Mário Augusto do Carmo,Jardim Avelino,13060,17198,290,4,5,4,True,4qplus_apto,45.03
895070818,Apartamento,Rua Euclides Pacheco,Vila Gomes Cardim,12000,19755,244,4,3,3,True,4qplus_apto,49.18
893772019,Apartamento,Rua Doutor Homem de Melo,Perdizes,8500,12241,208,4,3,1,True,4qplus_apto,40.87
894378270,Apartamento,Avenida Santa Inês,Parque Mandaqui,4500,10758,264,4,6,4,False,4qplus_apto,17.05
893560839,Apartamento,Avenida Doutor Orêncio Vidigal,Vila Carlos de Campos,3270,3997,80,4,2,1,False,4qplus_apto,40.88
893785539,Apartamento,Rua Antônio de Souza Campos,Vila Matilde,9200,12198,167,4,4,3,True,4qplus_apto,55.09
893418840,Apartamento,Rua Abílio Soares,Paraíso,4080,6261,110,4,3,1,False,4qplus_apto,37.09
892854762,Apartamento,Rua Luiz dos Santos Cabral,Vila Regente Feijó,12000,18813,600,4,7,3,False,4qplus_apto,20.0
893110780,Apartamento,Rua Cardeal Arcoverde,Pinheiros,6000,7191,132,6,2,0,True,4qplus_apto,45.45
893069605,Apartamento,Rua Bartira,Perdizes,12375,17069,250,4,4,2,False,4qplus_apto,49.5
893062742,Apartamento,Rua Cajaíba,Vila Pompéia,14500,18493,540,4,6,4,False,4qplus_apto,26.85
895212608,Apartamento,Rua Américo Alves Pereira Filho,Vila Morumbi,7200,13317,227,4,4,4,False,4qplus_apto,31.72
894415648,Apartamento,Rua Itapicuru,Perdizes,12000,16662,312,4,4,1,True,4qplus_apto,38.46
893180394,Apartamento,Rua Senador Cesar Lacerda Vergueiro,Sumarezinho,6980,9962,126,4,4,2,False,4qplus_apto,55.4
895520614,Apartamento,Rua Paracuê,Perdizes,7500,12939,155,4,4,2,False,4qplus_apto,48.39
892879258,Apartamento,Rua Iupeba,Jardim Ampliação,9300,16384,352,4,5,4,False,4qplus_apto,26.42
895163288,Apartamento,Rua Joaquim Guarani,Jardim das Acacias,12000,14685,117,4,5,2,False,4qplus_apto,102.56
894101608,Apartamento,Rua Francisco Soledade,Parque da Mooca,7500,12324,242,5,5,4,False,4qplus_apto,30.99
892890534,Apartamento,Avenida Giovanni Gronchi,Vila Andrade,2600,6929,180,4,3,4,False,4qplus_apto,14.44
894930954,Apartamento,Rua Marcus Pereira,Vila Suzana,6700,10268,210,4,4,3,True,4qplus_apto,31.9
894494032,Apartamento,Rua Oagy Kalile,Jardim Vitoria Regia,7200,12904,259,5,5,4,False,4qplus_apto,27.8
895202288,Apartamento,Avenida Divino Salvador,Planalto Paulista,18000,26402,248,4,6,4,True,4qplus_apto,72.58
895467768,Apartamento,Rua Manuel Jacinto,Vila Morse,12890,17621,343,4,4,4,False,4qplus_apto,37.58
894855711,Apartamento,Rua Bela Cintra,Consolação,8200,10249,136,4,3,1,True,4qplus_apto,60.29
895515448,Apartamento,Rua Loreto,Jardim da Saúde,5500,8454,126,4,5,3,False,4qplus_apto,43.65
895013048,Apartamento,Rua Ouro Branco,Jardim Paulista,22138,29270,195,4,4,3,True,4qplus_apto,113.53
895431383,Apartamento,Rua José Gonçalves,Vila Andrade,3500,5895,117,4,2,2,True,4qplus_apto,29.91
895101341,Apartamento,Rua Doutor James Ferraz Alvim,Vila Suzana,8900,15493,350,4,3,4,False,4qplus_apto,25.43
895417723,Apartamento,Avenida Jandira,Indianópolis,14000,19940,120,4,2,2,False,4qplus_apto,116.67
895299525,Apartamento,Avenida do Guacá,Lauzane Paulista,9560,13275,235,4,4,3,False,4qplus_apto,40.68
893189934,Apartamento,Rua Professor Pedreira de Freitas,Tatuapé,7000,13936,600,4,5,3,True,4qplus_apto,11.67
895433961,Apartamento,Rua Pierre Curie,Jardim da Saúde,11100,13828,279,5,5,6,False,4qplus_apto,39.78
895033665,Apartamento,Avenida Chibarás,Planalto Paulista,35000,48450,700,4,9,6,True,4qplus_apto,50.0
893940918,Apartamento,Rua Desembargador Ferreira França,Alto de Pinheiros,7500,10466,120,4,3,2,False,4qplus_apto,62.5
893206044,Apartamento,Rua Ibitirama,Vila Prudente,3500,4603,77,4,2,2,False,4qplus_apto,45.45
894499194,Apartamento,Rua Doutor Guilherme Cristofel,Santana,8500,17420,450,6,7,6,False,4qplus_apto,18.89
892827650,Apartamento,Rua Itapimirum,Vila Andrade,7100,11373,210,4,5,4,False,4qplus_apto,33.81
893826111,Apartamento,Rua David Ben Gurion,Jardim Monte Kemel,8130,11994,198,4,4,4,False,4qplus_apto,41.06
895171179,Apartamento,Rua João Avelino Pinho Mellão,Fazenda Morumbi,2500,6193,144,4,3,4,False,4qplus_apto,17.36
895481181,Apartamento,Rua Sampaio Viana,Paraíso,12960,20594,240,4,3,3,False,4qplus_apto,54.0
895637095,Apartamento,Rua Doutor James Ferraz Alvim,Vila Suzana,16000,22451,340,4,6,5,True,4qplus_apto,47.06
893513371,Apartamento,Avenida Giovanni Gronchi,Vila Andrade,8000,11009,300,4,4,4,False,4qplus_apto,26.67
894466685,Apartamento,Rua Apa,Campos Elíseos,3110,4139,115,4,2,0,False,4qplus_apto,27.04
894209776,Apartamento,Rua Luiz Seráphico Júnior,Jardim Caravelas,10260,12517,138,4,3,2,False,4qplus_apto,74.35
894776058,Apartamento,Rua Dom Paulo Pedrosa,Real Parque,15000,23679,350,4,5,4,False,4qplus_apto,42.86
895560114,Apartamento,Rua Acuruí,Vila Regente Feijó,6000,10162,165,4,4,3,True,4qplus_apto,36.36
893326881,Apartamento,Rua Alcantarilla,Vila Andrade,15500,20613,197,4,4,3,False,4qplus_apto,78.68
895488970,Apartamento,Rua José Tavares Siqueira,Parque São Jorge,3800,5018,100,4,3,1,False,4qplus_apto,38.0
892969268,Apartamento,Rua Cayowaá,Perdizes,5630,10897,170,4,3,3,True,4qplus_apto,33.12
894250761,Apartamento,Rua Agostinho Lattari,Vila Prudente,7000,12270,260,4,5,4,True,4qplus_apto,26.92
894687333,Apartamento,Rua Algemesi,Vila Andrade,2850,11974,299,6,6,4,True,4qplus_apto,9.53
894930846,Apartamento,Rua Ascencional,Vila Morumbi,4500,8474,230,4,4,4,False,4qplus_apto,19.57
895042813,Apartamento,Avenida Giovanni Gronchi,Vila Andrade,2500,15156,637,4,4,4,False,4qplus_apto,3.92
893130468,Apartamento,Rua Piracuama,Perdizes,12000,17228,144,4,4,2,False,4qplus_apto,83.33
895191278,Apartamento,Rua Bela Cintra,Consolação,4950,7621,180,4,3,0,False,4qplus_apto,27.5
892894760,Apartamento,Rua Desembargador do Vale,Perdizes,12000,15744,130,4,3,3,False,4qplus_apto,92.31
895455368,Apartamento,Rua Silva Correia,Vila Nova Conceição,20000,26984,161,4,2,3,True,4qplus_apto,124.22
895428392,Apartamento,Rua Itapaiúna,Panamby,27500,39716,400,4,6,4,True,4qplus_apto,68.75
893357469,Apartamento,Rua David Gebara,Vila Suzana,12500,19924,692,4,6,4,False,4qplus_apto,18.06
893697402,Apartamento,Rua Doutor Renato Paes de Barros,Itaim Bibi,18000,22317,220,4,5,3,True,4qplus_apto,81.82
895370068,Apartamento,Avenida Engenheiro Luís Gomes Cardim Sangirardi,Vila Mariana,6500,11151,187,4,3,3,True,4qplus_apto,34.76
893493702,Apartamento,Rua Itapicuru,Perdizes,11250,18609,260,4,5,3,False,4qplus_apto,43.27
895605007,Apartamento,Rua Voltaire,Vila Mariana,13000,16314,165,4,5,3,True,4qplus_apto,78.79
895095581,Apartamento,Rua Itapaiúna,Jardim Morumbi,25000,38071,400,4,6,5,True,4qplus_apto,62.5
895470725,Apartamento,Avenida Onze de Junho,Vila Clementino,5800,8524,105,4,3,2,True,4qplus_apto,55.24
895612316,Apartamento,Rua Boa Esperança,Chácara Santo Antônio (zona Leste),15000,18924,171,4,3,3,False,4qplus_apto,87.72
895001470,Apartamento,Rua Treze de Maio,Bela Vista,22000,27415,450,6,5,2,False,4qplus_apto,48.89
895131114,Apartamento,Rua do Estilo Barroco,Chácara Santo Antônio,25000,30438,300,4,6,4,False,4qplus_apto,83.33
895377018,Apartamento,Avenida Jamaris,Planalto Paulista,11500,13842,104,4,4,3,True,4qplus_apto,110.58
895528173,Apartamento,Rua Califórnia,Cidade Monções,15900,24013,288,4,4,3,True,4qplus_apto,55.21
893792844,Apartamento,Avenida Giovanni Gronchi,Vila Andrade,4100,7881,185,4,4,3,False,4qplus_apto,22.16
892768465,Apartamento,Avenida Rouxinol,Indianópolis,10800,16362,210,4,4,2,True,4qplus_apto,51.43
893066046,Apartamento,Rua São Nicásio,Alto da Mooca,6500,12179,475,4,6,4,True,4qplus_apto,13.68
895621950,Apartamento,Avenida Ibijaú,Indianópolis,19000,26783,360,4,7,3,True,4qplus_apto,52.78
892920283,Apartamento,Rua Monte Alegre,Perdizes,9200,15778,230,4,6,4,False,4qplus_apto,40.0
895489749,Apartamento,Rua Itapaiúna,Jardim Morumbi,30000,42313,400,4,6,5,True,4qplus_apto,75.0
895012656,Apartamento,Rua Deputado Laércio Corte,Vila Andrade,16850,26881,373,5,4,5,False,4qplus_apto,45.17
895450668,Apartamento,Avenida Piassanguaba,Planalto Paulista,4600,5353,85,5,2,0,True,4qplus_apto,54.12
895272780,Apartamento,Rua Engenheiro Bianor,Butantã,7000,13770,270,4,5,4,False,4qplus_apto,25.93
894772871,Apartamento,Rua Euclides Pacheco,Vila Gomes Cardim,3975,13462,200,4,5,3,False,4qplus_apto,19.88
894664335,Apartamento,Avenida José Galante,Vila Suzana,15000,19429,236,4,4,4,False,4qplus_apto,63.56
893447480,Apartamento,Rua Antônio Júlio dos Santos,Fazenda Morumbi,3000,6368,198,4,5,3,False,4qplus_apto,15.15
894868417,Apartamento,Rua José de Jesus,Vila Suzana,3329,7002,176,4,3,4,False,4qplus_apto,18.91
894936254,Apartamento,Rua José Lógulo,Mooca,24000,24926,750,5,2,5,True,4qplus_apto,32.0
894525939,Apartamento,Rua Bernardo Magalhães,Tatuapé,5520,5991,300,4,2,0,False,4qplus_apto,18.4
892823819,Apartamento,Rua Iubatinga,Vila Andrade,2700,9503,250,4,4,4,False,4qplus_apto,10.8
895479394,Apartamento,Rua do Símbolo,Jardim Ampliacao,5000,7456,120,4,2,3,False,4qplus_apto,41.67
893577949,Apartamento,Alameda Fernão Cardim,Jardim Paulista,13000,17402,303,4,5,3,False,4qplus_apto,42.9
892810139,Apartamento,Rua Professor Alexandre Correia,Jardim Vitória Régia,10000,14236,196,4,3,4,False,4qplus_apto,51.02
895090823,Apartamento,Rua Manuel da Nóbrega,Paraíso,25000,31214,264,4,2,2,True,4qplus_apto,94.7
895104773,Apartamento,Rua João Batista Mendo,Jardim Avelino,3310,9471,257,4,5,4,False,4qplus_apto,12.88
895022074,Apartamento,Rua Peixoto Gomide,Jardim Paulista,15000,24088,288,4,5,3,False,4qplus_apto,52.08
894769443,Apartamento,Rua Maranhão,Higienópolis,13000,19701,337,4,6,1,False,4qplus_apto,38.58
892792169,Apartamento,Rua Urbanizadora,Sumaré,18900,24363,320,4,5,4,False,4qplus_apto,59.06
895465517,Apartamento,Rua Platina,Vila Gomes Cardim,5000,8880,143,4,2,2,False,4qplus_apto,34.97
895458689,Apartamento,Rua Doutor João Batista Soares de Faria,Santana,8500,12454,179,4,4,4,False,4qplus_apto,47.49
895391234,Apartamento,R Itapaiuna,Vila Andrade,30000,43675,400,4,6,5,True,4qplus_apto,75.0
895207984,Apartamento,Rua Ocrísia,City América,8000,10317,152,4,4,3,False,4qplus_apto,52.63
895079856,Apartamento,Avenida Parada Pinto,Vila Nova Cachoeirinha,8000,12242,370,4,4,4,False,4qplus_apto,21.62
895594858,Apartamento,Rua Antônio Júlio dos Santos,Fazenda Morumbi,4500,6011,106,4,5,2,False,4qplus_apto,42.45
893353661,Apartamento,Rua Wanderley,Perdizes,6500,10017,160,4,3,2,False,4qplus_apto,40.62
895192178,Apartamento,Avenida Doutor Guilherme Dumont Vilares 2001 - Vila Andrade São Paulo - Sp Brasil,Vila Andrade,3900,6217,120,4,2,2,True,4qplus_apto,32.5
893461914,Apartamento,Rua Américo Alves Pereira Filho,Vila Morumbi,8000,11709,211,4,3,4,False,4qplus_apto,37.91
895637075,Apartamento,Rua Araquém,Vila Mascote,8600,11667,155,4,3,3,False,4qplus_apto,55.48
893451272,Apartamento,Avenida Nove de Julho,Jardim Paulista,12800,18294,260,4,4,2,False,4qplus_apto,49.23
895239768,Apartamento,Avenida Portugal,Cidade Monções,15650,19755,205,4,5,3,False,4qplus_apto,76.34
895254815,Apartamento,Rua Itapeti,Tatuapé,6900,10826,191,4,5,3,False,4qplus_apto,36.13
893056655,Apartamento,Rua dos Pinheiros,Pinheiros,5500,8208,120,4,2,1,False,4qplus_apto,45.83
895312545,Apartamento,Rua Nogueira Acioli,Jardim São Paulo,4716,7765,200,4,5,2,False,4qplus_apto,23.58
895414198,Apartamento,Avenida Nove de Julho,Bela Vista,10500,12066,200,4,3,1,True,4qplus_apto,52.5
895399480,Apartamento,R. Iuru 40 - Vila Andrade São Paulo - Sp 05716-120 Brasil,Vila Andrade,13150,18816,261,4,4,4,False,4qplus_apto,50.38
895389377,Apartamento,Rua Lourenço de Almeida,Vila Nova Conceição,25000,33564,212,4,5,4,True,4qplus_apto,117.92
895299960,Apartamento,Rua Serra de Botucatu,Vila Gomes Cardim,9000,13798,174,4,5,3,False,4qplus_apto,51.72
895391252,Apartamento,Rua Pedroso Alvarenga,Itaim Bibi,15000,22149,227,4,3,2,True,4qplus_apto,66.08
894730243,Apartamento,Rua Nogueira Acioli,Jardim São Paulo,9375,13880,519,5,5,2,False,4qplus_apto,18.06
895517785,Apartamento,Rua Doutor Luiz Migliano,Jardim Vazani,6500,8610,125,4,3,2,False,4qplus_apto,52.0
895304296,Apartamento,Rua Catarina Braida,Mooca,18000,2668817,178,4,5,3,True,4qplus_apto,101.12
895286426,Apartamento,Rua Mussumés,Vila Maria Alta,7475,9376,139,4,5,2,False,4qplus_apto,53.78
895330623,Apartamento,Rua Professor Filadelfo Azevedo,Vila Nova Conceição,25000,33564,212,4,6,4,True,4qplus_apto,117.92
893531505,Apartamento,Rua João Luís Vives,Jardim Vila Mariana,4000,13446,250,4,4,3,False,4qplus_apto,16.0
893682274,Apartamento,Rua Doutor Guilherme Cristoffel,Santana,8900,14593,496,4,4,4,True,4qplus_apto,17.94
894994669,Apartamento,Rua Barão de Iguape,Liberdade,3200,3773,76,4,2,0,False,4qplus_apto,42.11
895608530,Apartamento,Rua Doutor Albuquerque Lins,Santa Cecilia,9000,13572,250,4,4,2,False,4qplus_apto,36.0
893348213,Apartamento,Avenida Paes de Barros,Mooca,4160,8673,327,5,4,2,False,4qplus_apto,12.72
894651495,Apartamento,Rua Pedro Nolasco da Cunha,Jardim Avelino,6588,10069,197,4,5,3,True,4qplus_apto,33.44
895283594,Apartamento,Rua Deputado João Sussumu Hirata,Vila Andrade,5800,10068,196,4,5,3,True,4qplus_apto,29.59
895101846,Apartamento,Avenida Montemagno,Vila Formosa,6500,8650,124,4,3,2,False,4qplus_apto,52.42
894528660,Apartamento,Rua Fernandes Moreira,Chácara Santo Antônio (zona Sul),7000,9209,104,4,2,2,False,4qplus_apto,67.31
894231011,Apartamento,Rua Caraíbas,Pompeia,7000,8495,134,4,3,1,True,4qplus_apto,52.24
895272757,Apartamento,Rua Fábia,Vila Romana,25000,31178,316,4,4,1,False,4qplus_apto,79.11
895595175,Apartamento,Rua Itapaiúna,Jardim Morumbi,11400,15400,152,4,4,3,True,4qplus_apto,75.0
895619184,Apartamento,Rua Raimundo Simão de Souza,Vila Suzana,19800,23774,238,4,5,3,True,4qplus_apto,83.19
895446617,Apartamento,Rua Haddock Lobo,Consolação,8500,11888,128,4,3,1,True,4qplus_apto,66.41
894279445,Apartamento,Rua Haddock Lobo,Cerqueira César,6500,11659,148,4,3,2,False,4qplus_apto,43.92
893188048,Apartamento,Rua Adalívia de Toledo,Paineiras do Morumbi,9000,15755,250,4,5,0,False,4qplus_apto,36.0
894517314,Apartamento,Rua Leonardo Cerveira Varandas,Paraíso do Morumbi,12000,15851,128,4,3,2,True,4qplus_apto,93.75
895599751,Apartamento,Rua Alves Guimarães,Pinheiros,18000,22283,163,4,3,3,False,4qplus_apto,110.43
895313768,Apartamento,Rua Nebraska,Brooklin,12320,20095,210,4,4,4,False,4qplus_apto,58.67
895290574,Apartamento,Rua Professor Lúcio Martins Rodrigues,Vila Sonia,7500,11496,185,5,6,3,False,4qplus_apto,40.54
895515715,Apartamento,Rua Gabriele D’annunzio,Campo Belo,30000,35994,228,4,5,4,True,4qplus_apto,131.58
895318331,Apartamento,Rua Dona Luiza Tolle,Santana,25000,28914,263,4,6,6,True,4qplus_apto,95.06
894731694,Apartamento,Rua Santa Gertrudes,Chácara Santo Antônio (zona Leste),13500,15571,139,4,4,2,False,4qplus_apto,97.12
895490804,Apartamento,Rua Padre João Manuel,Jardim Paulista,26000,37542,250,4,5,2,True,4qplus_apto,104.0
895403719,Apartamento,Avenida Jamaris,Planalto Paulista,14800,18822,368,4,3,3,True,4qplus_apto,40.22
895168549,Apartamento,Rua José Maria Lisboa,Jardim Paulista,5000,6990,108,4,3,1,False,4qplus_apto,46.3
895448279,Apartamento,Rua Santa Elvira,Parque São Jorge,15000,17949,180,4,4,3,True,4qplus_apto,83.33
895416813,Apartamento,Rua Doutor Melo Alves,Cerqueira César,25000,34564,240,4,4,2,True,4qplus_apto,104.17
895565184,Apartamento,Avenida Bosque da Saúde,Vila da Saúde,9460,12181,183,4,2,4,True,4qplus_apto,51.69
895090572,Apartamento,Rua Engenheiro Edgar Egídio de Sousa,Higienópolis,17000,28495,344,4,6,5,False,4qplus_apto,49.42
895271966,Apartamento,Rua Doutor Cândido Espinheira,Perdizes,19000,26842,297,4,5,5,False,4qplus_apto,63.97
895156864,Apartamento,Rua Padre Carvalho,Pinheiros,14500,18743,165,4,3,2,True,4qplus_apto,87.88
895455938,Apartamento,R. Itacolomi 538 - Consolação São Paulo - Sp 01239-020 Brasil,Consolação,30000,37358,330,5,6,2,True,4qplus_apto,90.91
894691935,Apartamento,Rua Itapeti,Tatuapé,5300,10323,165,4,4,3,False,4qplus_apto,32.12
894769197,Apartamento,Alameda dos Aicás,Indianópolis,10560,15801,210,5,5,4,False,4qplus_apto,50.29
894773291,Apartamento,Rua Doutor Oscar Monteiro de Barros,Vila Suzana,10000,12886,191,4,5,3,True,4qplus_apto,52.36
894744984,Apartamento,Rua Arapoca,Vila Formosa,7000,11687,184,4,5,3,True,4qplus_apto,38.04
893045180,Apartamento,Rua Pierre Curie,Jardim da Saúde,11100,13928,279,5,5,6,True,4qplus_apto,39.78
894766553,Apartamento,Rua Tabapuã,Itaim Bibi,25000,29614,237,5,4,2,False,4qplus_apto,105.49
895253783,Apartamento,Rua Canuto Abreu,Vila Regente Feijó,8900,16139,295,4,6,4,False,4qplus_apto,30.17
895433678,Apartamento,Rua Conde de Porto Alegre,Campo Belo,12000,18293,178,4,4,4,False,4qplus_apto,67.42
895434511,Apartamento,Rua Pascal,Campo Belo,10500,15614,321,4,5,3,False,4qplus_apto,32.71
895438683,Apartamento,Rua Bueno Brandão,Vila Nova Conceição,10800,13514,100,4,2,1,False,4qplus_apto,108.0
895474583,Apartamento,Alameda dos Anapurus,Indianópolis,5900,9994,130,4,2,2,True,4qplus_apto,45.38
895467987,Apartamento,Rua Peruíbe,Jardim Paulista,5500,6726,95,4,1,0,False,4qplus_apto,57.89
894557304,Apartamento,Avenida Giovanni Gronchi,Vila Andrade,5000,11393,355,4,5,3,False,4qplus_apto,14.08
893322043,Apartamento,Rua Francisca Júlia,Santana,10000,15086,340,4,5,4,False,4qplus_apto,29.41
894923796,Apartamento,Avenida Professor Ascendino Reis,Ibirapuera,35000,41079,245,5,6,3,False,4qplus_apto,142.86
894449455,Apartamento,Rua João Batista Mendo,Jardim Avelino,5630,11192,238,4,5,4,False,4qplus_apto,23.66
893222063,Apartamento,Rua Aguapeí,Vila Santo Estevão,10000,19551,496,5,8,5,True,4qplus_apto,20.16
894440080,Apartamento,Rua dos Sorocabanos,Ipiranga,6000,8454,136,5,4,2,False,4qplus_apto,44.12
895071747,Apartamento,Avenida José Galante,Morumbi,22000,28573,425,4,7,4,False,4qplus_apto,51.76
895010851,Apartamento,Avenida Jacutinga,Moema,15000,18785,160,4,3,2,True,4qplus_apto,93.75
894391964,Apartamento,Al. Joaquim Eugenio de Lima,Consolação,11250,18184,320,5,3,2,False,4qplus_apto,35.16
895193665,Apartamento,Rua Luís Dias,Itaim Bibi,19500,26753,294,4,3,3,False,4qplus_apto,66.33
892797694,Apartamento,Rua David Gebara,Vila Suzana,8900,15927,369,4,6,4,True,4qplus_apto,24.12
895062216,Apartamento,Rua Vitor Costa,Bosque da Saúde,12250,20217,560,4,5,5,True,4qplus_apto,21.88
895262684,Apartamento,Rua Doutor Franco da Rocha,Perdizes,7670,12339,170,4,5,2,False,4qplus_apto,45.12
895172054,Apartamento,Rua Eleonora Cintra,Tatuapé,4500,9731,260,4,5,4,False,4qplus_apto,17.31
894079987,Apartamento,Rua Percílio Neto,Vila Gumercindo,9500,12417,137,4,5,3,False,4qplus_apto,69.34
895073796,Apartamento,Rua Paraguaçu,Perdizes,25000,33548,267,4,6,5,True,4qplus_apto,93.63
893963289,Apartamento,Rua Capitão Alberto Mendes Júnior,Água Fria,10000,13961,219,4,4,4,False,4qplus_apto,45.66
895298374,Apartamento,Rua Doutor José de Andrade Figueira,Vila Andrade,13280,21991,877,5,4,8,False,4qplus_apto,15.14
895338462,Apartamento,Rua Mairinque,Vila Clementino,25000,29181,325,4,6,1,False,4qplus_apto,76.92
895383745,Apartamento,Rua Soror Angélica,Vila Ester (zona Norte),15000,27179,365,5,5,4,False,4qplus_apto,41.1
893204888,Apartamento,Rua Bartira,Perdizes,6770,10598,217,4,4,1,False,4qplus_apto,31.2
895627301,Apartamento,Alameda Ribeirão Preto,Bela Vista,6500,8618,130,4,3,0,False,4qplus_apto,50.0
895040324,Apartamento,Rua Vanderlei,Perdizes,14200,18074,180,4,5,3,False,4qplus_apto,78.89
895265316,Apartamento,Rua Américo Alves Pereira Filho,Vila Morumbi,8940,14148,227,4,3,4,False,4qplus_apto,39.38
894943647,Apartamento,Rua Cayowaá,Perdizes,24774,31632,236,4,5,4,True,4qplus_apto,104.97
894109741,Apartamento,Rua Tupanaci,Vila Gumercindo,9000,11557,201,4,2,2,False,4qplus_apto,44.78
894292242,Apartamento,Rua Frei Vicente do Salvador,Santana,7000,10766,190,4,3,5,False,4qplus_apto,36.84
893907381,Apartamento,Rua Bartira,Perdizes,5910,11638,114,4,4,3,False,4qplus_apto,51.84
894651675,Apartamento,Rua Jorge Americano,Alto da Lapa,20000,32382,366,4,7,6,False,4qplus_apto,54.64
892950103,Apartamento,Rua Barão Castro Lima,Real Parque,3600,16754,550,4,5,6,False,4qplus_apto,6.55
893492221,Apartamento,Rua Pascal,Campo Belo,15000,24529,350,4,5,5,False,4qplus_apto,42.86
895575001,Apartamento,Rua Teodoro Sampaio,Pinheiros,6900,9783,114,4,2,0,False,4qplus_apto,60.53
893035677,Apartamento,Rua Doutor Oscar Monteiro de Barros,Vila Suzana,7600,14967,450,4,4,4,False,4qplus_apto,16.89
892946883,Apartamento,Rua Constantino de Sousa,Campo Belo,7000,11427,173,4,3,2,False,4qplus_apto,40.46
895268120,Apartamento,Rua Doutor Luiz Migliano,Jardim Vazani,6000,7645,125,4,2,2,False,4qplus_apto,48.0
892899979,Apartamento,Rua Guarará,Jardim Paulista,7000,9889,120,4,2,2,False,4qplus_apto,58.33
892882137,Apartamento,Rua Prof Lúcio Martins Rodrigues,Vila Sônia,8000,12971,322,4,7,4,False,4qplus_apto,24.84
895538698,Apartamento,Rua Joel Jorge de Melo,Vila Mariana,20000,28258,270,4,3,4,False,4qplus_apto,74.07
895176541,Apartamento,Rua Antônio Aggio,Jardim Ampliacao,2500,5963,166,4,4,3,False,4qplus_apto,15.06
893429786,Apartamento,Rua Doutor Guilherme Cristofel,Santana,5790,11805,450,5,7,4,False,4qplus_apto,12.87
895357867,Apartamento,Rua Pelegrino,Jardim do Colegio (zona Norte),10000,11386,320,4,4,1,False,4qplus_apto,31.25
893489841,Apartamento,Rua C,Sacomã,4000,5404,88,4,2,2,False,4qplus_apto,45.45
892775951,Apartamento,Rua Arapa,Vila Mascote,5500,8096,130,4,2,3,False,4qplus_apto,42.31
895587654,Apartamento,Rua Bresser,Mooca,10000,11386,350,19,8,0,False,4qplus_apto,28.57
893228290,Apartamento,Rua Doutor Amando Franco Soares Caiuby,Parque Bairro Morumbi,4850,6943,150,4,3,2,False,4qplus_apto,32.33
895638943,Apartamento,Rua João Antônio de Oliveira,Mooca,7280,9398,125,4,4,2,True,4qplus_apto,58.24
895410408,Apartamento,Rua Nelson Gama de Oliveira,Vila Andrade,3890,7435,155,4,3,2,False,4qplus_apto,25.1
895144781,Apartamento,Rua Frederico Guarinon,Jardim Ampliacao,6600,9688,166,4,4,2,False,4qplus_apto,39.76
894551964,Apartamento,Rua Palestina,Vila Mascote,13000,16744,173,4,3,4,False,4qplus_apto,75.14
895506693,Apartamento,Estrada Carlos Queiroz Telles,Vila Andrade,25000,33250,368,4,5,6,True,4qplus_apto,67.93
895491348,Apartamento,Rua Bahia,Higienópolis,33000,49403,500,4,4,5,True,4qplus_apto,66.0
895601057,Apartamento,Rua Abílio Soares,Paraíso,18200,23702,210,4,4,2,True,4qplus_apto,86.67
892818931,Apartamento,Rua Carlos Sampaio,Bela Vista,4290,6349,138,4,2,1,False,4qplus_apto,31.09
895411334,Apartamento,Alameda dos Anapurus,Indianópolis,15000,22289,220,4,6,2,True,4qplus_apto,68.18
892963492,Apartamento,Rua Aimberê,Perdizes,20210,24915,260,4,5,5,True,4qplus_apto,77.73
892785383,Apartamento,Rua São Gil,Tatuapé,5128,9699,216,4,3,5,False,4qplus_apto,23.74
895610522,Apartamento,Rua Vieira de Morais,Campo Belo,6000,8493,175,4,3,2,False,4qplus_apto,34.29
893825186,Apartamento,Rua do Paraíso,Paraíso,5800,10217,162,4,4,2,False,4qplus_apto,35.8
895197573,Apartamento,Rua Vanderlei,Pompeia,12660,17648,238,4,5,3,False,4qplus_apto,53.19
894879583,Apartamento,Rua João Luís Vives,Vila Mariana,12237,20109,300,5,6,4,True,4qplus_apto,40.79
893247603,Apartamento,Rua Saturno,Liberdade,5734,8951,170,5,4,2,False,4qplus_apto,33.73
894809293,Apartamento,Rua René Zamlutti,Jardim Vila Mariana,18000,30673,342,4,5,4,False,4qplus_apto,52.63
895428238,Apartamento,R Itapaiuna,Vila Andrade,30000,42313,400,4,6,5,True,4qplus_apto,75.0
895476631,Apartamento,Rua Paracuê,Sumaré,10900,18433,214,4,3,4,False,4qplus_apto,50.93
894291441,Apartamento,Rua Padre Landell de Moura,Jardim Analia Franco,15500,21598,246,4,5,5,False,4qplus_apto,63.01
894651889,Apartamento,Rua Cruz E Souza,Aclimação,10000,15577,210,4,3,3,True,4qplus_apto,47.62
895395790,Apartamento,Rua Azevedo Soares,Vila Gomes Cardim,7760,11159,156,4,5,3,True,4qplus_apto,49.74
895101874,Apartamento,Rua Itapaiúna,Jardim Morumbi,25000,32173,270,5,6,4,False,4qplus_apto,92.59
895365359,Apartamento,Rua Tabapuã,Itaim Bibi,25000,29898,238,5,3,2,True,4qplus_apto,105.04
895084488,Apartamento,Rua Sampaio Viana,Paraíso,20000,27564,230,4,4,3,True,4qplus_apto,86.96
894775362,Apartamento,Rua Diogo de Quadros,Santo Amaro,4740,5679,131,4,2,1,True,4qplus_apto,36.18
895468465,Apartamento,Alameda dos Guaramomis,Planalto Paulista,15000,21502,220,4,5,3,True,4qplus_apto,68.18
895440779,Apartamento,Rua Itajara,Vila Andrade,18000,21495,200,4,6,3,True,4qplus_apto,90.0
895478046,Apartamento,Avenida Giovanni Gronchi,Vila Andrade,3795,7992,256,4,3,4,False,4qplus_apto,14.82
895461056,Apartamento,Rua Princesa Isabel,Brooklin,15300,20100,167,4,5,3,True,4qplus_apto,91.62
892959968,Apartamento,Avenida Angélica,Consolação,16000,24419,400,5,3,2,False,4qplus_apto,40.0
895479110,Apartamento,Avenida Angélica,Santa Cecilia,10000,15646,300,4,4,2,True,4qplus_apto,33.33
893694444,Apartamento,Alameda Barão Limeira,Campos Elíseos,9000,10923,186,4,2,3,False,4qplus_apto,48.39
893372408,Apartamento,Rua Apinajés,Perdizes,9440,14557,190,4,4,3,False,4qplus_apto,49.68
893551660,Apartamento,Rua Manuel de Sousa,Santana,3078,5470,165,4,4,2,False,4qplus_apto,18.65
894891195,Apartamento,Rua da Meação,Vila Regente Feijó,5570,10035,170,4,5,3,True,4qplus_apto,32.76
894123319,Apartamento,Avenida João Xxiii,Vila Formosa,4080,6727,185,4,4,3,False,4qplus_apto,22.05
893598440,Apartamento,Rua Antonio Gomes,Vila Ivone,5000,5493,120,4,2,0,False,4qplus_apto,41.67
895609111,Apartamento,Alameda Barros,Santa Cecilia,8000,11726,220,4,3,1,False,4qplus_apto,36.36
892831596,Apartamento,Avenida Professor Alceu Maynard Araújo,Vila Cruzeiro,9000,12998,190,4,3,2,False,4qplus_apto,47.37
895315245,Apartamento,Rua Sabará,Higienópolis,13930,18551,370,4,5,2,True,4qplus_apto,37.65
895518289,Apartamento,Rua Voluntários da Pátria,Santana,4250,5499,80,4,2,2,True,4qplus_apto,53.12
895471899,Apartamento,Rua Armindo Guaraná,Água Rasa,12700,16973,240,4,5,4,False,4qplus_apto,52.92
894741572,Apartamento,Rua Gabriele D’annunzio,Campo Belo,26000,32793,288,4,5,4,True,4qplus_apto,90.28
893363433,Apartamento,Rua Camilo Nader,Vila Morumbi,17000,24486,306,4,5,4,False,4qplus_apto,55.56
893605165,Apartamento,Rua Frederico Guarinon,Jardim Ampliação,10200,12633,160,4,5,2,False,4qplus_apto,63.75
895445298,Apartamento,Avenida Giovanni Gronchi,Vila Andrade,3060,7189,178,4,3,3,True,4qplus_apto,17.19
892816689,Apartamento,Rua São Carlos do Pinhal,Bela Vista,4700,6919,134,4,1,1,False,4qplus_apto,35.07
893240705,Apartamento,Avenida Alfredo Zunkeller,Parque Mandaqui,4700,6931,136,4,5,2,True,4qplus_apto,34.56
895291457,Apartamento,Rua Doutor James Ferraz Alvim,Vila Suzana,2970,5734,127,4,2,2,False,4qplus_apto,23.39
895558412,Apartamento,Rua Doutor Rafael Correia,Água Branca,27000,30642,184,4,4,3,False,4qplus_apto,146.74
895548922,Apartamento,Rua Aimberê,Perdizes,12000,17333,267,5,3,3,False,4qplus_apto,44.94
895527679,Apartamento,Rua do Estilo Barroco,Santo Amaro,8000,13559,240,5,5,4,True,4qplus_apto,33.33
895558992,Apartamento,Rua Visconde de Taunay,Vila Cruzeiro,7000,9315,120,4,3,3,False,4qplus_apto,58.33
895528562,Apartamento,Rua do Estilo Barroco,Chácara Santo Antônio,6467,12249,300,4,5,4,True,4qplus_apto,21.56
895595902,Apartamento,Rua Cândido Lacerda,Vila Regente Feijó,33000,39190,280,4,6,5,True,4qplus_apto,117.86
892810923,Apartamento,Avenida Onze de Junho,Vila Clementino,14000,16732,147,4,4,2,True,4qplus_apto,95.24
893821449,Apartamento,Rua Pereira da Nóbrega,Vila Monumento,4500,6666,108,4,4,2,False,4qplus_apto,41.67
894739219,Apartamento,Rua Deputado Laércio Corte,Paraíso do Morumbi,13750,21156,288,4,4,4,True,4qplus_apto,47.74
895122503,Apartamento,Rua Emílio Mallet,Vila Gomes Cardim,17000,21656,265,4,5,4,True,4qplus_apto,64.15
895058853,Apartamento,Rua Manuel da Nóbrega,Paraíso,6000,10570,162,4,2,2,False,4qplus_apto,37.04
893337758,Apartamento,Rua Professor Pedreira de Freitas,Chácara Santo Antônio (zona Leste),3997,9651,300,4,4,4,False,4qplus_apto,13.32
894659227,Apartamento,Rua Domenico Perotti,Jardim Fonte do Morumbi,12070,19920,278,4,7,4,False,4qplus_apto,43.42
895328850,Apartamento,Avenida da Invernada,Vila Congonhas,8450,10976,137,4,4,2,True,4qplus_apto,61.68
895598348,Apartamento,Rua Conceição de Monte Alegre,Cidade Monções,30000,36325,260,4,4,3,False,4qplus_apto,115.38
895379908,Apartamento,Rua Jorge Americano,Lapa,25000,35381,574,4,5,8,True,4qplus_apto,43.55
895251813,Apartamento,Rua Camillo Nader,Vila Morumbi,15000,16254,280,4,4,4,False,4qplus_apto,53.57
893534434,Apartamento,Avenida José Galante,Vila Suzana,7600,12897,236,4,3,4,False,4qplus_apto,32.2
892807591,Apartamento,Avenida Zelina,Vila Zelina,6135,10660,280,4,5,3,True,4qplus_apto,21.91
894597112,Apartamento,Rua Itaiteva,Jardim Ampliacao,7500,10870,197,4,6,3,False,4qplus_apto,38.07
894794841,Apartamento,Rua Emílio Mallet,Vila Gomes Cardim,9750,15655,285,4,5,5,True,4qplus_apto,34.21
894870340,Apartamento,Rua Cambembé,Vila Gomes Cardim,4125,7024,110,4,3,2,False,4qplus_apto,37.5
894927425,Apartamento,Rua Rodrigo Cláudio,Liberdade,13500,22687,370,4,6,4,False,4qplus_apto,36.49
894523128,Apartamento,Rua Princesa Isabel,Brooklin,18750,29703,911,4,6,4,True,4qplus_apto,20.58
895039424,Apartamento,Rua Vitor Costa,Bosque da Saúde,9344,16789,580,4,6,5,True,4qplus_apto,16.11
894514097,Apartamento,Rua São Vicente de Paulo,Santa Cecília,12000,19079,186,4,4,3,False,4qplus_apto,64.52
895241972,Apartamento,Rua Antônio Lobo,Penha de França,5000,10606,289,5,5,3,True,4qplus_apto,17.3
895025176,Apartamento,Rua do Estilo Barroco,Chácara Santo Antônio,6289,12241,300,4,6,4,True,4qplus_apto,20.96
895395457,Apartamento,Rua Maranhão,Higienópolis,16000,23617,413,4,6,3,True,4qplus_apto,38.74
894821146,Apartamento,Rua Francisca Júlia,Santana,5000,8043,154,4,3,3,False,4qplus_apto,32.47
895185634,Apartamento,Rua Francisco José da Silva,Vila Andrade,4000,8021,174,4,4,3,False,4qplus_apto,22.99
895146826,Apartamento,Rua Piracuama,Perdizes,20000,27076,420,4,5,3,True,4qplus_apto,47.62
892946389,Apartamento,Rua Consolação,Cerqueira César,8500,12484,156,4,3,2,False,4qplus_apto,54.49
892827853,Apartamento,Rua Copacabana,Santa Teresinha,5586,10176,262,4,5,4,False,4qplus_apto,21.32
895256922,Apartamento,Rua Indiana,Brooklin,15300,19650,210,4,3,2,False,4qplus_apto,72.86
892803704,Apartamento,Rua Marechal Hastinfilo de Moura,Vila Suzana,5500,10250,200,4,4,2,True,4qplus_apto,27.5
892864607,Apartamento,Rua Raimundo Simão de Souza,Vila Suzana,7500,13821,227,4,4,3,False,4qplus_apto,33.04
895597349,Apartamento,Rua Coriolano,Vila Romana,7000,9573,126,4,3,2,False,4qplus_apto,55.56
895283144,Apartamento,Rua Augusta,Cerqueira César,6500,8867,102,4,2,0,True,4qplus_apto,63.73
894189773,Apartamento,Rua Dom Duarte Leopoldo,Cambuci,3150,4140,82,4,2,1,False,4qplus_apto,38.41
895482639,Apartamento,Rua Guararapes,Brooklin,4900,8272,148,4,4,3,True,4qplus_apto,33.11
894100189,Apartamento,Rua Conselheiro Moreira de Barros,Santana,3280,4947,175,4,3,1,False,4qplus_apto,18.74
893909336,Apartamento,Avenida dos Imarés,Indianópolis,9500,12118,91,4,2,2,False,4qplus_apto,104.4
895352561,Apartamento,Rua São Jorge,Cerâmica,11000,12924,135,4,3,2,False,4qplus_apto,81.48
892800136,Apartamento,Rua Rafael Correa Sampaio,Santa Paula,10000,12833,300,4,5,2,False,4qplus_apto,33.33
895104999,Apartamento,Rua Rio Grande do Sul,Santo Antônio,13500,18370,248,4,5,4,False,4qplus_apto,54.44
895293012,Apartamento,Avenida Paulo Faccini,jardim maia,5500,8327,168,4,5,2,False,4qplus_apto,32.74
894434672,Apartamento,Rua Conselheiro Lafayette,Santa Paula,8000,9851,195,5,6,4,False,4qplus_apto,41.03
894513667,Apartamento,Rua Manoel Coelho,Santo Antônio,3650,5424,222,4,2,2,False,4qplus_apto,16.44
893971130,Apartamento,Rua Rafael Corrêa Sampaio,Santa Paula,15000,20203,450,4,6,6,False,4qplus_apto,33.33
894357666,Apartamento,Rua Doze de Maio,Vila Galvão,3000,4221,200,4,4,2,False,4qplus_apto,15.0
895037151,Apartamento,Rua José Benedetti,Santo Antônio,25000,28648,243,4,6,4,False,4qplus_apto,102.88
892826743,Apartamento,Rua Itaverava,Camargos,8500,12346,285,4,4,4,False,4qplus_apto,29.82
895189270,Apartamento,Rua Marret,Vila Progresso,9630,14447,220,4,4,4,False,4qplus_apto,43.77
894582641,Apartamento,Avenida Paulo Faccini,Macedo,7000,9870,168,4,5,2,False,4qplus_apto,41.67
895032868,Apartamento,Rua Anhangüera,Vila Curuçá,4000,4424,130,4,4,2,False,4qplus_apto,30.77
895468467,Apartamento,Ruaarchinto Ferrari,Santo Antônio,5184,7134,135,4,4,3,False,4qplus_apto,38.4
894389162,Apartamento,Rua Capeberibe,Barcelona,6695,9265,206,4,3,2,False,4qplus_apto,32.5
894063395,Apartamento,Avenida Paulo Faccini,Macedo,8000,10308,190,4,3,2,False,4qplus_apto,42.11
895371800,Apartamento,Rua Antônio Gomes,Vila Santo Antonio,6650,8372,114,4,4,2,False,4qplus_apto,58.33
895565073,Apartamento,Rua Itaverava,Camargos,12500,16882,250,4,5,4,False,4qplus_apto,50.0
893143160,Apartamento,Rua Nilo Peçanha,Santa Paula,6200,8730,240,4,5,2,True,4qplus_apto,25.83
895521488,Apartamento,Rua João Ribeiro,Campestre,7200,10197,182,4,5,4,True,4qplus_apto,39.56
895335702,Apartamento,Rua Francisco Rodrigues Gasques,Macedo,8500,10620,174,4,5,3,True,4qplus_apto,48.85
895430807,Apartamento,Rua Francisco Bondanca,Vila Augusta,10000,12498,143,4,3,2,True,4qplus_apto,69.93
894323990,CasaCondominio,Rua Doutor Alberto Lyra,Jardim Panorama,8800,14672,180,4,5,5,False,4qplus_condo,48.89
892851993,CasaCondominio,Rua Lituânia,Alto da Mooca,5625,6014,120,4,2,2,False,4qplus_condo,46.88
895587103,CasaCondominio,Rua Doutor Barachísio Lisboa,Sumarezinho,19500,21462,300,4,3,2,False,4qplus_condo,65.0
894774203,CasaCondominio,Rua Diogo Pereira,Super Quadra Morumbi,25000,31071,650,4,7,6,False,4qplus_condo,38.46
894568372,CasaCondominio,Rua Nossa Senhora do Bom Conselho,Chacara Nossa Senhora do Bom Conselho,8000,9517,300,4,5,5,False,4qplus_condo,26.67
894923264,CasaCondominio,Rua David Ben Gurion,Jardim Monte Kemel,17000,20056,230,4,4,3,False,4qplus_condo,73.91
892872423,CasaCondominio,Rua Itapaiuna,Jardim Morumbi,13000,17666,497,4,5,5,True,4qplus_condo,26.16
894893961,CasaCondominio,Rua Padre Adelino,Quarta Parada,5900,6150,150,4,3,2,False,4qplus_condo,39.33
895498780,CasaCondominio,Rua Miranda Guerra,Jardim Petropolis,16850,25207,853,4,5,8,False,4qplus_condo,19.75
895484328,CasaCondominio,Rua Doutor Celso Dario Guimarães,Jardim Morumbi,7213,13969,250,4,5,3,True,4qplus_condo,28.85
895507227,CasaCondominio,Rua Vicente Leporace,Campo Belo,27000,32782,431,4,5,4,False,4qplus_condo,62.65
894964772,CasaCondominio,Alameda Rainha Santa,Vila Carrão,7999,10715,290,5,6,4,False,4qplus_condo,27.58
895210757,CasaCondominio,Rua Amaral Gama,Santana,15550,18480,320,5,5,4,True,4qplus_condo,48.59
894983486,CasaCondominio,Alameda Calcutá,Chácara Santo Antônio (Zona Sul),9800,11796,258,4,4,3,False,4qplus_condo,37.98
895334805,CasaCondominio,Rua Julieta Espírito Santo Pinheiro,Vila Albano,10000,11624,247,4,5,3,False,4qplus_condo,40.49
895611767,CasaCondominio,Rua Nelo Viviani,Vila da Saúde,4200,4778,130,4,2,1,False,4qplus_condo,32.31
895147093,CasaCondominio,Rua do Símbolo,Jardim Ampliacao,6500,9132,200,4,3,2,False,4qplus_condo,32.5
894131835,CasaCondominio,Rua Álvares Florence,Butantã,16000,18845,420,4,6,5,False,4qplus_condo,38.1
894142552,CasaCondominio,Rua Victor Brecheret,Vila Mariana,16000,18679,300,6,7,7,False,4qplus_condo,53.33
894772886,CasaCondominio,Rua Antônio de Souza Campos,Vila Matilde,6780,7810,900,8,8,8,False,4qplus_condo,7.53
895607071,CasaCondominio,Rua Pedrolândia,Vila Pedra Branca,5000,6679,169,5,4,2,False,4qplus_condo,29.59
893478329,CasaCondominio,Rua Diogo Pereira,Super Quadra Morumbi,18750,26536,670,4,8,4,False,4qplus_condo,27.99
894223749,CasaCondominio,Avenida Nova Cantareira,Tucuruvi,13500,17032,450,4,8,6,False,4qplus_condo,30.0
893083483,CasaCondominio,Rua do Símbolo,Jardim Ampliação,7000,11887,500,4,4,6,False,4qplus_condo,14.0
895425175,CasaCondominio,Avenida João Xxiii,Vila Formosa,21000,23991,1459,12,10,20,True,4qplus_condo,14.39
895301494,CasaCondominio,Rua Dentista Barreto,Vila Carrão,10000,15509,450,4,5,6,False,4qplus_condo,22.22
895513683,CasaCondominio,Rua José Gambarini,Jardim Cordeiro,18000,22613,458,4,5,5,False,4qplus_condo,39.3
895420912,CasaCondominio,Rua do Símbolo,Jardim Ampliacao,11500,15722,394,4,3,4,False,4qplus_condo,29.19
895566377,CasaCondominio,Rua Paulo Hallage,Carandiru,5000,5279,120,4,3,1,False,4qplus_condo,41.67
892852749,CasaCondominio,Rua Evangelina de Toledo Piza Wodianer,Jardim Petrópolis,10404,14089,216,4,5,2,False,4qplus_condo,48.17
895481373,CasaCondominio,Rua Tibiriçá,Brooklin,11900,18202,220,4,4,2,False,4qplus_condo,54.09
894808015,CasaCondominio,Avenida Guilherme Giorgi,Vila Carrão,4990,6292,105,4,3,2,False,4qplus_condo,47.52
895413219,CasaCondominio,Rua João Álvares Soares,Campo Belo,24000,30070,378,6,8,4,True,4qplus_condo,63.49
895423102,CasaCondominio,Rua David Pimentel,Fazenda Morumbi,26000,27103,810,4,8,4,True,4qplus_condo,32.1
895510775,CasaCondominio,Rua Júlio Verne,Jardim Hipico,11530,12236,582,4,4,5,False,4qplus_condo,19.81
893226751,CasaCondominio,Rua do Símbolo,Jardim Ampliacao,7500,12769,440,4,5,6,True,4qplus_condo,17.05
894762913,CasaCondominio,Rua Corgie Assad Abdalla,Vila Sonia,12000,22693,523,4,6,4,False,4qplus_condo,22.94
895491644,CasaCondominio,Rua Antônio Aggio,Vila Andrade,7590,9762,180,4,4,2,False,4qplus_condo,42.17
895083005,CasaCondominio,Rua Nossa Senhora do Bom Conselho,Chácara Nossa Senhora do Bom Conselho,8500,11569,300,4,3,5,False,4qplus_condo,28.33
